:020000040800F2
:1000000048AC00206D020008012B000845270008BD
:10001000492A0008CF130008F13D00080000000045
:10002000000000000000000000000000AD0100081A
:10003000291B000800000000090200089938000888
:10004000870200088702000887020008870200086C
:100050008702000887020008DD1C0008891D0008CF
:100060008702000887020008D51D000887020008E3
:10007000870200088702000887020008870200083C
:1000800087020008870200088702000800000000BD
:1000900000000000000000000000000087020008CF
:1000A000870200088702000887020008870200080C
:1000B00021390008C53900088702000887020008B6
:1000C00087020008870200088702000887020008EC
:1000D00087020008870200088D3B0008000000002E
:1000E000411D000887020008870200080000000088
:1000F000000000000000000000000000870200086F
:10010000000000008702000887020008870200083C
:1001100000000000000000000000000000000000DF
:10012000E913000887020008870200088702000818
:10013000870200080000000000000000000000002E
:10014000000000000000000000000000870200081E
:10015000870200088702000887020008870200085B
:10016000870200088702000800000000000000006D
:10017000000000000000000000000000000000007F
:1001800000000000870200080000000000000000DE
:100190008702000887020008DFF80CD000F0E0FBBF
:1001A00000480047695B000848AC00202C4B1968E8
:1001B0000868B0E8F04F80F30988BFF36F8F4FF005
:1001C000000080F3118870470000000008480068B4
:1001D000006880F308884FF0000080F3148862B64E
:1001E00061B6BFF34F8FBFF36F8F00DF00BF00BF5B
:1001F00008ED00E0DFF80C00016841F470010160D7
:10020000704700BF88ED00E0EFF30980BFF36F8F08
:10021000134B1A681EF0100F08BF20ED108A20E95A
:10022000F04F106009B44FF0BF0080F31188BFF3A6
:100230004F8FBFF36F8F07F0D5FB4FF0000080F3B7
:10024000118809BC19680868B0E8F04F1EF0100F5B
:1002500008BFB0EC108A80F30988BFF36F8F704736
:10026000E0000020EFF3058070470000064880475B
:1002700006480047FEE7FEE7FEE7FEE7FEE7FEE78B
:10028000FEE7FEE7FEE7FEE7C53800089901000833
:1002900040EA01039B0703D009E008C9121F08C008
:1002A000042AFAD203E011F8013B00F8013B521E88
:1002B000F9D27047D2B201E000F8012B491EFBD2FF
:1002C00070470022F6E710B513460A460446194661
:1002D000FFF7F0FF204610BD10B5002200E0521CD1
:1002E000835C8C5CA34201D1002BF8D1D8B2E1B27F
:1002F000401A10BD2DE9FE4F804681EA0300C00F71
:100300000C46009021F0004123F00045B8EB0200BC
:10031000A94105D24046214690461C460B4602465E
:1003200023F00040104347D0270DC7F30A00C3F362
:100330000A510290401A019040286BDAC3F313006F
:1003400040F4801B0098924620B10023D2EB030AB0
:1003500063EB0B0B01985946C0F14002504600F088
:1003600022FA06460D4650465946019A00F03AFADE
:1003700010EB08006141002487EA115284EAE77318
:100380001A4340D0009A62B3019A012A4FEA0752F9
:1003900015DC001B61EB02014FF0004202EA07523C
:1003A000CDE90042001C41F5801132462B4600F099
:1003B00071FA03B0BDE8F08F40462146F9E7001B13
:1003C00061EB0201001C41F5801300185B4120180D
:1003D000A2F5001747EB030140EAD570B6196D414D
:1003E00011E06D084FEA360645EAC0754FEA07523C
:1003F000001B61EB0201001C41F5801149084FEA26
:1004000030000019514132462B4603B0BDE8F04F91
:1004100000F031BA0098012240000023D0EB020224
:1004200063EBE073009821464FEAE074B8EB0000FC
:1004300061EB0401E9E783F000435BE781F00041F1
:1004400058E72DE9FE4F81EA030404F0004421F04F
:10045000004100944FF0000B23F0004350EA0104E8
:100460005ED052EA03045BD0C3F30A54C1F30A55C9
:100470002C44A4F2F3340194A0FB0254C1F3130101
:1004800041F48011C3F3130343F4801301FB0244CE
:1004900000FB034E840A970A44EA815447EA8357D3
:1004A000A4FB076802958D0A05FB07854FEA932C8C
:1004B00004FB0C542705029D4FEA065847EA1637FD
:1004C000B5EB08056EEB070C870E920E47EA811715
:1004D00042EA8312A7FB0201B6EB0B0164EB0004B6
:1004E0002B0D43EA0C335E1844EB1C50DA465146A0
:1004F000E7FB0201C5F313044FEA0B3343EA14533D
:100500004FEA0432019C43EA0603A4F10C0402946E
:10051000009CCDE900B400F0BDF903B0BDE8F08F58
:1005200000200146F9E72DE9F04D81EA030404F0CB
:10053000004B21F0004514464FF0000A23F0004123
:1005400050EA050220D054EA01021DD0C5F30A5733
:100550000246C5F31303C1F31300C1F30A5640F476
:10056000801543F48013A7EB0608101BD64608F24B
:10057000FD3873EB050002D308F1010801E0921881
:100580005B41B8F1000F03DA00200146BDE8F08DB1
:1005900000204FF48011064684460EE0171B73EBD3
:1005A000050705D3121B63EB050306434CEA010C58
:1005B00049084FEA300092185B4150EA0107EDD13B
:1005C00052EA030012D082EA040083EA05010843DC
:1005D00005D0101BAB4106D20122002306E0002209
:1005E0004FF0004302E06FF0010253101AEB0600D7
:1005F0004CEB085110EB0A0041EB0B01BDE8F04D4C
:1006000000F039B90EB5C10F80EAE0700844CA079E
:10061000002140F233438DE80E000A460B4600F0FD
:1006200039F903B000BD0EB540F23341029100210B
:10063000CDE900110A460B4600F02CF903B000BDCD
:1006400070B5C1F30A5201F000450024C1F3130153
:1006500040F2FF3341F480119A4201DA002070BD6C
:1006600040F233439A42A2F2334203DC524200F09A
:10067000A9F800E090402C43F1D0404270BD00004A
:1006800030B5041E71F1000404DB4FF00044404219
:1006900064EB0101141E73F1000405DB1C464FF0EE
:1006A0000043524263EB04038B4208BF824230BDD9
:1006B00030B5041E71F1000404DB4FF000444042E9
:1006C00064EB0101141E73F1000405DB1C464FF0BE
:1006D0000043524263EB0403994208BF904230BD8D
:1006E00001F0004330B421F0004150EA010206D08D
:1006F0000A0DA2F56072C1F31301002A02DC30BCBE
:1007000000207047440F44EAC104C100E01830BC27
:1007100000EBC25000F078B830B50B46014600201F
:100720002022012409E021FA02F59D4205D303FAB3
:1007300002F5491B04FA02F52844151EA2F1010234
:10074000F1DC30BD2DE9F05F0546002092469B4666
:1007500088460646814640241BE0284641464746D7
:10076000224600F02FF853465A46C01A914110D342
:1007700011461846224600F016F82D1A67EB0108BC
:100780004F4622460120002100F00DF817EB00092A
:100790004E41201EA4F10104DFDC484631462A46C2
:1007A0004346BDE8F09F202A04DB203A00FA02F11C
:1007B000002070479140C2F1200320FA03F319434F
:1007C00090407047202A04DB203A21FA02F00021F1
:1007D000704721FA02F3D040C2F120029140084351
:1007E00019467047202A06DBCB17203A41FA02F05F
:1007F00043EAE07306E041FA02F3D040C2F120027E
:1008000091400843194670470029A8BF7047401C13
:10081000490008BF20F00100704710B4B0FA80FC16
:1008200000FA0CF050EA010404BF10BC704749B153
:10083000CCF1200421FA04F411FA0CF118BF0121C3
:1008400021430843A3EB0C01CB1D4FEA00614FEAA3
:10085000102042BF002010BC704700EBC350104472
:100860000029A4BF10BC7047401C490008BF20F0FD
:10087000010010BC704710B5141E73F1000408DAB3
:10088000401C41F1000192185B411A4301D120F054
:10089000010010BD2DE9F04D92469B4611B1B1FA11
:1008A00081F202E0B0FA80F220329046FFF77BFF3F
:1008B00004460F4640EA0A0041EA0B0153465A46F5
:1008C000084313D0114653EA010019D0C8F1400281
:1008D0005046FFF777FF05460E46504659464246BA
:1008E000FFF761FF084305D0012004E020463946A8
:1008F000BDE8F08D0020054346EAE0762C433743FF
:100900000A986305E40AA0EB08000022FD0A44EA05
:1009100047540A3002D500200146E9E701051019C5
:100920006941DDE9084500196941BDE8F04DA2E7DC
:10093000C1F30A52C1F3130140F2FF3341F48011B5
:100940009A4202DA00200146704740F233439A424D
:10095000A2F2334202DC5242FFF734BFFFF723BF5B
:10096000064C074D06E0E06840F0010394E80700FC
:1009700098471034AC42F6D3FFF712FCCCA0000825
:10098000ECA0000870B58C1810F8015B15F0070397
:1009900001D110F8013B2A1106D110F8012B03E018
:1009A00010F8016B01F8016B5B1EF9D12B0705D420
:1009B0000023521E0DD401F8013BFAE710F8013B69
:1009C000CB1A921C03E013F8015B01F8015B521E85
:1009D000F9D5A142D8D3002070BD000010B58CB06D
:1009E0000121080202F01EFC0121084602F0FEFB74
:1009F00003208DF82C0002200A9000248DF82F404F
:100A00000AA9214801F0BCFB03F0D8FF00F0FAF876
:100A100002F0CAF806944FF4804008904FF47060DA
:100A200009904FF48030079006A800F03FF88DF849
:100A3000054004944FF0106003904FF080500290F6
:100A400001208DF8140000948DF804400F4C694685
:100A5000204600F057F80121204600F047F8012316
:100A60001A461946204600F073F80121204600F08E
:100A700031F80121204600F00DF80121044802F070
:100A8000E8FF0CB010BD0000000002400020014053
:100A900000080040002904D0816841F00101816014
:100AA0007047816821F001018160704710B5074CE3
:100AB000226807490A40D0E900131943D0E90230FF
:100AC000034319431143216010BD0000042301407A
:100AD000E030FCFF002904D0816841F4807181601E
:100AE0007047816821F4807181607047002904D0CB
:100AF000816841F4007181607047816821F4007160
:100B00008160704730B542680F4B1A400C790B6812
:100B100042EA04221343436083680C4A1340D1E93C
:100B2000034222434D798C6844EA450422431A4328
:100B30008260C26A22F47002097D491EC9B242EA8B
:100B40000151C16230BD0000FFFEFFFCFDF7FFC098
:100B500070B5072609290AD9C568A1F10A0404EB72
:100B60004404A640B543A3401D43C56007E00569A2
:100B700001EB4104A640B543A3401D4305611F237B
:100B8000072A09D2446B521E02EB820293409C4317
:100B900091400C43446370BD0D2A09D2046BD21FEF
:100BA00002EB820293409C4391400C43046370BD6E
:100BB000C46A0D3A02EB820293409C4391400C437D
:100BC000C46270BD7CB50121022002F00FFB4FF41E
:100BD0008054009401208DF8040000208DF8060058
:100BE00002228DF805208DF80700054D694628463C
:100BF00001F0C6FA2146284601F01AFB7CBD000030
:100C00000004024010B590B00121880502F0EEFA10
:100C100001A800F01DFD0020019004901B490391E4
:100C20004FF4806107911E2105914FF480710A9164
:100C3000174902910690C914089189000991090188
:100C40000B910C90134C01A9204600F0D7FC0F49E2
:100C500000223C31204600F079FC0121204600F0C2
:100C600069FC0D49204600F02DFC01221021204690
:100C700000F0AAFC01220821204600F0A5FC012179
:100C8000204600F04BFC10B010BD0000A4A30020D3
:100C90004C200140106402403D00801000F00F0124
:100CA000000900EB800001EB4000C0B2704710B5B6
:100CB000B621E02000F080FB08B1012010BD0A2021
:100CC00006F056FD00F0DEFA0121F22000F074FB80
:100CD0009021F52000F070FB6C21F42000F06CFBFB
:100CE000002010BD2DE9F74F82462DED108B84B00A
:100CF00016466F21F42000F05FFB082202A9F720BE
:100D000000F054FB9FEDFBDB9FEDFCEB9FEDFDCB7B
:100D1000FE4C28B1012004B0BDEC108BBDE8FE8F65
:100D20009DF808009DF80910000340EA01109DF8A5
:100D30000A1040EA111B9DF80B009DF80C100003EF
:100D400040EA01109DF80D1040EA11179DF80F00C0
:100D50009DF80E1040EA01200190B4F90200FFF75F
:100D600051FC41EC180B2088FFF75DFC89460546D5
:100D70009FEDE71B53EC112BFFF763FB41EC190BC5
:100D80003846FFF73FFC8846074653EC1D2BFFF71C
:100D900058FB53EC192BFFF74EFB53EC182BFFF7C6
:100DA00050FB41EC180BB4F90400FFF72BFC41ECAD
:100DB000190B49EC105B9FEDD8BB51EC100B53ECB9
:100DC0001B2BFFF73EFB41EC1A0B48EC107B9FED11
:100DD000D4FB51EC100B53EC1F2BFFF732FB53EC01
:100DE0001A2BFFF728FB49EC105B41EC1A0B53EC74
:100DF0001B2B51EC100BFFF724FB48EC107B41EC54
:100E00001B0B53EC1F2B51EC100BFFF71AFB53EC91
:100E10001B2BFFF710FB53EC1A2BFFF712FB53ECC5
:100E2000192BFFF70EFB41EC100B51EC180B53EC98
:100E3000102BFFF75FFA0F460546FFF701FC6062D3
:100E400047EC105B9FEDB81B51EC100B53EC112BD2
:100E5000FFF769FB41EC100B51EC100BFFF740FC66
:100E6000CAF80000606AFFF7CDFB9FEDB11B53ECA1
:100E7000112BFFF7E6FA9FEDB01B53EC112BFFF798
:100E8000DAFA41EC180BB4F91000FFF7BBFB41ECA8
:100E9000190B53EC182B51EC180BFFF7D2FA53EC4B
:100EA000192BFFF7CEFA53EC1E2BFFF7CAFA41ECD1
:100EB000190BB4F90E00FFF7A5FB53EC182BFFF745
:100EC000C0FA9FED9F1B53EC112BFFF7BAFA53ECBE
:100ED000192BFFF70FFA41EC1A0BB4F90C00FFF7CE
:100EE00091FB9FED991B53EC112BFFF7AAFA41ECF4
:100EF000190B9FED970B51EC1A0B53EC102BFFF7CE
:100F0000A0FA53EC192BFFF7F5F941EC1F0BB4F9DC
:100F10000800FFF777FB53EC182BFFF792FA41EC30
:100F2000190BB4F90A00FFF76DFB53EC182BFFF710
:100F300088FA53EC182BFFF784FA53EC1C2BFFF7BD
:100F400080FA53EC192BFFF7D5F953EC1C2BFFF764
:100F500078FA41EC190BE088FFF765FB41EC180BC0
:100F600053EC1E2B51EC190BFFF76BFA9FED7AAB8C
:100F700053EC1A2BFFF7BEF953EC182BFFF761FA6D
:100F800041EC190B9FED76BB51EC190B53EC1B2B6D
:100F9000FFF776FB04D19FED740A86ED000A65E049
:100FA0005846FFF72FFB9FED711B53EC112BFFF7FA
:100FB00045FA41EC180B9FED6F0B51EC1F0B53ECF6
:100FC000102BFFF73EFA53EC182BFFF737FA9FED83
:100FD0006B1B53EC112BFFF734FA53EC192BFFF773
:100FE000A2FA41EC190BB4F91600FFF70BFB53EC16
:100FF000192BFFF726FA53EC192BFFF722FA9FED76
:10100000611B53EC112BFFF71CFA41EC180BB4F9E0
:101010001400FFF7F7FA53EC192BFFF712FA53EC11
:101020001E2BFFF70EFA41EC1F0BB4F91200FFF76D
:10103000E9FA41EC1E0B53EC1F2B51EC180BFFF798
:1010400059F953EC1E2BFFF755F99FED501B53EC4C
:10105000112BFFF7F6F953EC192BFFF74BF941EC85
:10106000100B51EC100BFFF73BFB3060606AFFF791
:10107000C9FA9FED481B53EC112BFFF7DCF941EC4B
:10108000190B207FFFF7CFFA9FED44EB53EC1E2B9B
:10109000FFF7D7F953EC192BFFF7D3F953EC1A2BC1
:1010A000FFF728F941EC180B94F92200FFF7AAFA90
:1010B00053EC1E2BFFF7C5F953EC192BFFF7C1F9C1
:1010C00053EC182BFFF7BDF953EC1A2BFFF712F96D
:1010D00041EC180BB4F91A00FFF794FA9FED311B9D
:1010E00053EC112BFFF7ADF953EC182BFFF7A9F9CF
:1010F0005CE00000000000000000103F0000000065
:101100000000003F000000000000C03E1CA40020C2
:10111000000000000000503F000000000000203FE1
:10112000000000000000E03E000000000000B440AD
:10113000000000000000E03F000000000040EF4021
:101140000000000000000040000000000000F0402F
:10115000000000000000D03F000000000000F03F51
:10116000000000000000000000000000000000007F
:1011700000003041000000000000303F000000008F
:10118000006AB840000000000000003E00000000BF
:101190000000B03F0000000000C0F240000000006E
:1011A0000000503E000000000000F03E41EC180B33
:1011B000B4F92000FFF726FA53EC1D2BFFF741F995
:1011C00053EC192BFFF73DF941EC190BB4F91E0054
:1011D000FFF718FA9FED271B53EC112BFFF731F99E
:1011E00053EC192BFFF786F841EC190B0198FFF728
:1011F00009FA53EC192BFFF71EF953EC182BFFF7E4
:1012000020F941EC190B207EFFF70DFA53EC192B56
:10121000FFF717F953EC1C2BFFF713F953EC1A2BBC
:10122000FFF70CF953EC192BFFF70BF941EC180BF6
:101230009FED129B51EC180B53EC192BFFF738FA6A
:1012400004D2B0EE498AF0EE698A0AE053EC1B2B17
:1012500051EC180BFFF714FA03D2B0EE4B8AF0EE04
:101260006B8A51EC180BFFF73BFA159908600020C8
:1012700051E50000000000000000504000000000A8
:101280000000594010B588B0182201A9882000F04C
:101290008DF89DF804009DF805103E4C40EA0120B1
:1012A00020809DF806009DF8071040EA012060802C
:1012B0009DF808009DF8091040EA0120A0809DF8E3
:1012C0000A009DF80B1040EA0120E0809DF80C0018
:1012D0009DF80D1040EA012020819DF80E009DF838
:1012E0000F1040EA012060819DF810009DF8111058
:1012F00040EA0120A0819DF812009DF8131040EAF9
:101300000120E0819DF814009DF8151040EA0120AD
:1013100020829DF816009DF8171040EA0120608297
:101320009DF818009DF8191040EA0120A0829DF850
:101330001A009DF81B1040EA0120E0820122694654
:10134000A12000F033F89DF800002076072201A9C3
:10135000E12000F02BF89DF804009DF8051040EA0C
:10136000012060839DF8060020779DF808009DF815
:101370000720014662F31F11E1839DF8091009015E
:1013800041EA101020849DF80A0084F8220008B079
:1013900010BD00001CA4002010B56C21F42000F04A
:1013A0000BF808B1012010BD002010BD13460A46FD
:1013B0000146762003F03CBF08B58DF800008DF89B
:1013C000011002226946EC2004F038F808BDFEE75F
:1013D0000A21B0FBF1F2B0FBF1F301FB130000EBCB
:1013E0000210C0B2704700002DE9FE4F00250295A3
:1013F0000F26DFF8ACB02B4F5946384600F0BAF84C
:10140000294CDFF8A880DFF8A8A00DF10809A0B1E9
:101410005946384600F06CF8384600F0A4F8A8B3F6
:1014200024482060A8F80060CDE9005901231A463D
:101430000021DAF8000006F043FE1F4E3846314620
:1014400000F098F8A8B13146384600F051F8384617
:1014500000F089F8F8B1194820600F20A8F80000C2
:10146000CDE9005901231A460021DAF8000006F000
:1014700027FE0298002807D011494FF080500860DD
:10148000BFF34F8FBFF36F8FBDE8FE8FFFE70B48B1
:101490001E382060C6E707481E302060DDE70000E8
:1014A0001040001010640240400100204401002060
:1014B000A4000020E0A3002020800010C2A3002090
:1014C00004ED00E0074A904201D2074801E00548D8
:1014D0001038064A8B0001EA020101D5C16070474D
:1014E0008160704710640240006002407D0F7D0FF4
:1014F000074A904201D2074801E005481038064AE1
:101500008B0001EA020101D5C1607047816070471C
:1015100010640240006002407D0F7D0F002904D05E
:10152000016841F0010101607047016821F001018B
:1015300001607047002904D0016841F480210160F6
:101540007047016821F4802101607047002A04D0AF
:10155000026842F40022026003E0026822F40022E2
:10156000026001617047014600200968090300D547
:101570000120704730B500240F4A904201D20F4A33
:1015800001E00D4A103A0E4B194205D01E2303EA22
:10159000D12503682B4002E0406900F080038800F9
:1015A00001D5506800E01068064A1040084201D09A
:1015B00003B10124204630BD1064024000600240A7
:1015C0003C0F3C0F7D0F7D0F0B0609D522B14369FF
:1015D00043F08003436103E0436923F080034361E8
:1015E000802905D001F01E011AB102680A43026089
:1015F000704702688A4302607047000030B5036894
:10160000124A1340CC680A682243D1E905452C43AD
:101610002243CC6922430C6A22434C6A22438C6ADF
:1016200022434C6B22438C6B22431A430260426973
:1016300022F00703D1E90B2422431A4342610A69CD
:1016400042604A6882608968C16030BD3F801CF09A
:101650000021016041608160C1600161416181617F
:10166000C161016241628162C16201634163816360
:10167000704738B5044669460F2001F02EF908B1CD
:10168000012038BD012C03D0022C07D0022038BD28
:101690009DF8000020F00100009004E09DF800009B
:1016A00020F0020000909DF800100F2001F01BF9BF
:1016B00008B1032038BD002038BD38B504460D46BA
:1016C00069460E2001F009F908B1012038BD012C4E
:1016D00003D0022C0ED0022038BD2DB19DF80000A1
:1016E00040F00100009011E09DF8000020F00100A2
:1016F00000900BE02DB19DF8000040F0020000903A
:1017000004E09DF8000020F0020000909DF8000029
:1017100040F0040100910E2001F0E5F808B103202B
:1017200038BD002038BD70B50E4615461C46FFF783
:101730004FFE00F07F01072001F0D5F808B101202D
:1017400070BD3046FFF744FE00F07F01082001F035
:10175000CAF808B1022070BD2846FFF739FE00F034
:101760007F01092001F0BFF808B1032070BD2046B9
:10177000FFF72EFE40F080010A2001F0B4F808B116
:10178000042070BD002070BD10B50C46FFF720FE90
:1017900000F07F01082001F0A6F808B1012010BD7B
:1017A0002046FFF715FE00F07F01092001F09BF8AD
:1017B00008B1022010BD0120FFF70AFE40F08001B1
:1017C0000A2001F090F808B1032010BD002010BDE0
:1017D00070B504460A252078B0FBF5F105FB110130
:1017E000B0FBF5F001EB0010C1B22170062001F052
:1017F0007AF820B1BDE870402DA002F0FBBA607805
:10180000B0FBF5F105FB1101B0FBF5F001EB0010A9
:10181000C1B26170052001F066F820B1BDE87040EA
:1018200028A002F0E7BAA078B0FBF5F105FB1101A2
:10183000B0FBF5F001EB0010C1B2A170042001F083
:1018400052F820B1BDE8704023A002F0D3BAE0788E
:10185000B0FBF5F105FB1101B0FBF5F001EB001059
:10186000C1B2E170022001F03EF800281FD12079BA
:10187000B0FBF5F105FB1101B0FBF5F001EB001039
:10188000C1B22171012001F02EF800280FD160793A
:10189000B0FBF5F105FB1101B0FBF5F001EB001019
:1018A000C1B26171BDE87040002001F01CB870BD8C
:1018B0007365742079656172206572726F720D0AAA
:1018C00000000000736574206D6F6E74682065728F
:1018D000726F720D0A0000007365742064617920D4
:1018E0006572726F720D0A0038B5044600200090D0
:1018F0006946062000F0F1FF08B1012038BD9DF8CF
:101900000000FFF7CBF900F5FA60E080694605209A
:1019100000F0E3FF08B1022038BD9DF80000FFF79A
:10192000BDF920716946042000F0D7FF08B10320FB
:1019300038BD9DF80000FFF7B1F9E070694603205B
:1019400000F0CBFF08B1042038BD9DF80000FFF780
:10195000A5F92072002038BD38B50446002000905B
:101960006946022000F0B9FF08B1012038BD9DF89A
:101970000000FFF793F9A0706946012000F0ADFF69
:1019800008B1022038BD9DF80000FFF787F96070AC
:101990006946002000F0A1FF08B1032038BD9DF882
:1019A0000000FFF77BF92070002038BD2DE9F041E1
:1019B0000D4616461C460C2D00D90125611E07292F
:1019C00000D3012406B901260A27B0FBF7F107FB73
:1019D0001101B0FBF7F001EB0010C1B2062000F0DE
:1019E00082FF28B11EA002F005FA0120BDE8F081B7
:1019F000B5FBF7F007FB1050B5FBF7F100EB01105A
:101A0000C1B2052000F06FFF20B11AA002F0F2F978
:101A10000220EBE7B6FBF7F007FB1060B6FBF7F12F
:101A200000EB0110C1B2042000F05DFF20B116A050
:101A300002F0E0F90320D9E7B4FBF7F007FB104010
:101A4000B4FBF7F100EB0110C1B2032000F04BFF33
:101A500020B111A002F0CEF90420C7E70020C5E7AD
:101A60007365742079656172206572726F720D0AF8
:101A700000000000736574206D6F6E7468206572DD
:101A8000726F720D0A000000736574206461792022
:101A90006572726F720D0A00736574206461794F0C
:101AA000665765656B206572726F720D0A000000E3
:101AB00070B50C461546172800D900203B2C00D9DC
:101AC00001243B2D00D901250A26B0FBF6F106FBC7
:101AD0001101B0FBF6F001EB0010C1B2022000F0E2
:101AE00002FF08B1012070BDB4FBF6F006FB104008
:101AF000B4FBF6F100EB0110C1B2012000F0F3FEDF
:101B000008B1022070BDB5FBF6F006FB1050B5FB26
:101B1000F6F100EB0110C1B2002000F0E4FE08B1C4
:101B2000032070BD002070BD704700003EB501214C
:101B3000084601F069FB4FF6FF7001900B480C4915
:101B40000068B0FBF1F0401EADF800000020ADF8D9
:101B50000800ADF802004FF080446946204601F0CD
:101B6000D7FF0121204601F074FF3EBD0000002098
:101B700040420F0070B5044605F014FD0E4D287864
:101B800018B9FFF7D3FF012028704FF08040416A59
:101B900089B28210094B06E0322C04D91A60BFF3D7
:101BA0004F8FBFF36F8F456A6D1AA542F4D3BDE81E
:101BB000704005F005BD0000B000002004ED00E01D
:101BC00070B5054600244FF47A7604E03046FFF7FE
:101BD000D1FF641CA4B2AC42F8D370BD10B529206B
:101BE00000F00CF84FF6FF7101EA0024282000F005
:101BF00005F8204310BD0020AFF3008008B5002297
:101C00000092014601236A46242003F011FB08B12B
:101C1000002008BD9DF8000008BD08B58DF8000043
:101C20008DF8011002226946482003F007FC08BD28
:101C300010B5052404E06420FFF7C2FF641EE4B27F
:101C4000FFF7D9FF362801D0002CF4D12CB10021A8
:101C50000120FFF7E2FF002010BD012010BD10B5EC
:101C6000052404E06420FFF7ABFF641EE4B2FFF735
:101C7000C2FF362801D0002CF4D12CB1082101205C
:101C8000FFF7CBFF002010BD012010BD10B50524CB
:101C900004E06420FFF794FF641EE4B2FFF7ABFF9B
:101CA000362801D0002CF4D1ACB100210120FFF77F
:101CB000B4FF00210820FFF7B0FF7F210A20FFF7C3
:101CC000ACFF47210D20FFF7A8FF00210E20FFF7F2
:101CD000A4FF002010BD012010BD00001CB5002491
:101CE0000194012000F01CF9002823D006F004FB29
:101CF0000094114C024601AB0721606806F068FDB4
:101D0000019838B10D494FF080500860BFF34F8FF4
:101D1000BFF36F8F022001F059FA10B1022001F0D9
:101D20003DFA607818B90120607009202070012008
:101D300000F07AF81CBD00004801002004ED00E02E
:101D400070B54FF48065284600F0EAF8012438B1F8
:101D50000B48417809B944700470284600F064F8D3
:101D60004FF40055284600F0DBF8002806D005485F
:101D700004702846BDE8704000F056B870BD000001
:101D800048010020B10000203EB50024029402204A
:101D900000F0C6F8002817D0022000F045F802A88D
:101DA000CDE900400948012302220021006806F025
:101DB00087F90298002807D005494FF08050086045
:101DC000BFF34F8FBFF36F8F3EBD0000A400002014
:101DD00004ED00E01CB500240194102000F0A0F8F0
:101DE000002816D006F088FA02460A48009401AB93
:101DF0000721006B06F0ECFC019838B106494FF062
:101E000080500860BFF34F8FBFF36F8F102000F03A
:101E10000BF81CBD2400002004ED00E0014908601F
:101E200070470000143C0140014908607047000001
:101E3000143C0140FEB50121880301F0F3F90021B3
:101E4000084601F04DFA0A21012001F049FA0D215E
:101E5000012001F045FA0121084601F041FA042170
:101E6000002001F03DFA4FF48060019000258DF8CC
:101E700008500C268DF8096001248DF80A4001A84D
:101E800000F058F801948DF8085008208DF80900EA
:101E90008DF80A4001A800F04DF8022001908DF85D
:101EA00008508DF809608DF80A4001A800F042F84A
:101EB000102001908DF808508DF809608DF80A40C7
:101EC00001A800F037F8600301908DF808508DF8F4
:101ED00009608DF80A4001A800F02CF8B00100F06C
:101EE00059FE28208DF800008DF801608DF8025011
:101EF0008DF80340684600F019FE06208DF80000BA
:101F0000684600F013FE07208DF80000684600F0D8
:101F10000DFE0A208DF80000684600F007FEFEBDA9
:101F200001460020024A12680A4200D00120704790
:101F3000143C014030B51B4A83790168002B2AD03C
:101F400013688B431360111D0B680468A3430B6077
:101F5000017911440B68046823430B60114C083469
:101F60002168036899432160231D19680568A94306
:101F700019604179102905D011440A6800680243AC
:101F80000A6030BD21680268114321601968006849
:101F90000143196030BD0079104402688A43026031
:101FA00030BD0000003C014010B50120FFF736FFB6
:101FB0000121080701F028F9012001F011F90120A1
:101FC00001F0ECF8BDE8104001F0F0B802480168FB
:101FD00041F470010160704788ED00E07CB5032298
:101FE0000021012005F069FD4A4C606400220421B3
:101FF000012005F062FD2066012005F04EFD206401
:10200000012005F04AFDA066002202210A2005F009
:1020100054FD606500220221142005F04EFD20656C
:1020200000220121402005F048FD606600220221C7
:102030000A2005F042FDA065002202210A2005F0D9
:102040003CFDE065002204210A2005F036FDE06435
:1020500003220021012005F030FD04F180014860D9
:1020600003220021012005F028FDA064142005F0C2
:1020700020FDE0660146A06D05F0FCFCE16E606DA0
:1020800005F0F8FC04F170000821CDE900100023F0
:10209000802221A1234805F0D5FF04F17400072117
:1020A000CDE900104FF49676002332461EA1214858
:1020B00005F0C8FF04F178000525CDE900500023A4
:1020C00032461DA11F4805F0BDFF04F17C00062427
:1020D000CDE9004000234FF4C8721BA11E4805F053
:1020E000B1FF0C4800238030CDE9005032461BA1DF
:1020F0001E4805F0A7FF074800238830CDE90040BF
:1021000032461BA11D4805F09DFFBDE87C4005F04F
:102110002DBC0000240000207461736B5F696E6940
:1021200074000000CD6E00087461736B5F6B65799D
:1021300000000000496F00087461736B5F74696D83
:10214000650000007171000853657454696D655F26
:10215000416C61726D0000008133000872696E6726
:102160005F6261747465727900000000B5700008E8
:10217000537465704465746563740000F9700008F9
:102180002DE9F041002201274FF0030C07FA02F578
:102190000B682B40AB422CD1066853000CFA03F4B9
:1021A000A64306600E79D0F800809E4046EA0806F5
:1021B00006600E79012E01D0022E12D18668A64348
:1021C00086604E79D0F808809E4046EA0806866010
:1021D0004668AE43466045688E799640B6B2354350
:1021E0004560C568A543C560CC799C40C3681C4365
:1021F000C460521C102AC9D3BDE8F08110B54B074A
:10220000DB0E9A40C90800EB8100016A0F249C4054
:10221000A1430162016A1143016210BD0246002020
:1022200012690A4200D00120704709048161704799
:1022300081617047002A01D0816170470904816182
:1022400070470000094A507800280CD0002011780F
:10225000012902D0092903D101E0042000E009206E
:102260000021517070470020704700004801002095
:1022700010B5094803F042FC0748203003F03EFC4B
:102280000548403003F03AFC0449002008604860EB
:10229000091F087010BD000044A300203801002071
:1022A00070B504460D46304803F050FC10B12E487E
:1022B00002F044FD2C48203003F048FC18B12A48B5
:1022C000203002F03BFD2848403003F03FFC18B1BD
:1022D0002548403002F032FD2146234802F054FFE9
:1022E00021482946203002F04FFF1F491F4CD1E9F9
:1022F0000320904236D38A68904233D34A68904292
:1023000030D94A6990422DD38A6990422AD3C9694B
:10231000884227D91448221D2030016910680B1A01
:10232000B3F5A07F1ED950601160814208D0081A11
:102330004EF66021B1FBF0F10B48403002F024FF73
:10234000094A403292F9020003280BD3052801D92B
:10235000052100E09178401A02EB8000001D00F09A
:10236000F2F92070207870BD44A3002034010020D1
:102370000A4BDA8A002A0DD0D978884200D2D87068
:102380001979884200D91871596A08445862521C58
:10239000DA8270471962D8701871F5E724000020BE
:1023A000FCB51F49A1F118039A798854521C0620E4
:1023B000B2FBF0F400FB142098715879062801D282
:1023C000401C58715A7900206D4603E00B5C2B5479
:1023D000401CC0B29042F9D30021501EC7B20DE09C
:1023E0004E1CF0B207E06C5C2B5C9C4201D96B5434
:1023F0002C54401CC0B29042F5D3F1B28F42EFD8BA
:10240000D00703D005EB52000078FCBD05EB52006D
:1024100010F8011C00780844401CC0F34700FCBDC4
:102420003C00002009494978002907D0884206D994
:10243000421AD2B2052A01D9491DC8B270470A1AF8
:10244000D2B2052AFAD9491FC8B270472400002029
:10245000F8B50026009605F049FF04464D4D287852
:1024600048B1E86998B1201A192810D2687840B1AB
:1024700000F0BCF8F8BD00221146104600F000F94B
:10248000F8BD00221146104600F0FAF8F8BDEC61E4
:102490006421A86E05F018FD01280AD0687810B1F3
:1024A00000F0A4F8F8BD00221146104600F0E8F84C
:1024B000F8BDFFF793FB074600231A461946A86E9E
:1024C00005F066FBD7B1A7F57F40FF3816D021464F
:1024D0003846FFF7E5FEA0F13201462939D8AE7043
:1024E000C0B22146FFF744FF6946204600F08CF851
:1024F00020B39DF8000000F0B3F8F8BDA878FF28DD
:1025000001D2401CA870A87878280CD36E7000F017
:1025100043F800F04BF8FFF7ABFE002211461046DF
:1025200000F0AEF8F8BD687810B100F05FF8F8BDC3
:1025300000221146104600F0A3F8F8BD687810B1EB
:1025400000F054F8F8BD00221146104600F098F84B
:10255000F8BD6878A0B1A978FF2901D2491CA970FB
:10256000A978782912D36E7000F016F800F01EF8E2
:10257000FFF77EFE00221146104600F081F8F8BDFC
:1025800000221146104600F07BF8F8BD00F02EF84E
:10259000F8BD0000240000200348002101624162D0
:1025A000C182C170017170472400002006480021DB
:1025B000417181710020044A18321154401CC0B28C
:1025C0000628FAD3704700002400002010B5064802
:1025D000002141708170C161FFF7DEFFFFF7E6FF68
:1025E000BDE81040FFF744BE2400002008B50821D4
:1025F00002460091022314213C2000F01BFCBDE8A0
:10260000084000F0FFBC000010B5144BDA8A002A25
:1026100007D01C6A001B40F6B834A04203D2002049
:1026200010BD002010BD052A03D2FFF7B5FF002022
:1026300010BD586ADC78001B1B79C31A921E90B239
:1026400040B103EB5002B2FBF0F00870FFF7A4FFBB
:10265000012010BDFFF7A0FF002010BD24000020C6
:1026600010B5FFF79DFEFFF7DDFE0449487000221C
:102670008A70BDE81040FFF7B9BF000024000020B9
:10268000F8B506460D46002A27D01421082327A2B4
:10269000084600F0F3FB082326A21421502000F086
:1026A000EDFB08240223324614213C20009400F064
:1026B000C1FB082320A22821142000F0DFFB0823FF
:1026C00025222821552000F02DFB02232A4628210F
:1026D0003C20009400F0AEFB23E01421082313A259
:1026E000084600F0CBFB082312A21421502000F072
:1026F000C5FB082312A214213C2000F0BFFB0823D5
:102700000DA22821142000F0B9FB0823252228213E
:10271000552000F007FB082309A228213C2000F0E7
:10272000ADFBBDE8F84000F06DBC0000E5BF83E7FD
:102730008E873A0042504D00E8A180E6B0A73A00EB
:102740005F5F0000FEE710B50023002901D00022E2
:1027500006E0002010BD50F822402344521CD2B2A3
:102760008A42F8D3B3FBF1F0C0B210BD002904D007
:10277000018841F4806101807047018821F4806103
:1027800001807047C94381827047002904D00188C5
:1027900041F0010101807047018821F001010180B1
:1027A0007047002904D0018841F48071018070478E
:1027B000018821F4807101807047002904D00188CC
:1027C00041F4007101807047018821F4007101809B
:1027D00070470CB50246002000920A0F019221F0CA
:1027E0007F41019A002A03D0009A1432009203E03C
:1027F000090C009A18320092009A12680A4200D01E
:1028000001200CBD7FB504460D46A08820F03F0690
:10281000684600F015FD02982749B0FBF1F189B236
:102820000E43A680228822F001022280234B2A68D0
:102830009A4209D85200B0FBF2F080B2042800D2CC
:102840000420491C218423E0EB88A3F53F46FF3E8A
:102850000BD002EBC20303EB0212B0FBF2F080B22A
:1028600040F48040020506D007E002EB4202B0FBD4
:10287000F2F080B2F6E740F0010040F400404FF47F
:10288000967251434FF47A72B1FBF2F1491C2184E4
:10289000A083208840F00100208020884FF6F53189
:1028A0000840A9886A89114301432180A8892989A0
:1028B000084320817FBD000040420F00A086010038
:1028C00008B500900098084400900098008808BD62
:1028D000008AC0B27047018270470A460123014650
:1028E000682002F0A5BC08B58DF800008DF8011035
:1028F00002226946D02002F0A1FD08BDFEB50121EB
:10290000022000F073FC42F20240019000248DF896
:1029100009408DF8084001258DF80B5001A9184891
:10292000FFF72EFC0121084600F060FC102001900A
:102930008DF808408DF80B408DF80940114E01A923
:102940003046FFF71DFC01958DF8084002218DF8F7
:102950000B108DF8094001A93046FFF711FCFFF775
:1029600069FA03F0D3FA084800900023012240F6E8
:10297000B83106A005F0F4FE07494860FEBD00002E
:102980000004024000000240656E0008534C4545BB
:102990005054696D657200004801002010B52DED9E
:1029A000048B9FED248A9FED249ADFED249A03F097
:1029B000FDF8234CD4ED0B0A94ED0A0A01F03EFA1F
:1029C00060EE098AD4ED0B0A94ED090A01F036FA9B
:1029D00020EE090AD4ED100A94ED0C1A41EE080A13
:1029E00020EEA91ADFED170A08EEA01A84ED101ADE
:1029F00094ED111AD4ED0D1A01EEC81A21EE291A20
:102A000000EE201A84ED111A94ED120AD4ED0E0A8C
:102A100000EE880A84ED120A03F0A8FA02F0CEF95B
:102A200002F012FABDEC048B0520BDE8104004F062
:102A30009FBE00000AD7A33BE12E654248E17A3FE2
:102A40005001002000D7A33CFEE700001CB5012187
:102A5000084600F0CBFB4FF48070009001208DF809
:102A6000040000208DF8060002218DF805108DF875
:102A7000070069460148FFF783FB1CBD00000240C8
:102A80004FF480710148FFF7D3BB00000000024003
:102A90004FF480710148FFF7C8BB000000000240FE
:102AA00038B511A001F0A6F9FFF7EAFF134C4FF07B
:102AB000FF31A06E05F008FA40B10120FEF7D9FD04
:102AC00000231A461946A06E05F062F805F00EFCC8
:102AD00002460020034600900121E06A05F08EFEC8
:102AE000BDE83840FFF7D4BF20416C61726D2054BF
:102AF0007269676765726564210D0A002400002011
:102B0000704708B54FF4407000F044F826208DF867
:102B1000000006208DF8010000208DF80200012041
:102B20008DF80300684600F001F808BD30B50F23AA
:102B3000C27801250178002A1FD0154A126802F4D4
:102B4000E062C2F5E062C2F30722C2F10404D3409E
:102B50004278A24084781C401443220101F1E02114
:102B600081F80024007800F01F018D4040098000AA
:102B700000F1E020C0F8005130BD01F01F00854099
:102B80004809800000F1E020C0F8805130BD00000D
:102B90000CED00E00249084302490860704700005C
:102BA0000000FA050CED00E008B54FF44070FFF7A7
:102BB000F1FF38208DF800000B208DF80100002077
:102BC0008DF8020001208DF803006846FFF7AEFF84
:102BD00008BD000010B50021074C0022002004EBC6
:102BE000C1131A54401CC0B28028FAD3491CC9B280
:102BF0000829F3D310BD000044A400202DE9F041C2
:102C0000CF1823E0044686181CE07F2C18D8002932
:102C100016DB3F2914DCCB1701EB5373DD104FEAB1
:102C2000C51C0C4D23F007036544A1EB030815F800
:102C300004C0012303FA08F32CEA030C05F804C0CE
:102C4000641C24B2A642E0DC491C09B28F42D9DCE4
:102C5000BDE8F08144A4002010B5AE2000F0E6F9F4
:102C6000D52000F0E3F9802000F0E0F9A82000F082
:102C7000DDF93F2000F0DAF9D32000F0D7F9002089
:102C800000F0D4F9402000F0D1F9A12000F0CEF9F5
:102C9000C82000F0CBF9DA2000F0C8F9122000F0CB
:102CA000C5F9812000F0C2F9CF2000F0BFF9D9208A
:102CB00000F0BCF9F12000F0B9F9DB2000F0B6F922
:102CC000302000F0B3F9A42000F0B0F9A62000F005
:102CD000ADF98D2000F0AAF9142000F0A7F9AF207B
:102CE00000F0A4F9FFF776FFBDE8104000F08AB9C4
:102CF0000346012000E05843491E4A1CFBD170479F
:102D000010B50C4640F0B00000F090F9102040EAF9
:102D1000141000F08BF904F00F00BDE8104000F033
:102D200085B9000008B5203A082B0ED0062B15D027
:102D30000C2B09D10F4B02EBC20203EB8202009273
:102D400018230C2200F01CF808BD0B4B03EB0212F9
:102D500000921023082200F013F808BD074B02EB85
:102D6000420203EB420200920823062200F008F818
:102D700008BD0000508E000860880008AC9B000869
:102D80002DE9FF4F0F46DDF8349090461D46002494
:102D90002B46424639460098FFF730FF6D1EE81774
:102DA00005EB50700121DFF888C001EBE00A3BE041
:102DB000002035E000990D187F2D2FD8F91707EB6B
:102DC0005171CA1016B221F007017B1A002F03DAE5
:102DD000761E36B208331BB2311907290DD804FB11
:102DE00008FB09EB000E0CEBC1121BF80EB0565D90
:102DF0000BFA03FB46EA0B065655491C07290DD86A
:102E000004FB08F609EB000B0CEBC11116F80B6084
:102E10004A5DC3F10803DE4032434A55401CC0B24C
:102E20004045C7D3641CE4B2A245C1DCBDE8FF8FB6
:102E300044A400202DE9F04F8046DDF824A08B4605
:102E400091461F4600240A2514E0391B491E0A201A
:102E5000FFF74EFFB9FBF0F6B6FBF5F005FB10628D
:102E600004FB0A80303200B253465946FFF75AFF3E
:102E7000641CE4B2BC42E8D3BDE8F08F2DE9FF4FFB
:102E800083B080461446994600250026AA46ADE048
:102E9000010609D4012029466D1C615CADB28DF894
:102EA00004108DF805A055E00621B1EB501F10D19C
:102EB0000220691C625D89B28DF80420625C002AE0
:102EC00076D04A1C615C95B28DF805108DF806A08D
:102ED00040E00E21B1EB101F18D10320691C625D88
:102EE00089B28DF80420625C002A61D04A1C615CC2
:102EF00092B28DF80510A15C00297BD0511C8DB2D7
:102F0000A15C8DF806108DF807A023E01E21B1EB1F
:102F1000D00F23D10420691C625D89B28DF8042092
:102F2000625C002A66D04A1C615C92B28DF8051082
:102F3000A15C00295ED0511CA25C89B28DF80620EC
:102F4000625C002A56D04A1C615C95B28DF807106D
:102F50008DF808A0012804D0002716E06D1CADB242
:102F600044E008EB06009DF8042000B24B460499AB
:102F7000FFF7D8FE06EB090086B237E0584601A9F4
:102F8000FDF7AAF968B17F1CBFB207EB870000EB21
:102F900047111A480844834619A1FDF79DF90028F6
:102FA000ECD1B9F1080F04D0B9F1060F1ED113E02E
:102FB00020E007EB870000EB47111048102308447E
:102FC000401D009008EB060000B21A460499FFF776
:102FD000D7FE1036B6B209E008EB060000B20623B1
:102FE0003F220499FFF79EFEB61DB6B2605D002831
:102FF0007FF44EAF07B0BDE8F08F0000E69D0008FB
:103000000000000070B50024074D00212046FFF7A6
:1030100077FE05EBC410802100F014F8641CE4B2C4
:10302000082CF2D370BD000044A4002008B5002194
:1030300000918DF8010002226946782002F0FEF925
:1030400008BD00002DE9F04707468846504D4FF473
:10305000003421462846FFF7BCFB0128F9D00121A6
:103060002846FFF79EFB4B4C28462146FFF7B1FB55
:103070000028F9D0484E28463146FFF783FB7821D7
:103080002846FFF728FC434C641C21462846FFF7DE
:10309000A0FB01280CD031462846FFF79AFB0128F7
:1030A000F3D101212846FFF788FB0320BDE8F08714
:1030B00014212846FFF704FC18212846FFF700FCDE
:1030C000DFF8D09009F17F0931462846FFF781FBF0
:1030D000012806D049462846FFF77BFB0128F3D19B
:1030E00011E001212846FFF768FB0220DEE70121FD
:1030F0002846FFF762FB0220D8E749462846FFF73B
:1031000068FB012806D031462846FFF762FB0128FC
:10311000F3D1ECE740212846FFF7DDFB002411E066
:1031200001212846FFF749FB0220BFE74946284610
:10313000FFF74FFB012807D1395D2846FFF7CBFB8E
:10314000641CE4B2444506D231462846FFF741FBF1
:103150000128EBD1E4E70F4CE41C0BE001212846E9
:10316000FFF72BFB0120A1E721462846FFF731FBA3
:10317000012806D031462846FFF72BFB0128F3D162
:10318000ECE701212846FFF718FB00208EE700003E
:1031900000540040010000100004001002490A68B9
:1031A00042EA8000086070470070004005480168EE
:1031B00041F0020101600448016841F0040101602E
:1031C00030BF70470070004010ED00E00146002065
:1031D000024A52680A4200D0012070470070004045
:1031E0000149086070470000A0000E42054A00290E
:1031F00003D0116801431160704711688143116069
:103200007047000030380240054A002903D0116899
:1032100001431160704711688143116070470000DD
:1032200040380240054A002903D01168014311606B
:1032300070471168814311607047000044380240B4
:1032400070B5244B196801F00C01234C00291ED0E5
:10325000661004291DD008291DD00460196801F0EA
:10326000F00109091D4A545C0168E14041601C6895
:1032700004F4E054A40A145D21FA04F484601B6889
:1032800003F460435B0BD25CD140C16070BD04604D
:10329000E4E70660E2E70F4A121F1168C1F38055A8
:1032A000116801F03F0135B1B6FBF1F11468C4F3C8
:1032B0008814614305E0B4FBF1F11468C4F3881489
:1032C00061431268C2F30142521C5200B1FBF2F199
:1032D0000160C3E7083802400024F4001400002015
:1032E00010B58A07120F0F23934021F003040649FB
:1032F000214401F608010C689C430C600B68904067
:1033000003430B6010BD0000003001401848016805
:1033100041F0805101601748016841F4404101606B
:10332000134838380168016001680160016841F4A0
:1033300080510160021F10491160111F0A6842F09C
:1033400080720A600A689201FCD50C4A40F203714F
:103350001160016821F003010160016841F0020180
:1033600001600168C1F381010229FAD170470000B0
:10337000403802400070004010640107003C0240E9
:1033800086B0DFF88CB301274FF00509DFF884839E
:103390000024ABF1280AAEE1002205A9184604F08A
:1033A00011FD0128F7D19DF814000228F3D1DA4865
:1033B0000090002301224FF49671D8A005F0D0F9B7
:1033C000054628000ED004F091FF04906421306C73
:1033D00004F07AFDE0B36421B06E04F075FD0128BD
:1033E00004D029E0D0A000F005FD84E101A8FEF79B
:1033F0007BFA01A8FEF7B0FABDF80A10D248A1F591
:10340000FA6101809DF8081041809DF807108180C5
:103410009DF80610C1809DF8051001819DF80410EB
:1034200041819DF80C108181FFF7D4FB00231A46DF
:103430001946B06E04F0ACFB34737772F772B47255
:103440008DF8149000231A461946306C04F0A0FB46
:1034500004F04CFF0246002301212846009405F0A9
:10346000CDF9012802D0B9A000F0C4FC012003F07E
:10347000ADFF28E0642205A9B06D04F0A3FC01288B
:103480000BD104F033FF04909DF81410042941D0AF
:10349000052948D0B5A000F0ADFC04F027FF049941
:1034A000401A40450FD96421306C04F00DFD50B135
:1034B0007472F47200231A461946306C04F068FBEB
:1034C000B2A000F097FC707A0028D3D103F0FEFA86
:1034D0006DB100231A4603212846009405F08EF9A9
:1034E00000231A4605212846009405F087F9642137
:1034F000306C04F0E9FCD8B17472F47200231A46FF
:103500001946306C04F044FBF27A717AA7A000F0FF
:1035100071FC12E09DF8150004A902F0B1F9012038
:1035200003F054FFB9E79DF8150003F04FFFB4E72F
:10353000ABA000F05FFC7472F472FFF74BFBDAE0B3
:10354000736D9842FBD1002205A9184604F03AFC9D
:103550000128F4D19DF814000328F0D1AD48009063
:10356000002301224FF49671ABA005F0F9F805464F
:1035700028000BD004F0BAFE04906421306C04F0F3
:10358000A3FCD8B39BF8000020B12BE0A6A000F06C
:1035900031FCB0E09BF8010020BB9BF8020008BBA7
:1035A0006421B06E04F090FC01281BD101A8FEF745
:1035B0009BF901A8FEF7D0F99DF806008BF80000F2
:1035C0009DF805008BF801008BF802409DF807007C
:1035D0008BF80300FFF7FEFA00231A461946B06E77
:1035E00004F0D6FA74737772B772F4728DF814908F
:1035F00000231A461946306C04F0CAFA04F076FE2D
:103600000246002301212846009405F0F7F801281E
:1036100002D08EA000F0EEFB012003F059FE33E053
:10362000642205A9706D04F0CDFB01280BD104F0D4
:103630005DFE04909DF81410042947D005294ED052
:103640004AA000F0D7FB04F051FE0499401A40450F
:103650001AD96421306C04F037FCA8B17472B472CA
:1036600074738DF814708DF815700023642205A909
:10367000306D04F08DFA00231A461946306C04F0C0
:1036800087FA42A000F0B6FB707A0028C8D103F098
:10369000BDF96DB100231A4603212846009405F0B8
:1036A000ADF800231A4605212846009405F0A6F837
:1036B0006421306C04F008FCB0B17472B472002361
:1036C0001A461946306C04F063FA0FE09DF81500B5
:1036D00004A901F035FF012003F0FAFDB3E79DF8DE
:1036E000150003F0F5FDAEE77472B472FFF772FADD
:1036F0005FA000F07FFB4FF0FF315646DAF86C0018
:1037000004F0D8FBB36D98427FF41AAF44E6000092
:103710004C000020C0D4010011750008426C696E95
:103720006B54696D657200004661696C6564207454
:103730006F2063726561746520626C696E6B2074C2
:10374000696D65720A000000B00100204661696C75
:10375000656420746F20737461727420626C696E8A
:103760006B2074696D65720A00000000556E6B6E07
:103770006F776E206D65737361676520636F6D6D24
:10378000616E643A2025640A000000004175746F80
:103790002D736176696E672064756520746F20698A
:1037A0006E61637469766974790A0000476C6F62B0
:1037B000616C207661726961626C657320757064FA
:1037C000617465643A207365745F72756E3D25643B
:1037D0002C207365745F74696D653D25640A000073
:1037E0005761726E696E673A204661696C65642044
:1037F000746F2074616B65206D7574657820666FD9
:1038000072207661726961626C65207570646174A2
:10381000650A0000E1740008416C61726D426C69D8
:103820006E6B54696D6572004661696C65642074E5
:103830006F2063726561746520616C61726D2062D6
:103840006C696E6B2074696D65720A004661696C03
:10385000656420746F20737461727420616C61728E
:103860006D20626C696E6B2074696D65720A000070
:10387000416C61726D20736574206D6F64652065A5
:103880007869746564207375636365737366756CBA
:103890006C792E0A0000000010B5BF2080F311885B
:1038A000BFF34F8FBFF36F8F04F02CFD18B10449A5
:1038B0004FF080500860002080F3118810BD000098
:1038C00004ED00E010B51148016841F47001016099
:1038D0000F48016841F0010101600D4A00210832E2
:1038E000116002680B4B1A400260031D0A4A1A60FD
:1038F000026822F48022026005480C300160FFF764
:1039000005FD024905488039086010BD88ED00E0DA
:1039100000380240FFFFF6FE1030002400000208CD
:1039200038B501218C07204600F09FF8002814D0FC
:103930000020009009486946406804F005FA01211A
:10394000204600F083F80098002806D00449A01013
:103950000860BFF34F8FBFF36F8F38BDA400002006
:1039600004ED00E07FB501210846FFF74DFC40F271
:10397000F310029042F2CF00ADF804000024ADF83D
:103980000C40ADF806404FF0804501A9284600F0F4
:10399000BFF801221146284600F073F81C218DF86B
:1039A000001005218DF801108DF8024001218DF8DD
:1039B00003106846FFF7BAF80121284600F049F8DD
:1039C0007FBD000010B50A4C0121204600F04DF8E3
:1039D00000280BD00748012181700189491C018111
:1039E0002046BDE81040012100F030B810BD0000B5
:1039F000000400409C0100201FB501210220FFF7B8
:103A000003FC1049642088716320029042F2CF00C9
:103A1000ADF804000024ADF80C40ADF8064001A953
:103A2000094800F075F81D208DF800000D208DF874
:103A300001008DF8024001208DF803006846FFF771
:103A400075F81FBD9C01002000040040C94301829D
:103A50007047002904D0018841F0010101807047BE
:103A6000018821F001010180704702460020138A7D
:103A70000B4092890A40002B02D0002A00D001207E
:103A80007047002A03D082890A4382817047828965
:103A90008A4382817047000070B5028C22F4805204
:103AA0000284058C8288838B23F4E04323F44076E0
:103AB0000C884FF6FF7303EA0424344325F40055C1
:103AC0008E8903EA06362E434D8803EA05353543D1
:103AD000084EB04202D0084EB04205D122F48046D2
:103AE0000A8A03EA821232438280848389680164ED
:103AF000058470BD000001400004014000210180E8
:103B00004180818081608181C181018241827047D1
:103B100030B50288164C174DA0420DD0A8420BD0EC
:103B2000B0F1804F08D0144B984205D0134B984207
:103B300002D0134B984203D122F070034A881A43F3
:103B4000104B984206D0104B984203D022F4407399
:103B50000A891A4302804A68C2620A880285A04222
:103B600001D0A84201D1897A01860121818230BD2C
:103B70000000014000040140000400400008004033
:103B8000000C004000100040001400401CB5002054
:103B9000019000900E4C40F22551204600F087F82D
:103BA000002814D0204600F01BF90090094800239B
:103BB00001AA6946406E04F07BF80198002806D0FF
:103BC0000549A0040860BFF34F8FBFF36F8F1CBD82
:103BD000004400402400002004ED00E0002904D04F
:103BE000818941F4005181817047818921F400511C
:103BF0008181704770B586B001210846FFF7F6FA5B
:103C000001214804FFF700FB0420049002258DF8F1
:103C100014508DF8155000248DF8164001208DF8B1
:103C200017001D4E04A93046FEF7AAFA0821049198
:103C30008DF814508DF8174004A93046FEF7A0FA0D
:103C4000072202213046FEF7D9FA07220321304627
:103C5000FEF7D4FA4FF4E1300090ADF80440ADF82F
:103C60000640ADF80840ADF80C400C20ADF80A0055
:103C70000A4C6946204600F055F8012240F22551D1
:103C8000204600F034F801212046FFF7A7FFFEF799
:103C900038FF06B070BD0000000002400044004044
:103CA0000246002012880A4200D00120704770B5F9
:103CB000002440F66A12C1F3421301F01F050126E9
:103CC00006FA05F2012B0CD0022B0DD0838A13408B
:103CD000090A8E40008830400BB100B10124204613
:103CE00070BD83891340F3E7038A1340F0E710B5F2
:103CF00040F66A13C1F3421301F01F040121A140F1
:103D0000012B07D0022B07D014303AB102680A43C6
:103D1000026010BD0C30F8E71030F6E702688A4305
:103D2000026010BD7FB504460D46208A20F4405144
:103D3000E88808432082A08941F20C618843A98861
:103D40002A8911436A8902431143A181A08A20F480
:103D50004071A8890843A0826846FFF771FA1E489F
:103D6000844202D01D48844201D1039800E00298A9
:103D7000A189090408D500EBC00101EB00102968F6
:103D80004900B0FBF1F007E000EBC00101EB0010CF
:103D900029688900B0FBF1F06422B0FBF2F109015F
:103DA0000B096FF018056B4300EB8300A3891D041A
:103DB0004FF0320307D503EBC000B0FBF2F000F088
:103DC0000700084306E003EB0010B0FBF2F000F040
:103DD0000F00084320817FBD001001400014014006
:103DE0008088C0F308007047C1F3080181807047E4
:103DF000FEE700000FB4054B10B503A9044A029872
:103E000000F044FA10BC5DF814FB0000D551000826
:103E1000A80100204100080218BF04200A0E18BFA4
:103E200040F001004FF07F4232EA010108BF40F04C
:103E30000200012808BF05207047000010EE100A9C
:103E400010B510EE901A4FF0684202EB40032DEDD2
:103E5000028BB3F1654F3CBF02EB4102B2F1654FFB
:103E60007CD200BFC0F3C753C1F3C7529A1A1B2AB2
:103E700009DD10F0004F14BF9FED6E0A9FED6E0A32
:103E8000BDEC028B10BD12F11A0F1BDA11F0004FBE
:103E900009D010F0004F0CBF9FED680A9FED680A33
:103EA000BDEC028B10BD80EE208A18EE100AFFF7E1
:103EB000B1FF042808BF00F009F9B0EE480ABDECD4
:103EC000028B10BD4200B2EB410F37D910F0004F0A
:103ED00019BFDFED5C1A9FED5C1ADFED5C1A9FEDF8
:103EE0005C1AB0EE602A0A46F1EE400A80F000410A
:103EF000B0EE420A10460A1A5200B2F1807F34D264
:103F0000484010F0004FDFED532A9FED533A1DBF9C
:103F1000BEEE002A71EEE21A31EE431AB6EE002A26
:103F200004BF71EEA21A31EE031AF0EE402A42EEFF
:103F3000602A40EE020A82EEA02A18E011F0004F3B
:103F400004BF9FED461AF0EE411AD4D010F0004F96
:103F50001CBFDFED431A9FED431A00E026E004BFCB
:103F6000DFED411A9FED411AC5E780EE202A22EECF
:103F7000020ADFED3F0ADFED3F2ABDEC028B40EE87
:103F8000202ADFED3D0A40EE220ADFED3C2A40EE1A
:103F9000202ADFED3B0A40EE220A22EE000A00EE64
:103FA000201A31EE020A30EE210A10BD4FF07F4296
:103FB000B2EB400F28BFB2EB410F05D2BDEC028B34
:103FC000BDE8104000F07FB840EA01035B0008BF85
:103FD00041F0FF410BD0B2EB400F08BFB2EB410FF5
:103FE00008D120F0804000EE100A21F0804100EE60
:103FF000901A37E7B2EB400F12BF5FEA410240F080
:10400000FF4001F000413FF42DAF4A0092EA400327
:104010003FF528AF002AACBF9FED1A1A9FED1A1A80
:1040200020EE010A60EE810A10EE100A10EE901ADE
:1040300018E70000DB0FC9BFDB0FC93FDB0F4940AA
:10404000DB0F49C00000C9BF22AAFDB90000C93F6B
:1040500022AAFD390060ED3EC30ACE370000000001
:10406000000049C022AA7DBA0000494022AA7D3A38
:104070002DAD65BD8FB8D53D0FB511BE61C84C3EA5
:10408000A8AAAABE0000804F0000802F10B52DED19
:10409000028BB1EEC08A18EE100A20F00040C0F189
:1040A000FF40C00F0AD010EE100A20F00040C0F10F
:1040B000FF40C00F04BF012000F020F8B0EE480A16
:1040C000BDEC028B10BD30EE200A70479FED020A56
:1040D00020EE000A704700000000001002E008C84F
:1040E000121F08C1002AFAD170477047002001E072
:1040F00001C1121F002AFBD170470000014908606E
:1041000070470000AC0100202DE9FF5F82B0002164
:10411000DDE90430020DDDF840B0034318D044F669
:104120001050A2F2FF3242431514119801281FD0FB
:10413000A5EB0B00401C5FEA000A4FF000064E4F53
:10414000DFF83891B046504615D5CAF1000413E0A7
:10415000119801244AA3012801D16FEA0B010298AA
:10416000119AC0E90031C0E9024206B0BDE8F09FF3
:10417000CBF10000DFE704460021404A491842EB3A
:104180000450CDE9001012E0E00707D032463B466C
:1041900040464946FCF755F98046894632463B463B
:1041A00010461946FCF74DF906460F466410002CE0
:1041B000EAD1DDE90401DDE90023BAF1000F06DAF6
:1041C000FCF73FF942464B46FCF73BF905E0FCF7AC
:1041D000AAF942464B46FCF7A6F904460E460022D1
:1041E000284BFCF765FA03D84FF0FF30014607E093
:1041F0000022254B20463146FCF77CF8FCF798FB63
:10420000102409E0002C0ADB0A220023FCF79AFAAA
:10421000039B30321A55641E50EA0102F2D1641C2D
:10422000039AC4F111031444119A012A03D0012204
:1042300008430DD10AE0084304D000204FF0110BD1
:10424000119072E7A3EB0B056D1E0DE05B4504DDDD
:104250004FF0000205F1010504E003DA4FF000021F
:10426000A5F10105002AECD002981199C0E90231AC
:10427000C0E9004579E70000000014400000F03F6D
:10428000300000000000F0430000E03F2DE9FF4F48
:1042900095B09B468946064600250FE2252877D132
:1042A00000242746F84A0121059400E0044316F84B
:1042B000013F203B01FA03F01042F7D130782A2861
:1042C00011D06FF02F033078A0F13002092A16D8F0
:1042D000059A44F0020402EB820203EB420210440E
:1042E000761C0590EFE759F8042B0592002A03DAB3
:1042F000504244F40054059044F00204761C307897
:104300002E2816D116F8010F44F004042A280DD0E7
:104310006FF02F023078A0F13003092B09D807EB9A
:10432000870302EB4303C718761CF3E759F8047BB5
:10433000761C30786C280FD006DC4C2817D0682803
:104340000DD06A2814D104E0742810D07A280FD137
:104350000DE044F400140AE044F4801401E044F455
:1043600040147278824202D104F58014761C761CC7
:10437000307866280BD013DC582877D009DC002869
:1043800075D04528F6D04628F4D047281AD19DE1AB
:1043900018E0632835D0642879D0652812D195E1DA
:1043A000702873D008DC6728F1D069286FD06E2898
:1043B0000DD06F2806D1B5E073282CD0752875D0A4
:1043C000782874D05A46179990476D1C75E1C4F34C
:1043D0000250022809D003280DD0D9F80010042873
:1043E0000DD00D6009F1040967E1D9F80010EA1752
:1043F000C1E90052F6E7D9F800100D80F2E70D7020
:10440000F0E719F8041B8DF8001000208DF801006A
:10441000EA46012003E059F804AB4FF0FF30610792
:104420004FF0000102D40DE008F101018846B942C5
:104430000FDA8045F8DB1AF808100029F4D108E0FB
:1044400008F1010188468142FADB1AF808100029B8
:10445000F6D105985B46A0EB080721463846179A27
:1044600000F094FA284400EB080507E04DE029E14C
:104470000DE01AF8010B5A4617999047B8F1010858
:10448000F7D25B4621463846179A13E142E00A22EA
:104490000092C4F302524FF0000A022A08D059F8E1
:1044A00004CB032A4FEAEC710AD00DE029E02AE0A0
:1044B00009F1070121F00702F2E802C1914609E083
:1044C0000FFA8CFC4FEAEC71042A03D14FFA8CFCF2
:1044D0004FEAEC71002907DA0A460021DCF1000CF2
:1044E00061EB02012D2202E0220504D52B228DF87A
:1044F0000420012203E0E20701D02022F7E79046E2
:1045000059E00A2102E010220DE010214FF0000ACC
:1045100000910BE010224FF0000A44F00404082739
:10452000009203E008224FF0000A0092C4F3025206
:10453000022A05D059F804CB0021032A08D009E04B
:1045400009F1070121F00702F2E802C1914605E0F6
:104550001FFA8CFC042A01D10CF0FF0C4FF000086C
:10456000220728D5702806D0009B83F0100353EA59
:104570000A0305D00EE040228DF80420012208E055
:104580005CEA010206D030228DF804208DF8050087
:1045900002229046009B83F0080353EA0A030AD1E3
:1045A0005CEA010201D1620705D530228DF80420B2
:1045B0004FF001087F1E582804D034A003900EA8A5
:1045C00002900DE036A0F9E753466046009AFCF7EA
:1045D000B9F884460398825C0298401E02900270EB
:1045E0005CEA0100F0D1029806A9081A00F1200A3D
:1045F000600702D524F4803400E00127574502DD2E
:10460000A7EB0A0000E0002000EB0A0100900598EB
:104610004144401A0590E00306D45B462146179AB0
:10462000059800F0B3F90544002706E001A85A46B2
:10463000C05D179990476D1C7F1C4745F6DBE00372
:104640000CD55B462146179A059800F09FF9054462
:1046500004E030205A46179990476D1C0099481E77
:1046600000900029F5DC08E0029802995A4600788B
:10467000491C0291179990476D1CBAF10001AAF1EB
:10468000010AF1DC65E10000092801003031323314
:10469000343536373839616263646566000000007E
:1046A0003031323334353637383941424344454668
:1046B0000000000000F058F90544761C307800280E
:1046C0007FF4ECAD19B02846BDE8F08F620700D446
:1046D000062709F1070222F0070CFCE80223E14655
:1046E00003F000485FEA080C02D00FF2702C0DE0D6
:1046F0005FEA045C02D50FF2682C07E05FEAC47C35
:1047000002D00FF2602C01E0AFF2700C4FF0FF38D6
:1047100023F00043CDF850C065280CD006DC4528B6
:1047200009D046281DD047283DD13DE0662818D045
:1047300067287ED138E00021112F01DB112000E035
:10474000781CCDE9000106A90EA8FFF7DDFCDDE924
:104750000F010E9A03910021009207F1010A0491C2
:104760004DE04FF000400097CDE9011006A90EA8DA
:10477000FFF7CAFCDDE90F0203920E9B119900229C
:10478000DDF80CA00093049211B9791C00EB010A2A
:10479000B7EB0A0004D4C0F1FF3007F1010A04901E
:1047A000AAEB0700019044E0012F00DA0127002165
:1047B000112F01DD112000E03846CDE9000106A9E6
:1047C0000EA8FFF7A1FCDDE90F010E9A039100216D
:1047D00004910092BA4621070CD40399514500DA9E
:1047E0008A46BAF1010F05DD009AAAF10101515C78
:1047F000302908D0B84202DA10F1040F06DA01219C
:10480000CDE9011015E0AAF10101E9E7002805DC76
:10481000049901440491AAEB000102E0411C5145B6
:1048200000DD8A460499401A401C01904FF0004078
:104830000290200704D40198504501DBCDF8048094
:1048400000208DF84F0002980DF14F07B0F1004F96
:1048500025D02B200E9002984FF0020800280CDA89
:10486000404202902D200E9007E00A210298FBF7AB
:1048700053FF3031029007F8011DB8F10001A8F193
:104880000108F2DC02980028EFD1791E0E9808701A
:10489000307800F0200040F0450007F8020D12A823
:1048A000C01B00F107081498007800B1012000EB4C
:1048B0000A01019801EBE07105984144401A401E3D
:1048C0000590E00306D45B462146179A059800F050
:1048D0005DF805441498007818B15A461799904726
:1048E0006D1CE00324D55B462146179A059800F01D
:1048F0004DF805441CE00498002807DBDDE90301BE
:10490000884203DD0098405C179901E01799302038
:104910005A469047049805F10105401C04900198FF
:10492000401E019004D12E205A46179990476D1CC5
:10493000BAF10001AAF1010ADDDC05E017F8010B6C
:104940005A46179990476D1CB8F10001A8F101086B
:10495000F4DC5B462146179A0598ABE62D00000073
:104960002B000000200000002DE9F0410446002546
:104970001E461746880404D405E039462020B04777
:104980006D1C641EF9D52846BDE8F0812DE9F04183
:10499000044600251E469046C80301D5302700E096
:1049A0002027880404D505E041463846B0476D1CF1
:1049B000641EF9D52846BDE8F081000010B588B026
:1049C00001210420FEF720FC0020ADF816008DF830
:1049D0001E004CF24F310691C721ADF81410ADF80E
:1049E0001C000B4C05A92046FFF792F86846FFF71C
:1049F00085F86021ADF8001040F6C4110291012144
:104A0000ADF8021069462046FFF746F808B010BD21
:104A10000008004038B5FEF73BF80024084D00942C
:104A2000234622460321E86A03F0E8FE00230094AF
:104A30001A460521E86A03F0E1FEEC6238BD000089
:104A40002400002038B504460620009003232246A7
:104A500004215420FEF7EEF90623252204216620C6
:104A6000FEF760F92148642C21D0A4F10A015A29EB
:104A700025D2102300901A4600216E20FEF780F9FF
:104A80000A20B4FBF0F1B4FBF0F0C1F10A01CAB2A4
:104A9000703000B206230521FEF7B0F801B00823FC
:104AA000BDE83040062204215520FEF7A7B81023A8
:104AB00000901A4600216E20FEF762F938BD1023DF
:104AC00000901A4600216E20FEF75AF906230A22AA
:104AD00005217020FEF792F801B00823BDE83040B0
:104AE0000C2204215520FEF789B800007D9F0008A4
:104AF00070B500211C4803681C480288002A32D087
:104B0000002004E033F810402144401C80B2904261
:104B1000F8D3B1FBF2F0164DE863E96B15A0FFF78F
:104B200069F90024E86BB0F5006F08D9E86B6421DF
:104B3000A0F5006048434FF4F071B0FBF1F4642C31
:104B400000D964246421A86E03F0BEF900280AD0BD
:104B5000A0B2FFF777FFA86EBDE8704000231A46A9
:104B6000194603F015B870BD400100204401002033
:104B7000240000204261747465727920414443200E
:104B800056616C75653A20256C750A007FB5304D0D
:104B90006421A86E03F098F9002858D0687DD8B336
:104BA00080F001006875FDF773FF01A8FCF79CFE1B
:104BB00001A8FCF7D1FE05F12806F47830789DF8BD
:104BC0000610884205D311D170789DF805108842EF
:104BD0000CD29DF80700401CC4B29DF80810BDF827
:104BE0000A0000F009FB844200D90124194810236F
:104BF00000901A462D216420FEF7C2F80120FCF730
:104C000038FD32787178B0782346FCF78CFD0121AD
:104C10000846FCF752FD11E0FFE701206875FDF73B
:104C200037FF10231A462D216420FDF7E7FF0021EE
:104C30000120FCF742FD0120FCF71BFDA86E04B02B
:104C40000023BDE870401A46194602F0A1BF7FBD9F
:104C50002400002097A0000814481449407B283104
:104C600000280BD0012810D0022815D0032804D129
:104C7000C878012817D0401EC8707047887810B1D6
:104C8000401E887070473B20FBE7487810B1401EFB
:104C9000487070473B20FBE7087810B1401E087051
:104CA00070471720FBE71F20E6E7000024000020E4
:104CB00010B52048204C027B20886188072A09D241
:104CC000DFE802F0040B1219232A3000608910B1CA
:104CD000401E608110BD3B20FBE7208910B1401EC3
:104CE000208110BD3B20FBE7E08810B1401EE08032
:104CF00010BD1720FBE700F5FA6000F07DFAA188EF
:104D0000012900D0481EA08010BD012902D0491EF3
:104D1000618010BD0C21FBE710B1401E208010BD4A
:104D20006320FBE7A089012802D0401EA08110BDAE
:104D30000720FBE724000020B001002010B5014649
:104D4000084600F0FCFE20B114A0FFF753F8002045
:104D500010BD91F9000001EB80004368012008E0DC
:104D600001EB80025468421E01EB82025460401C39
:104D7000C0B28A788242F3D88878401E40B28870E8
:104D800000240C7038B1421E52B24A7001EB800010
:104D90004460184610BD4FF0FF32F6E75175657557
:104DA0006520656D7074792C206465717565756515
:104DB000206661696C65642E0A00000038B503F056
:104DC00095FA04461C4DD5ED040A95ED051A30EE12
:104DD000C10AF4EEC10AF1EE10FA11DD687828B9C3
:104DE00001206870DFED150AC5ED060AD5ED060A4B
:104DF000B4EEE00AF1EE10FA01DD85ED060A38BDE9
:104E000068780028FBD00E49A869884211DDE8695E
:104E1000201AB0F5967F0CD9A888401CA880ADF860
:104E200000000848022300226946006802F0B0FE34
:104E3000EC610020687038BD5001002000000000C7
:104E4000B81E053E7000002010B503F04FFA234B4A
:104E5000234AD96A914201DD012200E0002293ED4C
:104E6000100AB0EEC00A10EE104A1E498C4209DA50
:104E700093ED110AB0EEC00A10EE104A8C4201DA2E
:104E8000012100E00021BAB1B1B1196A01B918627B
:104E9000196A401AFA2820D9987800281DD10120D3
:104EA00098708D20FEF7C2F81420FEF7BFF8BDE819
:104EB0001040AF20FEF7BAB8002018629978012997
:104EC0000BD198708D20FEF7B1F81020FEF7AEF8E8
:104ED000BDE81040AE20FEF7A9B810BD500100207B
:104EE000CDCCCC3E00000C4200210148FEF7B1BD04
:104EF00000040040F8B50546002917D00A24B5FB88
:104F0000F4F20626012337213E200096FDF792FF9A
:104F1000B5FBF4F004FB1052012337214420009626
:104F2000FDF788FFBDE8F840FEF76CB808230622BD
:104F300037213E20FDF762FE01B00823BDE8F040B6
:104F4000062237214420FDF759BEF8B50546002951
:104F500017D00A24B5FBF4F20C26012314211020EB
:104F60000096FDF767FFB5FBF4F004FB1052012338
:104F700014211C200096FDF75DFFBDE8F840FEF708
:104F800041B818230C2214211020FDF737FE01B080
:104F90001823BDE8F0400C2214211C20FDF72EBE82
:104FA000F8B50546002917D00A24B5FBF4F20C2603
:104FB0000123142134200096FDF73CFFB5FBF4F0EB
:104FC00004FB10520123142140200096FDF732FF0C
:104FD000BDE8F840FEF716B818230C22142134203F
:104FE000FDF70CFE01B01823BDE8F0400C2214219F
:104FF0004020FDF703BEF8B50546002917D00A2466
:10500000B5FBF4F206260123372128200096FDF790
:1050100011FFB5FBF4F004FB1052012337212E20C1
:105020000096FDF707FFBDE8F840FDF7EBBF08234A
:10503000062237212820FDF7E1FD01B00823BDE855
:10504000F040062237212E20FDF7D8BDF8B50546E1
:10505000002917D00A24B5FBF4F20C2601231421F1
:1050600058200096FDF7E6FEB5FBF4F004FB105265
:105070000123142164200096FDF7DCFEBDE8F84012
:10508000FDF7C0BF18230C2214215820FDF7B6FDF0
:1050900001B01823BDE8F0400C2214216420FDF774
:1050A000ADBD08B500290BD00621024600910123B1
:1050B00037215520FDF7BEFEBDE80840FDF7A2BF31
:1050C00001B008230622372155205DF804EBFDF7D7
:1050D00095BD08B500290BD0062102460091042396
:1050E00037210620FDF7A6FEBDE80840FDF78ABF80
:1050F0000622082337211046FDF780FD08230622EB
:1051000037210C20FDF77AFD0823062237211220D3
:10511000FDF774FD01B008230622372118205DF841
:1051200004EBFDF76BBD000001200D490968002963
:1051300001D0002070470B49096809B10020704771
:1051400008491C398A690AB100207047044A8968F5
:1051500028321268491E8A42F7D1022070470000A7
:10516000E0A20020FC00002010B5064C01221146F0
:105170002046FEF786FC2046BDE810400121FEF7E0
:1051800068BC00000004004010B50246104600F064
:10519000DDFC20B1BDE8104006A0FEF72BBE9078E4
:1051A00002EB800359600021117050709078401C10
:1051B000907010BD51756575652066756C6C2C20FE
:1051C000656E7175657565206661696C65642E0A2A
:1051D0000000000070B50446064DA1B22846FEF757
:1051E00003FE80212846FEF75BFD0028F9D020460B
:1051F00070BD0000004400401EB50B4609A2D2E974
:1052000000149268CDE901420091022B04D100F014
:1052100083FC08B11D201EBD0DEB030010F8010C2E
:105220001EBD00001F1C1F1E1F1E1F1F1E1F1E1F36
:105230002DE9FF5F814615461E46DFF8F4814FF4E5
:10524000003421464046FDF7C4FA0128F9D0012177
:105250004046FDF7A6FA774C40462146FDF7B9FADD
:105260000028F9D0DFF8D0A140465146FDF78AFA70
:105270004FEA4960010E4046FDF72DFB6D4F7F1C44
:1052800039464046FDF7A5FA01280DD05146404663
:10529000FDF79FFA0128F3D101214046FDF78DFA71
:1052A000012004B0BDE8F09FC34614215846FDF725
:1052B00007FB18215846FDF703FBDFF8788108F15A
:1052C0007F0841465846FDF784FA0028F9D0584631
:1052D0000199FDF700FB41465846FDF77AFA002890
:1052E000F9D001215846FDF75CFA21465846FDF7F2
:1052F00070FA0028F9D051465846FDF743FA0120CC
:1053000000EB4900C1B25846FDF7E5FA3946584668
:10531000FDF75FFA01280BD051465846FDF759FAC0
:105320000128F3D101215846FDF747FA0220B8E7DA
:10533000DFF80081012E08F13F0810D0022E29D09D
:1053400014215846FDF7BCFA18215846FDF7B8FA63
:1053500001215846FDF70AFA0024771E4FE0142178
:105360005846FDF7ADFA18215846FDF7A9FA002175
:105370005846FDF7FBF901215846FDF71EFA414654
:105380005846FDF726FA0028F9D05846FDF7A0FA4E
:1053900028704AE014215846FDF792FA1821584621
:1053A000FDF78EFA01215846FDF7E0F941465846CF
:1053B000FDF70FFA0028F9D05846FDF789FA287052
:1053C00000215846FDF7D2F901215846FDF7F5F9BD
:1053D00041465846FDF7FDF90028F9D05846FDF73B
:1053E00077FA687021E041465846FDF7F2F9002847
:1053F000F9D05846FDF76CFA2855641CA4B2BC429B
:10540000F1DB00215846FDF7B1F901215846FDF7BF
:10541000D4F941465846FDF7DCF90028F9D0584642
:10542000FDF756FAA91901F8010C002039E7000030
:105430000054004001000010000400102DE9F04766
:1054400004460F4690463B4D4FF400363146284601
:10545000FDF7BFF90128F9D001212846FDF7A1F990
:10546000354E28463146FDF7B4F90028F9D0334EC1
:1054700028463146FDF786F921462846FDF72BFAE6
:105480002D4C641C21462846FDF7A3F901280CD0B9
:1054900031462846FDF79DF90128F3D10121284620
:1054A000FDF78BF90320BDE8F08714212846FDF7AE
:1054B00007FA18212846FDF703FA0024DFF8789050
:1054C00009F17F0911E001212846FDF776F9022054
:1054D000E9E749462846FDF77CF9012807D1395DFF
:1054E0002846FDF7F8F9641CA4B2444506D23146BB
:1054F0002846FDF76EF90128EBD1E4E70E4CE41CD9
:105500000BE001212846FDF758F90120CBE72146A1
:105510002846FDF75EF9012806D031462846FDF7FA
:1055200058F90128F3D1ECE701212846FDF745F9A8
:105530000020B8E7005400400100001000040010F3
:1055400038B504460D4602F0D1FE28601C4D64219A
:10555000286C02F0B9FC002811D0012C10D0022CCC
:1055600014D0032C25D0042C26D0214615A0FEF7FC
:1055700041FC00231A461946286C02F009FB38BD8D
:10558000687B401C00F003006873F2E715A0FEF78B
:1055900031FC00206872A872687301208DF8000049
:1055A0008DF80100002364226946286D02F0F0FAAC
:1055B000DFE700F017FADCE7FFF74EFBD9E7000062
:1055C00024000020556E6B6E6F776E20616C6172E7
:1055D0006D2073657474696E67206B65793A202558
:1055E000640A0000536176696E6720616C61726DB8
:1055F0002073657474696E677320616E64206578CA
:105600006974696E670A00002DE9FC4704469B4DEA
:105610006421286C02F058FC012820D06E7AEF7AC1
:1056200095F80A8095F8079036B3012E6FD1642162
:10563000286C02F049FC002869D00420002F7DD09E
:105640008DF804008DF805400021A86D02F056FA8F
:1056500000230A2201A9A86D02F09AFA06E16E7AE7
:10566000EF7A95F80A8095F8079000231A461946B4
:10567000286C02F08DFAD7E7002701264FF00208C8
:10568000B9F1030F36D1092C34D102F02FFE697C19
:1056900011B101290DD02DE068636E748DF80060A2
:1056A0008DF8017000230A226946E86D02F070FA55
:1056B00020E0696B411A6F74B1F5FA7F0AD28DF858
:1056C00000808DF8017000231A466946E86D02F0EB
:1056D0005FFA0FE06863A87CD8B10020A8746E74EC
:1056E0008DF800608DF8010000231A466946E86DC8
:1056F00002F04EFA012C7DD0022C67D0042C0AD087
:10570000092C04D1687A002801D1FFF73FFABDE8DF
:10571000FC870120E2E76421286C02F0D5FB002819
:10572000F5D06F72E87900F00300401CE871642145
:10573000A86E02F0C9FB01282BD100E085E0FDF73F
:1057400049FAE879012804D0032808D004281AD19E
:1057500008E0FCF76DFA2F70FCF738FF13E0FBF759
:105760001BFE10E0FCF732FFFCF790FA10B9FCF7D3
:1057700076FA20B32F70002211461046FCF780FF06
:105780000A2001F0F5FF00231A461946A86E02F020
:10579000FFF98DF80460E8798DF805000021286D87
:1057A00002F0ACF900230A2201A9286D02F0F0F9F9
:1057B00000231A461946286C02F0EAF9A7E72E7072
:1057C000002211461046FCF75BFFD9E76421286CE4
:1057D00002F07AFB00289AD06E72AE72EF7203204C
:1057E0008DF804008DF805600021686D02F086F9DF
:1057F000002300E00BE00A2201A9686D02F0C8F95D
:1058000000231A461946286C02F0C2F97FE764218A
:10581000286C02F059FB0028D0D06E72AF72EE7285
:105820008DF804808DF805600021A86D02F066F9FE
:1058300000230A2201A9A86D02F0AAF900231A4642
:105840001946286C02F0A4F961E7B8F1000F0DD0F9
:105850008DF804008DF805400021686D02F04EF9C6
:1058600000230A2201A9686D02F092F900231A466A
:105870001946286C02F08CF949E70000240000204A
:1058800038B504460D4602F031FD28601D4D6421F7
:10589000286C02F019FB002832D0012C06D0022C13
:1058A00017D0032C21D0042C24D121E016A0FEF720
:1058B000A1FA00206872E872287301208DF80000B8
:1058C0008DF8010000231A466946286D02F060F940
:1058D00010E0287B401C0721B0FBF1F201FB120114
:1058E000297316A0FEF786FA04E000F0B1F801E093
:1058F000FFF7DEF900231A461946286C02F048F932
:1059000038BD000024000020536176696E67206175
:105910006E642065786974696E672074696D6520AE
:10592000736574206D6F6465202D204B657920317F
:1059300020707265737365640A00000053657420FB
:105940007368696674206368616E67656420746F4C
:105950003A2025640A00000010B586B0012102201B
:10596000FDF744FC01214805FDF74EFCC0200490E2
:1059700002208DF8140001218DF816108DF81710F3
:105980008DF81500144C04A92046FCF7F9FB0422FD
:1059900006212046FCF732FC042207212046FCF7B2
:1059A0002DFC0020ADF804002015ADF80A00000120
:1059B000ADF80C00094800904BF6FF70ADF80600FA
:1059C000074C69462046FCF71DFF01212046FCF7E5
:1059D000DCFE06B010BD000000040240801A060084
:1059E000005400401948194A3C21407B28320028C5
:1059F00012D0012818D002281ED003280BD1D0784D
:105A00001F21B0FBF1F301FB1300401CD0700028F4
:105A100001D10120D07070479078401CB0FBF1F3A9
:105A200001FB1300907070475078401CB0FBF1F3FD
:105A300001FB1300507070471078401C1821B0FB18
:105A4000F1F301FB130010707047000024000020E8
:105A500030B52848284C3C22037B20886188072BDE
:105A60000CD2DFE803F0040C141D29353D006089D9
:105A7000401CB0FBF2F102FB1100608130BD2089B7
:105A8000401CB0FBF2F102FB1100208130BDE08828
:105A9000401C1821B0FBF1F201FB1200E08030BD88
:105AA00000F5FA60FFF7A8FBA18891FBF0F200FB7C
:105AB0001210401CA08030BD0C20B1FBF0F200FBA6
:105AC0001210401C60800028F5D10120608030BD9C
:105AD000401C6421B0FBF1F201FB1200208030BDBC
:105AE000A0890721B0FBF1F201FB1200401CA0814C
:105AF00030BD000024000020B00100200022027010
:105B0000FF2141708270002100EB81035A60491C23
:105B1000C9B20729F8D37047810705D1642190FBEA
:105B2000F1F201FB120141B94FF4C87190FBF1F29F
:105B300001FB120008B100207047012070478078F7
:105B4000002801D000207047012070478078072886
:105B500001D000207047012070473038092801D853
:105B6000012070470020704710B5FEF743F8FCF79E
:105B70002DFA00F0CBF9FCF731FA002010BD10B57A
:105B800080216B2000F09CF80A2001F0F1FD00213B
:105B90006B2000F095F818211B2000F091F80021EF
:105BA000BDE810401C2000F08BB800002DE9FF413B
:105BB0000E2269463B2000F07DF89DF801009DF81B
:105BC000001040EA012000B29DF803109DF8022069
:105BD00041EA022109B29DF805209DF8043042EA0D
:105BE000032212B29DF807309DF8064043EA0423D1
:105BF0001BB29DF809409DF8085044EA052424B2E0
:105C00009DF80B509DF80A6045EA06252DB29DF8D7
:105C10000D609DF80C7046EA072636B200EE100AB9
:105C20002148F8EEC00A90ED020A80EE801A80ED5D
:105C3000091A00EE901AF8EEE00A80EE801A80ED64
:105C40000A1A00EE902AF8EEE00A80EE801A80ED43
:105C50000B1A00EE104AF8EEC00A90ED030A80EE2F
:105C6000801A80ED0C1A00EE905AF8EEE00A80EEF1
:105C7000801A80ED0D1A00EE906AF8EEE00A80EED0
:105C8000801A80ED0E1A00EE103A9FED081AF8EE19
:105C9000C00A80EE810ADFED060A30EE200A80EDB0
:105CA0000F0ABDE8FF810000500100200000AA4358
:105CB000B81E124213460A4601466920FFF7B8BAD9
:105CC00008B58DF800008DF8011002226946D22037
:105CD000FFF7B4FB08BD30B50346032903D00529FF
:105CE0001DD0002030BD58783A2801D0002030BDAA
:105CF0001978172902D898783B2837D90846FFF732
:105D00002CFF50B19878FFF728FF30B11878303861
:105D1000C1B298783038C0B228E0002030BD187881
:105D2000FFF71BFF40B35878FFF717FF20B39878B1
:105D30003A2821D1D878FFF710FFE8B11879FFF79A
:105D40000CFFC8B118785978303800EB80006FF03C
:105D50002F0404EB40000844C1B2D8781D793038D4
:105D600000EB800004EB40002844C0B2172901D8A2
:105D70003B2803D9002030BD002030BD1170507089
:105D8000012030BDF0B502461078FFF7E6FE00288E
:105D900071D05078FFF7E1FE00286CD090782F2862
:105DA00069D1D078FFF7D9FE002864D01079FFF7C9
:105DB000D4FE00285FD050792F285CD19079FFF76E
:105DC000CCFE00287FD0D079FFF7C7FE00287AD01C
:105DD000107AFFF7C2FE002875D0507AFFF7BDFE9B
:105DE000002870D0907A20286DD1D07AFFF7B5FEC8
:105DF000002868D0107BFFF7B0FEE0B3507B3A2854
:105E000061D1907BFFF7A9FEA8B3D07BFFF7A5FE79
:105E100088B3107C3A2856D1507CFFF79EFE50B3D1
:105E2000907CFFF79AFE30B310785478303800EB4E
:105E300080006FF02F0303EB40002044C4B2D07801
:105E40001579303800EB800003EB40002844C5B2E0
:105E50009079567A303800EB4007C7EBC01006EB5C
:105E6000C006D0793038642710FB07F7107A303835
:105E700000EB800000E026E007EB400030443038C3
:105E800080B2D67A177B303E06EB860603EB4606D9
:105E90003E44F6B2977B92F80FC0303F07EB87077E
:105EA00003EB47076744FFB292F812C0527C303AC6
:105EB00002EB820203EB42026244D2B2631E0C2B5D
:105EC00003D30020F0BD0020F0BD6B1E1F2B01D3BB
:105ED0000020F0BD172E03D83B2F01D83B2A01D953
:105EE0000020F0BDA0F5FA63642B01D30020F0BDC3
:105EF0006423B0FBF3FC03FB1C0008704C708D7036
:105F0000CE700F714A710120F0BD00002DE9FC41F7
:105F100001210220FDF76AF94FF400550095002495
:105F20008DF805408DF8064001268DF804600E4F6F
:105F300069463846FCF724F9012229463846FCF721
:105F400079F96D1000958DF805408DF806408DF8B3
:105F5000046069463846FCF713F9002229463846A2
:105F6000FCF768F9BDE8FC810004024010B5184C4C
:105F700094ED090AD4ED0A0A20EE000A00EEA00A08
:105F8000D4ED0B0A00EEA00AFEF780F8207828B9BD
:105F900084ED040A84ED050A01202070D4ED040A82
:105FA0009FED0C1A60EE810A9FED0B1A40EE010A7C
:105FB000C4ED040AD4ED050A9FED081A60EE810ACB
:105FC0009FED071A40EE010AC4ED050A10BD00005E
:105FD00050010020CDCC4C3FCDCC4C3E52B87E3F42
:105FE0000AD7A33B2DE9F04704468946204DEE68C9
:105FF0006F6BD5F838802868001D01F059FA38B960
:10600000286890F82C100120884029698143296173
:10601000601C17D1B9F1000F14D0164948682A68DE
:10602000906082682B68DA602A688368121D5A6063
:106030002A68121D8260286841610868401C086057
:10604000BDE8F087344428684460B44206D2296829
:106050004046BDE8F047091D01F080BA296838467E
:10606000091D01F07BFAA86A8442E9D2AC62E7E735
:10607000E000002008A3002070B5044601F092FA69
:10608000254DA868401CA860286810B1686938B11F
:106090000CE02C60A868012808D100F029FA05E07E
:1060A0002868E16AC06A884200D82C60686A401C8F
:1060B00068626064E06A01212A69814011432961B4
:1060C000164A00EB800002EB80004068A060816807
:1060D000E1608368211D59608160E06A00EB800007
:1060E00002EB8001616152F82010491C42F8201037
:1060F00001F066FA686900280CD02868E16AC06A75
:10610000884207D206494FF080500860BFF34F8F96
:10611000BFF36F8F70BD0000E0000020F0A10020F1
:1061200004ED00E010B501F03DFA0C4C206880B998
:106130000B4801F005FA0A48143001F001FA08484A
:10614000E0601430206100220C210A2001F0B5FC2F
:106150002060BDE8104001F033BA000020010020AB
:106160001CA3002070B50C4D0C4E11E001F01AFA82
:10617000F068C468201D01F09BF9A868401EA86063
:106180006868401E686001F01BFA204600F0ACF819
:1061900068680028EAD170BDE0000020F4A2002069
:1061A00030B40B46026C002A0CD0C1681144C160A7
:1061B0008468A14201D30168C160C16830BC18463F
:1061C000FAF766B830BC70472DE9F041044617462F
:1061D0000026A56B226C002A10D0C7B1E068FAF740
:1061E00057F8E168206C091AE1602268914202D2F6
:1061F000A168081AE060022F16D017E02068A8B93D
:10620000A06802F00FF906460020A0600EE060686A
:10621000FAF73EF8216C606808446060A168884223
:1062200004D32068606001E005B16D1E6D1CA5639C
:106230003046BDE8F0810000F0B587B0002003AA29
:106240000EA1095C115411B1401C1028F8DB002488
:106250000C4E00254FF480770B4806EB8401CDE906
:10626000005100233A4603A901F0ECFE002802D0B9
:10627000641C012CF0DB07B0F0BD000049444C4524
:10628000000000001C010020B56300082DE9FF5F3D
:106290008146DDE90E788A4616469B46B00000F03E
:1062A00041FB054628000ED0602000F03BFB044671
:1062B0002CB160212046FAF704F8256304E0284653
:1062C00001F08AF900E0002454B10020CDE9024039
:1062D000CDE900785B4632465146484600F0ABF8BF
:1062E00004B02046BDE8F09F10B50446206B01F0D5
:1062F00073F92046BDE8104001F06EB9416A0029EB
:1063000004D0006B0068C0F10A007047002070479D
:1063100000200B490A69012A00D901200A68D26AC3
:106320000AB100207047074A1268012A01D90020EB
:10633000704708B100207047886AC968401A7047E2
:10634000E0000020F0A100200749CA681168002978
:1063500004D00021016019B1002070470121F9E744
:10636000D068006870470000200100204FF42041F1
:106370000E48420706D0C01D20F007000B49411A05
:10638000C1F520410A4A10600023536001440839D6
:1063900021F00701143A11604B600B600B1A436047
:1063A000016040689060506070470000F00100207C
:1063B000D80000200E4C4FF080550E4EFFF7D2FE55
:1063C0002068012804D93560BFF34F8FBFF36F8F6A
:1063D000FFF79EFF0228F1D301F0FCFAFFF798FFC8
:1063E000022801D301F034F902F024F9E6E70000B5
:1063F000F0A1002004ED00E0002808D00021816019
:106400000160C16000231A46194601F0C1BB704704
:1064100070B51D46049C00290BD02260E063216406
:106420000121204601F06AFB84F850500020A0644E
:1064300070BD2460F2E72DE9F0478146DDE9085799
:106440000A9C0E4690469A464FEA8801A522206B88
:10645000F9F730FF206BA8F1010800EB880020F06D
:10646000070866B100202218315C82F83410315CD4
:1064700011B1401C1028F6D3002084F843000A2DE7
:1064800000D30925E562E564201D01F064F804F1FC
:10649000180001F060F82461C5F10A00A06164628F
:1064A00052464946404600F09FFA2060002F00D037
:1064B0003C60BDE8F0872DE9F0470546DDE908942A
:1064C0000E4690461F46FFF72DFE2560A661E76148
:1064D000C4F82090201D01F03EF8B8F1000F04D060
:1064E00014F8280F40F004002070BDE8F087000089
:1064F00070B50024114D04EB840005EB800001F021
:106500001FF8641C0A2CF6D30C48C83001F018F8A8
:106510000A48DC3001F014F80848F03001F010F8B7
:10652000074801F00DF80648143001F009F8044955
:1065300004483C3941631431816370BDF0A10020EF
:10654000F4A20020E000002030B5134900E011461D
:106550000A688242FBD34B685C18844203D14068CE
:106560001844486008460D6844682318AB420DD1B2
:10657000094B143B1B689A4206D052682244426081
:106580000A681268026002E0036000E00260814273
:1065900000D0086030BD0000D800002070B5002495
:1065A000416000610C4D91420AD8D11A8269914232
:1065B00001D301240EE0011D286900F0CFFF09E09E
:1065C0009A4203D2994201D3012403E0011DE868F5
:1065D00000F0C4FF204670BD2001002010B5044625
:1065E00000F0E0FFA06B20B1002400F0E9FF20469E
:1065F00010BD0124F9E710B5044600F0D3FFA06BED
:10660000E16B884201D1012400E0002400F0D8FFB2
:10661000204610BDF1B50098846C0026A06BE16B9C
:10662000884210D294F94550002269462046FFF76F
:10663000CBFD0646681C08D000F04CFF854202D214
:106640006D1C84F845503046F8BD606A0028FAD0C9
:1066500004F1240001F086FF0028F4D00126F2E7BF
:1066600070B505460E460D48C068C068C468201D58
:1066700000F01EFF94F82800410705D53246294650
:10668000204600F0AFF803E000F0FE0084F8280098
:106690002046216ABDE87040084700002001002024
:1066A0007FB50020019002900390324E5AE001988D
:1066B000002857DB039C606910B1201D00F0F8FE34
:1066C000684600F0B3F8054601980A284AD2DFE888
:1066D00000F0490505282E3D0505282E94F82800D0
:1066E00040F0010084F828000298A16903460144A3
:1066F0002A462046FFF752FF38B394F82800410796
:1067000007D50298A1692A460144204600F06AF89C
:1067100003E000F0FE0084F82800216A2046884744
:1067200020E014F8280F00F0FE0020701AE094F822
:10673000280040F0010084F828000298A061411967
:106740002B462A462046FFF729FF0BE094F8280045
:10675000810703D4204600F03FFF03E000F0FE0075
:1067600084F82800002201A9306801F02BFB0028E2
:106770009DD17FBD20010020F8B506460D4601F0F1
:1067800029F9684600F052F80446009810B101F06B
:1067900051FFF8BD45B9A64206D801F04BFF21468E
:1067A0003046FFF75DFFF8BD0C481DB1016909686F
:1067B00091B10025311B2A46006800F0B5FF01F0B9
:1067C00039FF0028EFD106494FF080500860BFF331
:1067D0004F8FBFF36F8FF8BD0125EBE7200100203D
:1067E00004ED00E070B505460C46164604E0A869C5
:1067F0000444296A28468847A86923460119324675
:106800002846FFF7CBFE0028F1D170BD0648416B4A
:106810000968002904D0416BC96809688162704722
:106820004FF0FF3181627047E000002070B50546EF
:1068300001F05CFD0446074EB068844204D200F0CB
:106840000BF80120286001E000202860B460204699
:1068500070BD00002001002070B5094C4FF0FF35DD
:1068600004E0C06800682946FFF7FAFEE0680268A5
:10687000002AF6D1E0682169E160206170BD000066
:1068800020010020BF2080F31188BFF34F8FBFF39A
:106890006F8FFEE708B56846FFF756FD0099FFF7D2
:1068A0006BFFFFF7FDFEF6E72DE9F041044600F02F
:1068B00079FE94F9455004F1240612E0A06C30B141
:1068C0002046FFF7A7FE50B100F0CAFF07E0606A5C
:1068D00048B1304601F046FE08B100F0C1FF6D1E20
:1068E0006DB2002DEADC4FF0FF3684F8456000F011
:1068F00067FE00F057FE94F9445004F1100709E0D8
:10690000206948B1384601F02DFE08B100F0A8FF1B
:106910006D1E6DB2002DF3DC84F84460BDE8F041DB
:1069200000F04EBE2DE9F04104460025002C11D0A8
:1069300014F1090F0DD8083460070BD004F00700DC
:10694000C0F10800C1438C4201D8044402E0002495
:1069500000E0002401F03EF81D4E306808B9FFF752
:1069600005FD002C2FDD73689C422CD8184914318A
:106970000846006801E0014610464268A24202D281
:106980000268002AF7D1326890421CD00D680835A1
:1069900002680A604268171B102F05D90219576058
:1069A00044600C6814600A604268991A7160B368A8
:1069B000994200D2B16042F0004141600021016083
:1069C000F068401CF06001F035FE2846BDE8F0811B
:1069D000C400002003480068002802D0016D491C53
:1069E00001657047E000002024384FF08073036297
:1069F00021F00101C1610449816142606FF002012F
:106A000040F82019704700008568000838B5124D1D
:106A10006421A86E01F058FAC0B105F12804E378AA
:106A200022786178A078FAF77EFEA07800906378EB
:106A30002278E17809A0FDF7DDF9A86E01B0002306
:106A4000BDE830401A46194601F0A2B8BDE838400A
:106A50000FA0FDF7CFB9000024000020416C617247
:106A60006D2074696D6520736176656420746F2094
:106A70004453333233313A204461792025642C2049
:106A8000253032643A253032643A253032640A00C7
:106A90004572726F723A204661696C656420746F4A
:106AA0002074616B6520493243206D7574657820D0
:106AB000746F207361766520616C61726D207365FF
:106AC0007474696E67732E0A000000007FB5184D5C
:106AD0006421A86E01F0F8F9002822D0154CA08995
:106AE00061892289E388CDE90210CDE90032A388CB
:106AF0006288218810A0FDF77DF9A27A217AA07919
:106B0000FAF7D6FF237B2279A1782078FAF74EFF97
:106B1000A86E04B00023BDE870401A46194601F083
:106B200037B804B014A0BDE87040FDF763B90000A9
:106B300024000020B0010020536176696E67207444
:106B4000696D652073657474696E67733A202530CA
:106B500032642D253032642D2530326420253032C8
:106B6000643A253032643A25303264205765656BCB
:106B70003A25640A000000006661696C6420746F45
:106B800020736176652074696D652073657474691E
:106B90006E6700003EB51F4C4FF0FF31A06E01F054
:106BA00093F9012835D16A4601A902A8FAF79AF8A3
:106BB000DDED020ABDEEE00A9FED172AB8EEC01A1D
:106BC00070EEC10A60EE820AFDEEE01A9DED011A38
:106BD000FDEEC10AF8EEE02A31EE621A21EE021A49
:106BE000BDEEC11A0D48C0ED020A80ED031ADDEDBD
:106BF000000AFCEEE00AC0ED040A80ED000AC0EDD8
:106C0000011A00F00DF800231A461946A06E00F094
:106C1000BFFF3EBD240000200000C842C801002084
:106C200038B504460625009502231E21422022681D
:106C3000FCF700F906232E221E214E20FCF772F8E5
:106C4000009502231E2153206268FCF7F3F81748D1
:106C50000C2300901A461C215F20FCF791F8144881
:106C60000090302326220C211420FCF789F800958F
:106C700002230F214220A268FCF7DCF806232E2213
:106C80000F214E20FCF74EF8009502230F215320D0
:106C9000E268FCF7CFF8062325220F215F20FCF7DE
:106CA00041F8BDE83840FCF7ADB9000081A000080C
:106CB0009D9F000838B504460021062322A20846FD
:106CC000FCF7DCF8611E0620082907D2009001239A
:106CD000224600212020FCF7ADF838BDA4F10B01BD
:106CE000592907D200900223224600212020FCF7D8
:106CF000A1F838BDA4F1650140F28332914207D278
:106D000000900323224600212020FCF793F838BD91
:106D1000A4F2E93142F22732914207D200900423D3
:106D2000224600212020FCF785F838BDA4F51C512F
:106D3000074A11399142F8D20090052322460021DA
:106D40002020FCF777F838BD737465703A000000B6
:106D50008F5F010038B504460C250095A278022308
:106D600014211020FCF766F80C233A221421282065
:106D7000FBF7D8FF00956278022314213420FCF73A
:106D800059F80C233A2214214C20FBF7CBFF009535
:106D90002278022314215820FCF74CF80625009590
:106DA000E288042337212846FCF744F806232D22E5
:106DB00037212020FBF7B6FF0095227902233721E7
:106DC0002820FCF737F806232D2237213620FBF741
:106DD000A9FF0095E278022337213E20FCF72AF82C
:106DE0000095227A012337215520FCF723F8BDE8CE
:106DF0003840FCF707B9000038B5194CE0780C258D
:106E0000642807D90095E278022314210820FCF7B2
:106E100011F806E00095E278022314211020FCF717
:106E200009F80C233A2214212820FBF77BFF009558
:106E30002279022314213420FBF7FCFF0C233A2291
:106E400014214C20FBF76EFF009562790223142178
:106E50005820FBF7EFFFBDE83840FCF7D3B800003F
:106E60009C01002010B501210648FBF7D7F9012845
:106E700006D1AE20FCF7DAF8BDE81040FBF794B875
:106E800010BD00000000024008B50F48002269460E
:106E9000C06D00F097FF012809D19DF8000001287E
:106EA00006D0022803D1FEF71FF801F0C9FC08BD87
:106EB0009DF8010020B10128F9D1FEF715F808BDB1
:106EC000FEF752F908BD00002400002010B5FEF7BF
:106ED00043FD1E2000F04CFCFCF744FDFCF78CFD4C
:106EE000FEF74DFEF9F7E3FE11A0FCF783FFFBF779
:106EF000B3FE1E2000F03CFCFBF76CFE1E2000F0F1
:106F000037FCFBF7FBFCFBF7A1FDF9F75BFEF9F79C
:106F100065FD0C4800231A461946406C00F038FE07
:106F2000142000F025FCBDE81040002000F03ABC21
:106F3000E4B8B2E58FA3E6B58BE8AF953233330AF8
:106F400000000000240000200EB5544800900023EB
:106F5000012240F6B83152A001F002FC534CE0622D
:106F60000127534E002581E09DF8080054280ED0DB
:106F700041280CD0E17BE9B30D2877D00A2809D04D
:106F8000A17B13293FD24A1CA27370546EE0E773B1
:106F9000A5736BE0A07B3554132813D16946444890
:106FA000FEF7F0FE70B16421A06E00F08DFF0128A5
:106FB00008D16846FAF70CFC00231A461946A06E61
:106FC00000F0E6FDA17B032901D0052918D101AA13
:106FD0003748FEF780FE98B16421A06E00F074FF80
:106FE00001280DD19DF804109DF80500FAF7CCFB9F
:106FF000002300E00AE01A461946A06E00F0C8FD22
:10700000A573E57332E0A573E5732FE0032827D05D
:10701000052807D0062814D0217C012924D0022974
:1070200024D121E0207C10B101281FD104E0277475
:107030000120FEF7E9FA19E025740120FEF7E4FAD1
:1070400014E0207C10B1022810D104E0022020744A
:10705000FEF7DAFA0AE025740220FEF7D5FA05E019
:107060000920FEF7D1FA01E0FEF7CEFA002202A9CC
:10707000606E00F0A7FE01283FF476AFFBF7E2F860
:107080008046B8F1000F05D0142000F071FB404697
:10709000FEF7BAFA142000F06BFBE7E7154A000888
:1070A00052696E6753746F70000000002400002066
:1070B000DC0100201CB500200190441E0021224666
:1070C00001AB0846009401F0A5F80028F6D001981D
:1070D000C10702D0FDF70CFDF0E78007002804DAB5
:1070E000FBF7DEFCFBF7CCFCE8E7E7D0FDF700FDA3
:1070F000FBF7D6FCE2E700001CB501F0F7F80090C2
:107100001A4C1421684600F0ADFF0A21206C00F0F3
:10711000DBFE0128F5D1657A00231A461946206C5A
:1071200000F036FD6DB90A21A06E00F0CDFE0128F9
:1071300007D1FBF733FC00231A461946A06E00F076
:1071400027FD002201A9E06C00F03CFE0128D8D107
:10715000BDF804000128D4D9A16B8842D1D0FFF733
:10716000A9FDBDF80400A063CBE7000024000020C7
:1071700008B501243B4DA11E686C00F0A5FE3A4EF7
:1071800064226946286D00F01DFE012805D19DF896
:107190000000012801D19DF80140687A00285CD1E7
:1071A000012C06D0022C1FD0032C2BD0042C54D140
:1071B00046E06421A86E00F087FE01284DD12A48E0
:1071C000FAF792FB2848FAF7C7FB3078297A884209
:1071D00003D028722448FFF7BDFD00231A46194644
:1071E000A86E00F0D5FC38E00A21286C00F06CFE97
:1071F00028B3FFF7CFFC00231A461946286C00F08D
:10720000C7FC2AE00A21286C00F05EFEB8B1FFF747
:107210003BFE0A21A86E00F057FE012807D1FFF7B8
:10722000EBFD00231A461946A86E00F0B1FC00F0F1
:107230001DF800231A461946286C00F0A9FC0CE042
:107240000A21286C00F040FE38B1FBF701F9002359
:107250001A461946286C00F09BFC142000F088FAAE
:107260008EE7000024000020BE01002030B5174941
:107270008878002829D000238B7008894A79104427
:1072800080B28A7990420BD3B0FBF2F40D792C4492
:107290000C71B0FBF2F402FB140048710B8104E0A6
:1072A00048790A89104448710B8108793C280CD32D
:1072B0000A793C20B2FBF0F2CB781A44CA700A7902
:1072C000B2FBF0F300FB1320087130BD9C010020DD
:1072D0007FB504462C4D4FF0FF31A86E00F0F4FD51
:1072E00000284BD0082329A200212820FBF7C6FD47
:1072F000687B02281ED00121234E28363078FDF706
:1073000024FE687B012817D001217078FDF748FE24
:10731000687B98B10121B078FDF798FE687B03285F
:1073200000D001242146F078FDF7E4FD687B0328B6
:1073300006D00BE02146DFE72146E6E72146EAE7F3
:107340001023082200211820FBF758FC124890E86F
:107350000E00C0688DE80E000390697B08235DF87D
:10736000212000210846FBF789FDA86E04B0002308
:10737000BDE870401A46194600F00ABC04B007A0E8
:10738000BDE87040FCF736BD24000020414C41525E
:107390004D20534554000000508800084661696C38
:1073A000656420746F2074616B65206D75746578F9
:1073B00020666F7220616C61726D20646973706CFD
:1073C0006179207570646174650A000070B50446C7
:1073D0002A4D0021A86E00F077FDE8B3287BD0B3DA
:1073E0000121274EB07AFDF731FE287B012836D0E7
:1073F0000121307AFDF7D4FD287B022831D001210C
:10740000B079FDF7A2FD287B03282CD0012130792B
:10741000FDF770FD287B042827D00121B078FDF707
:10742000EAFD287B052822D00121308800F5FA608A
:1074300080B2FDF74EFE287B062800D001242146AD
:10744000307BFDF72EFEA86EBDE8704000231A4683
:10745000194600F09DBB00E00BE02146C1E7214644
:10746000C7E72146CCE72146D1E72146D6E72146AA
:10747000DBE7BDE8704003A0FCF7BCBC24000020A3
:10748000B00100204661696C656420746F207461EE
:107490006B65206D7574657820666F722064697302
:1074A000706C6179207570646174650A0000000079
:1074B0000169D0E901329A60D0E901235A604A6833
:1074C000824201D182684A60002202610868401E3F
:1074D000086070470148806870470000E0000020A5
:1074E00038B50A4C207D00280DD0002020750521DC
:1074F0008DF800108DF8010000231A466946606D72
:1075000000F046FB38BD0120F0E700002400002019
:1075100038B50A4CE07C00280DD00020E07405212D
:107520008DF800108DF8010000231A466946A06D01
:1075300000F02EFB38BD0120F0E700002400002001
:1075400000F1080141604FF0FF328260C1600161CB
:1075500000210160704700210161704730B50C685F
:10756000621C02D000F1080202E0026904E01A463F
:1075700053681D68A542FAD953684B6099608A60C8
:10758000516008610168491C016030BD42684A6071
:1075900093688B6093685960916008610168491C29
:1075A00001607047BF2080F31188BFF34F8FBFF396
:1075B0006F8F02480168491C01607047B4000020C9
:1075C00004490868401E0860002801D180F3118832
:1075D00070470000B400002070B500281BD00838A8
:1075E00004466068002816DA2168002913D120F0CB
:1075F0000040606000F0EEF9074D6068696808447B
:1076000068602046FEF7A0FF2869401C2861BDE89D
:10761000704001F00FB870BDC40000200B480A494B
:1076200041606FF07F42B2FBF1F181605E21C16089
:107630004FF0E0200021016181610349491E416151
:10764000072101617047000040900200B400002053
:107650002DE9F0410446324DA868844200D9044621
:1076600072B6BFF34F8FBFF36F8FFDF75DFD30B183
:107670004FF0E02306271F61986918B103E062B656
:10768000BDE8F08168686A68611E02FB0101254857
:107690000668760103D54FF000760660891AE8681F
:1076A000814200D9091A596100269E61186940F08B
:1076B0000100186124B1BFF34F8F30BFBFF36F8F4C
:1076C00062B6BFF34F8FBFF36F8F72B6BFF34F8FAA
:1076D000BFF36F8F1F611869C0030DD59869081A31
:1076E0006968081A401EEA68904201D9884200D9A8
:1076F000481E5861601E09E098696A685443211A5F
:10770000B1FBF2F0441C5443611A59619E61072198
:1077100019616968491E596100F046F962B6AFE720
:10772000B400002004ED00E070B504460D46164696
:10773000FFF738FF94F944304FF000005B1C01D193
:1077400084F8440094F94510491C01D184F845009F
:10775000FFF736FFA06B28B93246294604F1240012
:1077600000F094F82046BDE87040FFF79DB8000097
:1077700010B502460020002A07D000F02BF90021A6
:107780001046FEF72FFC00F055FF002807D10449F2
:107790004FF080500860BFF34F8FBFF36F8F10BD65
:1077A00004ED00E070B504460025FFF7FBFE244E13
:1077B00004B93468201DFFF77BFE58B9E06A214AFE
:1077C00000EB800152F8211021B90121814030697C
:1077D00088433061A06A18B104F11800FFF768FE11
:1077E000706A401C70623068844201D1012000E060
:1077F0000020716949B140B1211D1348FFF7C6FE51
:107800007068401C7060012504E0B068401EB060E4
:10781000FEF7FCFFFFF7D4FE012D02D02046FEF755
:1078200063FD706900280AD03068844207D1074997
:107830004FF080500860BFF34F8FBFF36F8F70BD64
:10784000E0000020F0A10020F4A2002004ED00E000
:1078500002490A6A0260C96841607047E00000207E
:107860000149012008607047FC00002010B50C465B
:10787000054909681831FFF771FE2046BDE8104040
:107880000121FEF7AFBB0000E0000020F0B403468A
:107890000C4658680D490D68E86185680E683562C8
:1078A0000D688668183575600D681835856008683C
:1078B00083621868401C1860002A01D04FF0FF3422
:1078C0002046F0BC1146FEF78DBB0000E000002012
:1078D00070B50446002844D0E06C884200D30146CD
:1078E000E06A88423DD0226D012A3AD1E162A26964
:1078F000002A02DBC1F10A01A1611A4D00EB8000F0
:10790000616905EB800081422BD1201DFFF7D0FD7E
:107910001549012230B994F82C000B6902FA00F0E5
:1079200083430B61E06A0B6982401A430A6100EBF2
:10793000800005EB80004068A0608168E16082689B
:10794000211D51608160E06A00EB800005EB800042
:107950006061E06A00EB800055F82010491C45F892
:10796000201070BDF0A10020E000002010B5FEF74F
:1079700063FC012801D100F00DFF0A4C01280FD152
:10798000BF2080F31188BFF34F8FBFF36F8F4FF08D
:10799000FF30A062012060610020E06000F04AF842
:1079A000E06A10BDE000002070B50446084DE868AC
:1079B0002044A96A884207D1FFF7F4FDA869401C5A
:1079C000A861FFF7FDFD641EE8682044E86070BD13
:1079D000E00000200248016B491C01637047000071
:1079E000E0000020114A116B02F11C00002902D0B6
:1079F000012101607047002101601069B0FA80F038
:107A0000C0F11F000A4900EB800001EB80004168D3
:107A10004968416000F10803994201D1C1684160A1
:107A20004068C0681060106870470000E0000020E7
:107A3000F0A1002010B50C48016841F47F010160FD
:107A4000016841F07F410160FFF7E8FD0749002030
:107A50000860F8F7CFFB0648016841F0404101603B
:107A6000F8F7B4FB002010BD20ED00E0B4000020CA
:107A700034EF00E070B504460D46FFF793FDA06CAF
:107A800008B1002405E0A06B08B1002401E0A56462
:107A90000124FFF795FD204670BD10B50246002178
:107AA000012000F00AF804462046FEF7A5FC204617
:107AB00010BD00220421AFF30080F8B505460E4644
:107AC00017460024002D16D0601EB0FBF5F0B04222
:107AD00011D305FB06F010F1550F0CD85430FEF70A
:107AE00021FF04463CB1224654323B4631462846EB
:107AF0000094FEF78DFC2046F8BD00002DE9F04112
:107B000004460F460125002C3BD0E26BC2B3AE1EEB
:107B1000B6FBF2F1206C814233D3FFF743FDD4E989
:107B20000F20216802FB0011A1600021A1632168E0
:107B30006160E06B2268216C401E00FB0121E16066
:107B400084F8446084F8456004F1100047B1FFF701
:107B5000F7FC04F12400FFF7F3FCFFF731FD11E01F
:107B600021690029F9D000F0FDFC0028F5D0074973
:107B70004FF080500860BFF34F8FBFF36F8FECE77B
:107B8000FFE700252846BDE8F081000004ED00E095
:107B90002DE9FF4782B004468A4698460025A9464B
:107BA0004FF08056414FFFF7FDFCA06BE16B884220
:107BB00006D3B8F1020F03D0049880B385B338E040
:107BC000A56B424651462046FEF7FEFAA16C69B10C
:107BD000B8F1020F00D1E5B92046FEF71BFDC0B198
:107BE0003E60BFF34F8FBFF36F8F12E0616A51B1F8
:107BF00004F1240000F0B6FC58B13E60BFF34F8F93
:107C0000BFF36F8F05E020B13E60BFF34F8FBFF32E
:107C10006F8FFFF7D5FC012006B0BDE8F08700E0CC
:107C200003E0FFF7CDFC0020F6E76846FFF710FE03
:107C30000125FFF7C5FCFFF7CDFEFFF7B3FC94F974
:107C40004400401C01D184F8449094F94500401C44
:107C500001D184F84590FFF7B3FC04A9684600F011
:107C6000C5F930B12046FEF71FFE00F0E3FC00200E
:107C7000D2E72046FEF7BFFC88B104F1100004995A
:107C8000FFF7F4FD2046FEF70FFE00F0D3FC0028BE
:107C900089D13E60BFF34F8FBFF36F8F83E72046DC
:107CA000FEF702FE00F0C6FC7DE7000004ED00E0F8
:107CB0002DE9F047044616469846BF20EFF311879A
:107CC00080F31188BFF34F8FBFF36F8FA06BE26B10
:107CD000904207D3B8F1020F04D0002087F3118837
:107CE000BDE8F08794F94550D4F8389042462046D4
:107CF000FEF76AFA681C08D0FFF7ECFB854202D257
:107D00006D1C84F845500120E8E7A06C012570B196
:107D1000B8F1020F02D1B9F1000FF4D12046FEF7FD
:107D200079FC0028EFD0002EEDD03560EBE7606ADB
:107D30000028E8D004F1240000F014FC0028E2D070
:107D4000002EE0D03560DEE72DE9F04104460E4616
:107D5000BF20EFF3118780F31188BFF34F8FBFF37C
:107D60006F8FA16BE06B884227D994F94550491C6D
:107D7000A163681C08D0FFF7ADFB854202D26D1CE1
:107D800084F84550012019E0A06C012540B120463F
:107D9000FEF740FC0028F5D0002EF3D03560F1E767
:107DA000606A0028EED004F1240000F0DBFB00281C
:107DB000E8D0002EE6D03560E4E7002087F3118894
:107DC000BDE8F0812DE9F74783B004468A460026D6
:107DD00000274FF08058DFF8D890FFF7E3FBA56B42
:107DE000C5B151462046FEF7DBF96D1EA56320693B
:107DF00050B104F1100000F0B5FB28B1C9F80080C3
:107E0000BFF34F8FBFF36F8FFFF7DAFB012006B090
:107E1000BDE8F087059808B126B107E0FFF7D0FB71
:107E20000020F4E701A8FFF713FD0126FFF7C8FBC8
:107E3000FFF7D0FDFFF7B6FB94F94400401C01D1D9
:107E400084F8447094F94500401C01D184F84570D1
:107E5000FFF7B6FB05A901A800F0C8F858B1204605
:107E6000FEF722FD00F0E6FB2046FEF7B7FB0028F8
:107E7000B3D00020CBE72046FEF7B0FB90B104F171
:107E800024000599FFF7F2FC2046FEF70DFD00F0F7
:107E9000D1FB0028A1D1C9F80080BFF34F8FBFF3F9
:107EA0006F8F9AE72046FEF7FFFC00F0C3FB94E7D4
:107EB00004ED00E008B5002300930A466946FFF789
:107EC00081FF009808BD00002DE9F34383B004460C
:107ED0000025A94600264FF08057DFF80C81FFF7F8
:107EE00061FBA06BC8B1401EA063206810B9FEF70B
:107EF00071FDA060206950B104F1100000F032FB68
:107F000028B1C8F80070BFF34F8FBFF36F8FFFF732
:107F100057FB012005B0BDE8F083049808B125B1F6
:107F200007E0FFF74DFB0020F4E701A8FFF790FC06
:107F30000125FFF745FBFFF74DFDFFF733FB94F9F4
:107F40004400401C01D184F8446094F94500401C71
:107F500001D184F84560FFF733FB04A901A800F0C4
:107F600045F8C8B12046FEF79FFC00F063FB2046B1
:107F7000FEF734FB0028B2D0B9F1000F0AD0FFF7AA
:107F800011FB2046FEF7BAF90146A068FFF7A0FCF6
:107F9000FFF716FB0020BDE72046FEF71FFBE0B110
:107FA000206838B9FFF7FEFAA06800F081FA814630
:107FB000FFF706FB04F124000499FFF757FC204665
:107FC000FEF772FC00F036FB002888D1C8F800707C
:107FD000BFF34F8FBFF36F8F81E72046FEF764FC3E
:107FE00000F028FB7BE7000004ED00E02DE9F04104
:107FF00006460D46FFF7D6FA1148C36874681A1B87
:1080000029684F1C0AD03768D0F820C00020674587
:1080100006D09C4204D8012428600CE000240AE029
:10802000914206D9881A28603046FFF711FC0024D7
:1080300001E028600124FFF7C3FA2046BDE8F08183
:10804000E00000207CB5DDE90654CDE90054FEF7E0
:108050001DF918B1FEF710F801207CBD4FF0FF307C
:108060007CBD000070B503460D460024FFF7B2FC4E
:108070001148C26818684119904205D9884208D948
:10808000914206D9012404E0884201D8914200D9E6
:10809000012419601CB1881A0021FDF7A3FF00F02C
:1080A000C9FA38B905494FF080500860BFF34F8FC7
:1080B000BFF36F8F204670BDE000002004ED00E0AC
:1080C0002DE9F041DDE906C70125BF24EFF3118654
:1080D00084F31188BFF34F8FBFF36F8F00EB8104E0
:1080E000BCF1000F03D0D4F85480CCF8008000EB32
:1080F000010C9CF85C104FF002088CF85C80052B9A
:1081000013D2DFE803F01203070B0D00636D134376
:1081100063650AE0626D521C626506E0626504E018
:10812000022901D0626500E00025012922D1374BE8
:10813000196B012419B3DFF8D8C0DCF80410C16151
:108140008A680262D1F8088000F11802C8F8042099
:108150008A60C0F828C0DCF80010491CCCF8001078
:10816000C06A1968C96A884204D907B13C602748C7
:108170001C30046086F311882846BDE8F08141690F
:10818000D0E902C2CCF80820D0E9022CCCF80420B7
:10819000D1F804C0021D944503D1D0F80CC0C1F839
:1081A00004C04FF0000CC0F814C0D1F800C0ACF10E
:1081B000010CC1F800C0C16AD3F8108004FA01FCB8
:1081C0004CEA080CC3F810C0DFF844C001EB810191
:1081D000ACF1F00C0CEB810149688160D1F80880AA
:1081E000C0F80C80D1F80880C8F804208A60C16A01
:1081F00001EB81010CEB81014161C16A01EB81015D
:108200005CF82120521C4CF82120A9E7E000002056
:10821000E0A200202DE9F0470446DDF820A08946C1
:1082200090461F460025FFF7D5FBFFF7BBF9264E0A
:108230003068204490F85C0002280FD0306800EBD2
:108240008400416D21EA0901416531680120214422
:1082500081F85C00BAF1000F00D00125FFF7B0F9FA
:10826000012D03D101215046FDF7BCFE00F0E2F9DB
:10827000012D07D130B9154928070860BFF34F8F8A
:10828000BFF36F8FFFF78EF927B1306800EB8400E2
:10829000406D38603068204490F85C00022801D0BE
:1082A000002507E0306800EB8400416D21EA0801F9
:1082B0004165012531680020214481F85C00FFF709
:1082C0007FF92846BDE8F087E000002004ED00E0DB
:1082D00005484169002903D0006B18B100207047A0
:1082E0000120704702207047E00000200148C0686C
:1082F00070470000E00000200148C068704700009F
:10830000E00000202DE9F0410025444E306B0028AC
:1083100005D0B069401CB0612846BDE8F081F46822
:10832000641CF46044B9706BB16B7163B063306A04
:10833000401C3062FEF76AFAB06A394F84420FD3AC
:108340004FF0000C706B006838B1706BC068C1688A
:108350004868844214D2B06202E04FF0FF30B0624D
:108360003068C06A00EB800057F82000012800D96F
:1083700001252A481C3000680028CDD00125CBE714
:108380004A69D1E902309860D1E902035860506827
:108390000B1D984201D1C8685060C1F814C0106824
:1083A000401E10608A6A9AB1D1E90780C8F80800B7
:1083B000D1E90708C8F80400506801F118084045E1
:1083C00001D1086A5060C1F828C01068401E1060D2
:1083D000C86A0122D6F81080824042EA080232615F
:1083E00000EB800007EB800042688A609068C860FC
:1083F000906843609360C86A00EB800007EB8002DE
:108400004A6157F82020521C47F82020C86A31687A
:10841000C96A884296D9012594E70000E00000204F
:10842000F0A1002010B504460020002C3BD0216DA7
:10843000491E2165E36CE26A9A4234D0002932D1A8
:10844000201DFFF735F81849012230B994F82C00A7
:108450000B6902FA00F083430B61E06CE062C0F14B
:108460000A00A061E06A0B6982401A430A610F4A60
:1084700000EB800002EB80004068A0608168E16052
:108480008368211D59608160E06A00EB800002EB87
:1084900080006061E06A00EB800052F82010491C07
:1084A00042F82010012010BDE0000020F0A10020C3
:1084B00070B504460020002C48D0284DE16A2A6897
:1084C000D26A914243D2A069002804DB2868C06ABE
:1084D000C0F10A00A061E06A214E00EB80006169F2
:1084E00006EB800081422DD1201DFEF7E1FF012126
:1084F00030B994F82C002A6901FA00F082432A610D
:108500002868C06AE0622A6981401143296100EB52
:10851000800006EB80004068A0608168E1608268AE
:10852000211D51608160E06A00EB800006EB800055
:108530006061E06A00EB800056F82010491C46F8A4
:10854000201002E02868C06AE062012070BDE16C82
:108550002A68D26A9142F9D2012070BDE000002061
:10856000F0A1002070B5C068C468A06AD4E90721F2
:108570009160D4E907125160426804F118018A42FF
:1085800001D1226A42600022A26203685B1E03607E
:10859000264D286B0126A8B1254A5068E061836802
:1085A0002362836859608160A2621068401C106079
:1085B000E06A2968C96A884236D901201B491C3102
:1085C0000E6070BD6069D4E902319960D4E902138C
:1085D00059604368211D8B4201D1E36843606261A9
:1085E0000268521E0260E06A2B6906FA00F21A4322
:1085F0002A610F4A00EB8000F03A02EB80004068ED
:10860000A0608368E360836859608160E06A00EB82
:10861000800002EB8001616152F82010491C42F891
:108620002010FEF7F3F8C3E7002070BDE000002043
:10863000E0A200202DE9F0470024A246FEF7B2FF99
:108640000025444F386B401E3863386B00287BD1BF
:10865000B868002878D0A1463F4A4FF0010807F1DA
:108660001C0651E0D068C468A16AD4E9073098605C
:10867000D4E9070358604B6804F11800834201D124
:10868000206A4860C4F828900868401E0860606945
:10869000D4E902319960D4E9021359604368211D7D
:1086A0008B4201D1E3684360C4F8149003685B1EF9
:1086B0000360E06AD7F810C008FA00F343EA0C033D
:1086C0003B61254B00EB8000F03B03EB80004068F2
:1086D000A060D0F808C0C4F80CC0D0F808C0CCF82E
:1086E00004108160E06A00EB800003EB80016161AF
:1086F00053F82010491C43F82010E06A3968C96A11
:10870000884201D946F8258010680028AAD10CB10A
:10871000FEF77CF8BC694CB1FFF7F4FD08B146F8F0
:108720002580641E002CF7D1C7F8189056F8250054
:1087300050B14FF0010A386808494FF08050086086
:10874000BFF34F8FBFF36F8FFEF73AFF5046BDE880
:10875000F0870000E0000020E0A2002004ED00E02F
:108760002DE9FC4706460A9D0F46904699462C2067
:10877000FEF7D8F8044654B1002084F82800CDE96B
:1087800000544B46424639463046FDF794FE20469B
:10879000BDE8FC871CB50024FDF7C4FC0848006850
:1087A00060B107480921001DCDE9001000234FF4F6
:1087B000807204A10548FFF745FC044620461CBD15
:1087C00020010020546D72205376630095680008E4
:1087D000FEB505461E460020074C2468002C0AD032
:1087E000009101920295062905DB00233246694675
:1087F0002046FFF75DFAFEBD20010020FEB50346CE
:10880000089D00200D4C2668002E0ED0009101928C
:108810000293062909DAFFF75BFD022806D0002340
:108820001A4669462068FFF7B3F9FEBD00232A46C1
:1088300069462068FFF7ACF9FEBD0000200100206A
:1088400002480021C1700171417170479C010020F4
:10885000B8A00008BCA00008C0A00008C8A000087C
:108860000000000000000000000000000000000008
:10887000000000F80000000000000033300000009D
:1088800000160E00160E00000000000000000000A0
:1088900040C07840C0784000043F04043F04040016
:1088A000007088FC08300000001820FF211E000026
:1088B000F008F000E018000000211C031E211E003B
:1088C00000F00888700000001E21232419272110C1
:1088D000000000160E000000000000000000000074
:1088E000000000E01804020000000007182040000B
:1088F00000020418E00000000040201807000000FB
:10890000404080F0804040000202010F010202005E
:10891000000000F0000000000101011F0101010042
:10892000000000000000000000B070000000000027
:108930000000000000000000000101010101010130
:1089400000000000000000000030300000000000C7
:10895000000000008060180400601806010000009C
:1089600000E010080810E000000F102020100F0099
:10897000001010F8000000000020203F2020000020
:108980000070080808887000003028242221300078
:1089900000300888884830000018202020110E0080
:1089A0000000C02010F8000000070424243F240029
:1089B00000F80888880808000019212020110E00FE
:1089C00000E0108888180000000F112020110E0010
:1089D00000380808C83808000000003F0000000008
:1089E0000070880808887000001C222121221C00C9
:1089F00000E010080810E0000000312222110F00F2
:108A0000000000C0C0000000000000303000000086
:108A1000000000C0C0000000000080B07000000036
:108A2000000080402010080000010204081020000F
:108A3000404040404040400004040404040404005A
:108A400000081020408000000020100804020100EF
:108A5000007048080808F0000000003036010000EF
:108A6000C030C828E810E0000718272423140B00A2
:108A70000000C038E0000000203C2302022738201C
:108A800008F8888888700000203F202020110E0000
:108A9000C0300808080838000718202020100800F7
:108AA00008F808080810E000203F202020100F00E0
:108AB00008F88888E8081000203F202023201800AC
:108AC00008F88888E8081000203F20000300000014
:108AD000C03008080838000007182020221E0200B5
:108AE00008F808000008F808203F210101213F2074
:108AF000000808F8080800000020203F202000009F
:108B000000000808F8080800C08080807F0000008E
:108B100008F888C028180800203F200126382000C7
:108B200008F8080000000000203F2020202030002E
:108B300008F8F800F8F80800203F003F003F200048
:108B400008F830C00008F808203F200007183F0050
:108B5000E01008080810E0000F10202020100F007F
:108B600008F808080808F000203F21010101000072
:108B7000E01008080810E0000F18242438504F00B7
:108B800008F8888888887000203F2000030C302077
:108B900000708808080838000038202121221C00B5
:108BA000180808F8080818000000203F20000000FE
:108BB00008F808000008F808001F202020201F00E7
:108BC0000878880000C83808000007380E01000047
:108BD000F80800F80008F800033C0700073C030011
:108BE000081868808068180820302C03032C302077
:108BF0000838C800C83808000000203F20000000E6
:108C000010080808C838080020382621202018003D
:108C1000000000FE020202000000007F4040400011
:108C2000000C30C000000000000000010638C00049
:108C300000020202FE000000004040407F000000F1
:108C400000201008040810200000000000000000B0
:108C50000000000000000000808080808080808014
:108C600000020408000000000000000000000000F6
:108C700000008080808000000019242222223F20F2
:108C800008F8008080000000003F112020110E0035
:108C90000000008080800000000E112020201100C4
:108CA000000000808088F800000E112020103F2076
:108CB0000000808080800000001F222222221300FA
:108CC000008080F0888888180020203F2020000045
:108CD0000000808080808000006B949494936000FA
:108CE00008F8008080800000203F210000203F2005
:108CF00000809898000000000020203F2020000005
:108D0000000000809898000000C08080807F0000F4
:108D100008F8000080808000203F24022D302000D1
:108D2000000808F8000000000020203F202000007C
:108D30008080808080808000203F20003F20003F96
:108D4000008080008080000000203F2100203F2024
:108D50000000808080800000001F202020201F0055
:108D6000808000808000000080FFA12020110E0084
:108D70000000008080808000000E112020A0FF8075
:108D8000808080008080800020203F212000010022
:108D90000000808080808000003324242424190077
:108DA000008080E0808000000000001F2020000084
:108DB0008080000000808000001F202020103F20C5
:108DC000808080000080808000010E300806010055
:108DD00080800080008080800F300C030C300F00FA
:108DE00000808000808080000020312E0E31200025
:108DF000808080000080808080818E701806010055
:108E000000808080808080000021302C2221300072
:108E100000000000807C020200000000003F404093
:108E200000000000FF00000000000000FF00000044
:108E30000002027C800000000040403F0000000073
:108E40000080404080000080000000000001010020
:108E50000000000000000000000000000000000012
:108E60000000000000000000000000000000000002
:108E7000000000000000000000F0F0F00000000022
:108E80000000000000017F01000000000000000061
:108E9000001C1C1C0000000000008060301C8C6066
:108EA000301C0C000000000000000000000000006A
:108EB000000000000000000000000000000000E0D2
:108EC0000000000000E000000086E69F868686869F
:108ED000E69F860000011F01010101011F01010041
:108EE000000080C06020F820E0C000000000030700
:108EF0000C18FF70E18100000000070F10107F10B8
:108F00000F0700008060206080000000E02000006B
:108F10000F3020309F70DC371030C0000000100E82
:108F200003000718101807000000C02020E0C00050
:108F30000000000080E01F38E88703C43C04000004
:108F4000070F1810100B070D1010080000808C4C34
:108F500038000000000000000000000000000000D9
:108F60000000000000000000000000000000000001
:108F700000000000000080E0300804000000000055
:108F800000FEFF0100000000000000000000030FD1
:108F90001820400000040830E080000000000000BD
:108FA0000000000001FFFE0000000000004020184B
:108FB0000F03000000000000000000000000C000DF
:108FC00000000000004266663C18FF183C666642DE
:108FD000000000000000030000000000000000008E
:108FE0000000800000000000001010101010FF10A2
:108FF000101010100000000000000300000000002E
:109000000000000000000000000000000000000060
:10901000000000000000000000808C4C38000000C0
:109020000000000000000000000000000000000040
:109030000010101010101010101010000000000090
:109040000000000000000000000000000000000020
:109050000000000000000000000000000000000010
:1090600000001C1C1C0000000000000000000000AC
:1090700000000000E0380C000000000080701C03BD
:10908000000000000060380E010000000000000039
:10909000000080C060202060C080000000FEFF0152
:1090A0000000000001FFFE000001070E181010185C
:1090B0000E0701000000808080C0E000000000007A
:1090C0000000000000FFFF00000000000000101082
:1090D000101F1F1010100000008040202020206072
:1090E000C080000000030300804020381F070000FC
:1090F000001C1A1918181818181F00000080C0202A
:10910000202060C080000000000303001010182F12
:10911000E780000000070F10101010180F07000064
:10912000000000000000C0E0F000000000C0B088B7
:10913000868180FFFF808000000000000010101F6B
:109140001F1010000000E060606060606060000060
:1091500000003F1008080818F0E0000000070B109E
:109160001010101C0F030000000080C040202020C1
:10917000E0C0000000FCFF211008080818F0E00023
:109180000001070C18101010080F03000000C0E0C9
:109190006060606060E06000000003000000E018B4
:1091A0000700000000000000001F1F00000000007A
:1091B0000080C0602020202060C080000087EF2C4D
:1091C0001818303068CF830000070F0810101010F7
:1091D000180F07000000C0C020202020C080000021
:1091E000001F3F604040402010FFFE0000000C1CAC
:1091F000101010080F030000000000000000000025
:109200000000000000000000000E0E0E0000000034
:1092100000000000001C1C1C0000000000000000FA
:10922000000000000000000000000000000C0C0026
:10923000000000000000000000583800000000009E
:1092400000000000000000804020100000001028F6
:109250004482010000000000000000000000010244
:1092600004081000000000000000000000000000E2
:1092700000848484848484848484840000000000C6
:1092800000000000000000000000102040800000EE
:1092900000000000000000000000018244281000CF
:1092A00000001008040201000000000000C020209F
:1092B0001010101030E0C0000003030000F0100890
:1092C0000C070300000000001C1C1C000000000034
:1092D000000000C0406020202040C00000FCFF01D2
:1092E000F00E03C1FE03807F0001070E081111106C
:1092F000110904020000000080E0E000000000000E
:109300000000807C4340477FF880000010181F1049
:1093100000000000131F1C1020E0E020202020602F
:10932000C080000000FFFF10101010182FE7800011
:10933000101F1F1010101010180F0700000080C021
:10934000402020202060E00000FCFF010000000021
:10935000000001000001070E18101010080403009F
:1093600020E0E02020202040C080000000FFFF001F
:109370000000000001FFFE00101F1F101010180851
:109380000E07010020E0E020202020202060800047
:1093900000FFFF101010107C00000000101F1F10B5
:1093A000101010101018060020E0E02020202020CF
:1093B0006060800000FFFF101010107C00000100B2
:1093C000101F1F100000000000000000000080C0FF
:1093D0006020202040E0000000FCFF010000404031
:1093E000C0C140400001070E181010100F0F000000
:1093F00020E0E0200000000020E0E02000FFFF105F
:109400001010101010FFFF00101F1F1000000000B0
:10941000101F1F100000202020E0E020202000006E
:109420000000000000FFFF0000000000000010101E
:10943000101F1F101010000000000000202020E06E
:10944000E020202000000000000000FFFF000000DE
:109450000060E0808080C07F3F00000020E0E020CE
:10946000000020A06020200000FFFF30187CE3C037
:1094700000000000101F1F10000001131F1C181017
:1094800020E0E020000000000000000000FFFF00DE
:109490000000000000000000101F1F10101010102E
:1094A0001018060020E0E0E000000000E0E0E0200E
:1094B00000FF013FFEC0E01E01FFFF00101F100073
:1094C000031F0300101F1F1020E0E0C00000000079
:1094D0000020E02000FF0003071C78E08000FF0070
:1094E000101F100000000000030F1F00000080C0CC
:1094F00060202060C080000000FEFF01000000002E
:1095000000FFFE000001070E181010180C070100E4
:1095100020E0E0202020202060C0800000FFFF200D
:1095200020202020301F0F00101F1F1000000000FF
:1095300000000000000080C060202060C0800000AB
:1095400000FEFF010000000000FFFE000001070E0A
:109550001111133C7C67210020E0E0202020202016
:1095600060C0800000FFFF101030F0D0080F07002F
:10957000101F1F10000000030F1C10100080C0609F
:10958000202020204040E00000070F0C1818303049
:1095900060E08100001F0C0810101010180F070069
:1095A0008060202020E0E02020206080010000007A
:1095B00000FFFF000000000100000000101F1F104E
:1095C0000000000020E0E020000000000020E0207B
:1095D00000FFFF00000000000000FF0000070F1860
:1095E00010101010100807002060E0E020000000BC
:1095F00020E060200000077FF88000807C030000EE
:1096000000000000071F1C070000000020E0E02011
:1096100000E0E0200020E0200007FFF8E01FFFFC52
:10962000E01F00000000031F0300011F03000000F3
:10963000002060E0A0000020E060200000000003A7
:109640008F7CF8C6010000000010181E13000117DF
:109650001F1810002060E0E02000000020E06020E3
:10966000000001073EF8E0180700000000000010AD
:10967000101F1F101000000000806020202020A07C
:10968000E0E0200000000000C0F03E0F03000000FA
:1096900000101C1F1710101010180600000000000A
:1096A00000FC0404040404000000000000FF0000AB
:1096B0000000000000000000007F404040404000EB
:1096C000000010E0000000000000000000000000AA
:1096D000031C608000000000000000000000000388
:1096E0000C70800000000404040404FC000000006E
:1096F00000000000000000FF0000000000004040EB
:109700004040407F0000000000000010080C040CE6
:109710000810000000000000000000000000000031
:109720000000000000000000000000000000000039
:109730000000000000000000000000000000000029
:109740000000000080808080808080808080808019
:1097500000000004040808000000000000000000F1
:1097600000000000000000000000000000000000F9
:1097700000000000000000000000000000000000E9
:10978000000098D844642424FCF80000000F1F183F
:10979000101010081F1F10180020E0F0000000003B
:1097A000000000000000FFFF180804040CF8F0009F
:1097B00000001F0F18101010180F03000000000009
:1097C000000000000000000000E0F8180404043C61
:1097D0003800000000030F0C1010101008060000E5
:1097E0000000000000000020E0F0000000E0F81C95
:1097F00004040408FFFF000000030F1810101008F5
:109800001F0F080000000000000000000000000022
:109810000000E0F8484444444C7870000000030F16
:109820000C181010100804000000000080C0602018
:1098300020E0C00000040404FFFF0404040400004E
:10984000000010101F1F101010000000000000008A
:109850000000000000000000000070F88C04048C80
:10986000F874040C007076CF8D8D8D89C8787000E7
:109870000020E0F000000000000000000000FFFFFA
:1098800008040404FCF8000000101F1F1000001062
:109890001F1F1000000000000060600000000000BA
:1098A0000000040404FCFC00000000000000101094
:1098B000101F1F10101000000000000000000060CA
:1098C0006000000000000000040404FCFC00000034
:1098D0000000C0C08080C07F3F0000000020E0F09A
:1098E00000000000000000000000FFFF80C0F41C2A
:1098F0000404000000101F1F1100031F1C101000A3
:109900000000202020E0F000000000000000000027
:1099100000FFFF000000000000001010101F1F10CB
:109920001010000000000000000000000000000017
:1099300004FCFC0804FCFC0804FCFC00101F1F10C5
:10994000001F1F10001F1F1000000000000000007B
:10995000000000000004FCFC08080404FCF80000FF
:1099600000101F1F100000101F1F1000000000003B
:10997000000000000000000000E0F0180C04040CDF
:1099800018F0E00000030F0C101010100C0F030073
:109990000000000000000000000000000004FCFCCB
:1099A000080404040CF8F0000080FFFF88901010F9
:1099B0001C0F030000000000000000000000000079
:1099C00000E0F81C04040408F8FC000000030F1871
:1099D00010109088FFFF80000000000000000000D1
:1099E00000000000040404FCFC100804040C0C003B
:1099F0001010101F1F1010100000000000000000C9
:109A0000000000000000000000003078CCC4848416
:109A1000840C1C0000001E1810101011190F0600F5
:109A20000000000000C0000000000000000404046A
:109A3000FFFF040404000000000000000F1F1010CE
:109A4000100C0000000000000000000000000000FA
:109A50000004FCFE00000004FCFE000000000F1FDC
:109A6000181010081F0F0800000000000000000080
:109A70000000000000040C3CFCC40000C43C0C04CA
:109A800000000000010F1E0E010000000000000099
:109A90000000000000000000043CFCC400E47CFC6A
:109AA00084807C040000071F070000071F070000D8
:109AB0000000000000000000000000000004041C82
:109AC0007CE4C0341C0404000010101C1601131F99
:109AD0001C18100000000000000000000000000042
:109AE00000040C3CFCC400C43C0404000000C08022
:109AF000C1370E010000000000000000000000005F
:109B00000000000000001C0404C4F47C1C040000DD
:109B10000000101C1F17111010180E00000000008C
:109B2000000000F80C04000000000000001028EF06
:109B300000000000000000000000003F6040000046
:109B4000000000000000FF00000000000000000016
:109B50000000FF0000000000000000000000FF0007
:109B6000000000000000040CF800000000000000ED
:109B700000000000EF28100000000000000040601E
:109B80003F00000000000000001806020204081058
:109B9000202030080000000000000000000000004D
:109BA00000000000000000000000000000000000B5
:109BB00000000000002F0000000007000700001454
:109BC0007F147F1400242A7F2A1200231308646262
:109BD00000364955225000000007000000001C22FA
:109BE0004100000041221C000014083E0814000837
:109BF000083E0808000000A06000000808080808E7
:109C0000000060600000002010080402003E51497E
:109C1000453E0000427F400000426151494600211C
:109C200041454B31001814127F1000274545453936
:109C3000003C4A4949300001710905030036494991
:109C4000493600064949291E00003636000000004A
:109C50005636000000081422410000141414141495
:109C6000000041221408000201510906003E495536
:109C7000592E007C1211127C007F49494936003E62
:109C800041414122007F4141221C007F4949494115
:109C9000007F09090901003E4149497A007F08080F
:109CA000087F0000417F4100002040413F01007FCC
:109CB00008142241007F40404040007F020C027F98
:109CC000007F0408107F003E4141413E007F0909AA
:109CD0000906003E4151215E007F091929460046D0
:109CE000494949310001017F0101003F4040403FA7
:109CF000001F2040201F003F4038403F00631408F1
:109D000014630007087008070061514945430000CB
:109D10007F414100000204081020000041417F0003
:109D200000040201020400404040404000000102E3
:109D30000400002054545478007F484444380038CC
:109D40004444442000384444487F00385454541854
:109D500000087E0901020018A4A4A47C007F080466
:109D600004780000447D4000004080847D00007F36
:109D7000102844000000417F4000007C0418047853
:109D8000007C0804047800384444443800FC24244F
:109D900024180018242418FC007C08040408004837
:109DA0005454542000043F444020003C4040207C58
:109DB000001C2040201C003C4030403C0044281047
:109DC0002844001CA0A0A07C004464544C44000023
:109DD000087F41000000007F00000000417F080074
:109DE000000804081008EFBC8C0000000000000010
:109DF00000000000000000000000000000583800D3
:109E00000000000000000000000000E3808200006D
:109E10000000000000000000000000000000000042
:109E200000001824241800000000000000000000BA
:109E3000E4BDA00000008060F8074020180F08C8AB
:109E40000808281800010000FF00100C0340807F64
:109E50000001061800E5A5BD00001010F01F10F06D
:109E600000808282E2928A86800040221508166174
:109E7000000040807F0000000000E4B89600002051
:109E80002020FE2020FF202020FF20202020000076
:109E900000007F404047444444474040400000E7C2
:109EA000958C0000000000FE929292FE929292FE2B
:109EB0000000000008080484621E010001FE020484
:109EC00004080800E5BF8300000000800000E002F5
:109ED000041800000040800000100C0300003F4008
:109EE000404040407800010E00E78E8700000014DB
:109EF000A4442434AD6624940444A4140000080946
:109F00000808090909FD09090B0808090800E8A162
:109F10008000000000F80808F80C0B08F80808F8A2
:109F200000000040407F40407F4040407F40407FF5
:109F3000404000E6B0A700000824236AAA2AAA6AC3
:109F40002A2A2AEA020200001011151515FF15151C
:109F50001511100F3040F8000000000000FF010153
:109F6000013109090909897101010101FFFF80809F
:109F7000808080809681808080808080FFF808E8E3
:109F8000E8E8E8E8E8E8E8E8E808F820E01F101763
:109F9000171717171717171717101F0407000000B8
:109FA0000000000000C0E0800000000080E03018E9
:109FB000181808181830E0C0000000000000000069
:109FC0000000000000000000000001030303000087
:109FD0000000FFFF0000C0F0F0E00000FFFF000005
:109FE0000000000000000000000080E0F8F8F0C071
:109FF0000000000000000000FFFF0000FFFFFFFF67
:10A000000000FFFF00000000000000000000000052
:10A0100000030303030100000080E030180C0F0769
:10A020008080FFFFFFFF8080070F0C1830E0C0002A
:10A0300000000000000000000000000000000C7F95
:10A04000E0800000001E3F7F7F7F7F7F7F3F1E00FC
:10A05000000080C07F0F0000000000000000000032
:10A06000000000000000000306060C0C0818181879
:10A07000181818180C0C0607030100000000000057
:10A0800000000E0A0E00F8040202020400000000A4
:10A09000000000010202021CFEF77B1FEECE86C606
:10A0A000EE7E3F7BF7FE1C00C7EF7E387071636168
:10A0B0007070387EEFC70000534543004D494E0095
:10A0C000484F55520000000044415900ECA00008E0
:10A0D00000000020B00100008409000820A1000851
:10A0E000B001002098AA0000EC4000081184E1F5BE
:10A0F00005680901020304060708090CA9102913C1
:10A10000D1C90E016D1AAA01015469E9012C13A4E9
:10A11000A30315201E0750804633338341000000FF
:040000050800019955
:00000001FF
