:020000040802F0
:1000000060AE00206D020208512D02085529020839
:100010009D2C02086F1402087548020800000000B9
:10002000000000000000000000000000AD01020818
:10003000C91B02080000000009020208D54202089C
:100040008702020887020208870202088702020864
:100050008702020887020208FD1C0208A91D020887
:100060008702020887020208F51D020887020208BB
:100070008702020887020208870202088702020834
:1000800087020208870202088702020800000000B7
:1000900000000000000000000000000087020208CD
:1000A0008702020887020208870202088702020804
:1000B0005D43020801440208870202088702020821
:1000C00087020208870202088702020887020208E4
:1000D0008702020887020208C945020800000000E2
:1000E000611D020887020208870202080000000062
:1000F000000000000000000000000000870202086D
:100100000000000087020208870202088702020836
:1001100000000000000000000000000000000000DF
:10012000891402088702020887020208870202086F
:10013000870202080000000000000000000000002C
:10014000000000000000000000000000870202081C
:100150008702020887020208870202088702020853
:100160008702020887020208000000000000000069
:10017000000000000000000000000000000000007F
:1001800000000000870202080000000000000000DC
:100190008702020887020208DFF80CD000F0E0FBBB
:1001A000004800475D66020860AE00202C4B1968CD
:1001B0000868B0E8F04F80F30988BFF36F8F4FF005
:1001C000000080F3118870470000000008480068B4
:1001D000006880F308884FF0000080F3148862B64E
:1001E00061B6BFF34F8FBFF36F8F00DF00BF00BF5B
:1001F00008ED00E0DFF80C00016841F470010160D7
:10020000704700BF88ED00E0EFF30980BFF36F8F08
:10021000134B1A681EF0100F08BF20ED108A20E95A
:10022000F04F106009B44FF0500080F31188BFF315
:100230004F8FBFF36F8F08F07BF94FF0000080F312
:10024000118809BC19680868B0E8F04F1EF0100F5B
:1002500008BFB0EC108A80F30988BFF36F8F704736
:10026000C8000020EFF30580704700000648804773
:1002700006480047FEE7FEE7FEE7FEE7FEE7FEE78B
:10028000FEE7FEE7FEE7FEE70143020899010208E8
:100290002DE9F05F0546002092469B4688460646BB
:1002A000814640241BE0284641464746224600F04E
:1002B00088FA53465A46C01A914110D3114618463F
:1002C000224600F06FFA2D1A67EB01084F462246CE
:1002D0000120002100F066FA17EB00094E41201EB4
:1002E000A4F10104DFDC484631462A464346BDE816
:1002F000F09F40EA01039B0703D009E008C9121FE1
:1003000008C0042AFAD203E011F8013B00F8013BCF
:10031000521EF9D27047D2B201E000F8012B491EFB
:10032000FBD270470022F6E710B513460A46044692
:100330001946FFF7F0FF204610BD10B5002200E07F
:10034000521C835C8C5CA34201D1002BF8D1D8B243
:10035000E1B2401A10BD2DE9FE4F804681EA03004C
:10036000C00F0C46009021F0004123F00045B8EB8F
:100370000200A94105D24046214690461C460B4644
:10038000024623F00040104347D0270DC7F30A0070
:10039000C3F30A510290401A019040286BDAC3F36C
:1003A000130040F4801B0098924620B10023D2EB4A
:1003B000030A63EB0B0B01985946C0F1400250460B
:1003C00000F0F0F906460D4650465946019A00F0F5
:1003D00008FA10EB08006141002487EA115284EA10
:1003E000E7731A4340D0009A62B3019A012A4FEA98
:1003F000075215DC001B61EB02014FF0004202EADC
:100400000752CDE90042001C41F5801132462B46CF
:1004100000F03FFA03B0BDE8F08F40462146F9E70F
:10042000001B61EB0201001C41F5801300185B41C9
:100430002018A2F5001747EB030140EAD570B61962
:100440006D4111E06D084FEA360645EAC0754FEA86
:100450000752001B61EB0201001C41F580114908A5
:100460004FEA30000019514132462B4603B0BDE837
:10047000F04F00F0FFB90098012240000023D0EBBC
:10048000020263EBE073009821464FEAE074B8EB98
:10049000000061EB0401E9E783F000435BE781F0D2
:1004A000004158E72DE9FE4F81EA030404F00044BF
:1004B00021F0004100944FF0000B23F0004350EA7C
:1004C00001045ED052EA03045BD0C3F30A54C1F3C3
:1004D0000A552C44A4F2F3340194A0FB0254C1F356
:1004E000130141F48011C3F3130343F4801301FBA0
:1004F000024400FB034E840A970A44EA815447EA07
:100500008357A4FB076802958D0A05FB07854FEA10
:10051000932C04FB0C542705029D4FEA065847EA2A
:100520001637B5EB08056EEB070C870E920E47EAFF
:10053000811742EA8312A7FB0201B6EB0B0164EBC1
:1005400000042B0D43EA0C335E1844EB1C50DA46D2
:100550005146E7FB0201C5F313044FEA0B3343EAAC
:1005600014534FEA0432019C43EA0603A4F10C043D
:100570000294009CCDE900B400F08BF903B0BDE813
:10058000F08F00200146F9E72DE9F04D81EA0304E0
:1005900004F0004B21F0004514464FF0000A23F010
:1005A000004150EA050220D054EA01021DD0C5F3F3
:1005B0000A570246C5F31303C1F31300C1F30A56E9
:1005C00040F4801543F48013A7EB0608101BD646B1
:1005D00008F2FD3873EB050002D308F1010801E0D1
:1005E00092185B41B8F1000F03DA00200146BDE824
:1005F000F08D00204FF48011064684460EE0171B54
:1006000073EB050705D3121B63EB050306434CEAA6
:10061000010C49084FEA300092185B4150EA01078B
:10062000EDD152EA030012D082EA040083EA050108
:10063000084305D0101BAB4106D20122002306E07F
:1006400000224FF0004302E06FF0010253101AEB5A
:1006500006004CEB085110EB0A0041EB0B01BDE822
:10066000F04D00F007B90EB5C10F80EAE070084404
:10067000CA07002140F233438DE80E000A460B46BC
:1006800000F007F903B000BD0EB540F2334102910E
:100690000021CDE900110A460B4600F0FAF803B03C
:1006A00000BD70B5C1F30A5201F000450024C1F34A
:1006B000130140F2FF3341F480119A4201DA002025
:1006C00070BD40F233439A42A2F2334203DC5242FD
:1006D00000F077F800E090402C43F1D0404270BD2C
:1006E00030B5041E71F1000404DB4FF000444042B9
:1006F00064EB0101141E73F1000405DB1C464FF08E
:100700000043524263EB04038B4208BF824230BD78
:1007100030B5041E71F1000404DB4FF00044404288
:1007200064EB0101141E73F1000405DB1C464FF05D
:100730000043524263EB0403994208BF904230BD2C
:1007400001F0004330B421F0004150EA010206D02C
:100750000A0DA2F56072C1F31301002A02DC30BC5D
:1007600000207047440F44EAC104C100E01830BCC7
:1007700000EBC25000F047B830B50B4601460020F0
:100780002022012409E021FA02F59D4205D303FA53
:1007900002F5491B04FA02F52844151EA2F10102D4
:1007A000F1DC30BD202A04DB203A00FA02F10020FF
:1007B00070479140C2F1200320FA03F3194390409F
:1007C0007047202A04DB203A21FA02F0002170470A
:1007D00021FA02F3D040C2F12002914008431946A9
:1007E0007047202A06DBCB17203A41FA02F043EA91
:1007F000E07306E041FA02F3D040C2F120029140DA
:100800000843194670470029A8BF7047401C49009B
:1008100008BF20F00100704710B4B0FA80FC00FA65
:100820000CF050EA010404BF10BC704749B1CCF190
:10083000200421FA04F411FA0CF118BF012121431C
:100840000843A3EB0C01CB1D4FEA00614FEA1020D7
:1008500042BF002010BC704700EBC3501044002979
:10086000A4BF10BC7047401C490008BF20F0010025
:1008700010BC704710B5141E73F1000408DA401C58
:1008800041F1000192185B411A4301D120F00100AF
:1008900010BD2DE9F04D92469B4611B1B1FA81F29F
:1008A00002E0B0FA80F220329046FFF77BFF044668
:1008B0000F4640EA0A0041EA0B0153465A460843F4
:1008C00013D0114653EA010019D0C8F14002504636
:1008D000FFF777FF05460E46504659464246FFF75A
:1008E00061FF084305D0012004E020463946BDE8F9
:1008F000F08D0020054346EAE0762C4337430A9802
:100900006305E40AA0EB08000022FD0A44EA47540C
:100910000A3002D500200146E9E7010510196941B6
:10092000DDE9084500196941BDE8F04DA2E7C1F3D2
:100930000A52C1F3130140F2FF3341F480119A428D
:1009400002DA00200146704740F233439A42A2F295
:10095000334202DC5242FFF734BFFFF723BF0000EF
:10096000064C074D06E0E06840F0010394E80700FC
:1009700098471034AC42F6D3FFF712FC18AC0208CB
:1009800038AC020830B58C1810F8012B12F00F03A8
:1009900001D110F8013B120906D110F8012B03E038
:1009A00010F8015B01F8015B5B1EF9D101E001F871
:1009B000013B521EFBD1A142E6D3002030BD000016
:1009C00010B58CB00121080203F04AF90121084654
:1009D00003F02AF903208DF82C0002200A9000244D
:1009E0008DF82F400AA9214801F0CAFC04F034FD1B
:1009F00000F0FAF802F000FA06944FF480400890F4
:100A00004FF4706009904FF48030079006A800F012
:100A10003FF88DF8054004944FF0106003904FF0BC
:100A20008050029001208DF8140000948DF804404D
:100A30000F4C6946204600F057F80121204600F08F
:100A400047F801231A461946204600F073F80121A1
:100A5000204600F031F80121204600F00DF8012178
:100A6000044803F014FD0CB010BD0000000002406B
:100A70000020014000080040002904D0816841F0B6
:100A8000010181607047816821F001018160704738
:100A900010B5074C226807490A40D0E900131943F2
:100AA000D0E90230034319431143216010BD000017
:100AB00004230140E030FCFF002904D0816841F4A8
:100AC000807181607047816821F480718160704716
:100AD000002904D0816841F4007181607047816809
:100AE00021F400718160704730B542680F4B1A40A5
:100AF0000C790B6842EA04221343436083680C4A72
:100B00001340D1E9034222434D798C6844EA4504FD
:100B100022431A438260C26A22F47002097D491E90
:100B2000C9B242EA0151C16230BD0000FFFEFFFCC4
:100B3000FDF7FFC070B5072609290AD9C568A1F1DC
:100B40000A0404EB4404A640B543A3401D43C5601A
:100B500007E0056901EB4104A640B543A3401D43EE
:100B600005611F23072A09D2446B521E02EB820241
:100B700093409C4391400C43446370BD0D2A09D2BD
:100B8000046BD21F02EB820293409C4391400C43C2
:100B9000046370BDC46A0D3A02EB820293409C4329
:100BA00091400C43C46270BD7CB50121022003F06A
:100BB0003BF84FF48054009401208DF8040000208D
:100BC0008DF8060002228DF805208DF80700054DEE
:100BD0006946284601F0D4FB2146284601F028FC4E
:100BE0007CBD00000004024010B590B001218805D2
:100BF00003F01AF801A800F07BFD0020019004909A
:100C00001B4903914FF4806107911E2105914FF418
:100C100080710A91174902910690C91408918900C0
:100C2000099109010B910C90134C01A9204600F089
:100C300035FD0F4900223C31204600F0D7FC012150
:100C4000204600F0C7FC0D49204600F08BFC012235
:100C50001021204600F008FD01220821204600F066
:100C600003FD0121204600F0A9FC10B010BD0000DA
:100C7000BCA500204C200140106402403D008010C3
:100C800000B591B0114901AA002051F8203042F876
:100C90002030401C1028F8D30D490198884202D119
:100CA0000298012802D0002011B000BD0949039824
:100CB000884201D00020F7E70648401C039000203E
:100CC000079001A800F014F8C0B2EDE70000010899
:100CD0003157544202005AA510B50221202001F0DC
:100CE000A3F9092801D0002010BD012010BD00008B
:100CF00070B5064601F048FAF32001F077F9FFF7E6
:100D0000EBFF68B100240C4D56F8241005EB84006D
:100D100001F01CFA092807D001F0F4F9002070BD99
:100D200001F0F0F9002070BD641C102CECD301F030
:100D3000E9F9012070BD00000000010800F00F017A
:100D4000000900EB800001EB4000C0B2704710B515
:100D5000B621E02000F080FB08B1012010BD0A2080
:100D600007F0ACFA00F0DEFA0121F22000F074FB8B
:100D70009021F52000F070FB6C21F42000F06CFB5A
:100D8000002010BD2DE9F74F82462DED108B84B069
:100D900016466F21F42000F05FFB082202A9F7201D
:100DA00000F054FB9FEDFBDB9FEDFCEB9FEDFDCBDB
:100DB000FE4C28B1012004B0BDEC108BBDE8FE8FC5
:100DC0009DF808009DF80910000340EA01109DF805
:100DD0000A1040EA111B9DF80B009DF80C1000034F
:100DE00040EA01109DF80D1040EA11179DF80F0020
:100DF0009DF80E1040EA01200190B4F90200FFF7BF
:100E000032FC41EC180B2088FFF73EFC8946054672
:100E10009FEDE71B53EC112BFFF744FB41EC190B43
:100E20003846FFF720FC8846074653EC1D2BFFF79A
:100E300039FB53EC192BFFF72FFB53EC182BFFF763
:100E400031FB41EC180BB4F90400FFF70CFC41EC4A
:100E5000190B49EC105B9FEDD8BB51EC100B53EC18
:100E60001B2BFFF71FFB41EC1A0B48EC107B9FED8F
:100E7000D4FB51EC100B53EC1F2BFFF713FB53EC7F
:100E80001A2BFFF709FB49EC105B41EC1A0B53ECF2
:100E90001B2B51EC100BFFF705FB48EC107B41ECD2
:100EA0001B0B53EC1F2B51EC100BFFF7FBFA53EC11
:100EB0001B2BFFF7F1FA53EC1A2BFFF7F3FA53EC65
:100EC000192BFFF7EFFA41EC100B51EC180B53EC18
:100ED000102BFFF740FA0F460546FFF7E2FB606272
:100EE00047EC105B9FEDB81B51EC100B53EC112B32
:100EF000FFF74AFB41EC100B51EC100BFFF720FC05
:100F0000CAF80000606AFFF7AEFB9FEDB11B53EC1F
:100F1000112BFFF7C7FA9FEDB01B53EC112BFFF716
:100F2000BBFA41EC180BB4F91000FFF79CFB41EC45
:100F3000190B53EC182B51EC180BFFF7B3FA53ECC9
:100F4000192BFFF7AFFA53EC1E2BFFF7ABFA41EC6E
:100F5000190BB4F90E00FFF786FB53EC182BFFF7C3
:100F6000A1FA9FED9F1B53EC112BFFF79BFA53EC5B
:100F7000192BFFF7F0F941EC1A0BB4F90C00FFF74D
:100F800072FB9FED991B53EC112BFFF78BFA41EC91
:100F9000190B9FED970B51EC1A0B53EC102BFFF72D
:100FA00081FA53EC192BFFF7D6F941EC1F0BB4F97A
:100FB0000800FFF758FB53EC182BFFF773FA41ECCE
:100FC000190BB4F90A00FFF74EFB53EC182BFFF78F
:100FD00069FA53EC182BFFF765FA53EC1C2BFFF75B
:100FE00061FA53EC192BFFF7B6F953EC1C2BFFF702
:100FF00059FA41EC190BE088FFF746FB41EC180B5E
:1010000053EC1E2B51EC190BFFF74CFA9FED7AAB0A
:1010100053EC1A2BFFF79FF953EC182BFFF742FA0A
:1010200041EC190B9FED76BB51EC190B53EC1B2BCC
:10103000FFF756FB04D19FED740A86ED000A65E0C8
:101040005846FFF710FB9FED711B53EC112BFFF778
:1010500026FA41EC180B9FED6F0B51EC1F0B53EC74
:10106000102BFFF71FFA53EC182BFFF718FA9FED20
:101070006B1B53EC112BFFF715FA53EC192BFFF7F1
:1010800083FA41EC190BB4F91600FFF7ECFA53ECB4
:10109000192BFFF707FA53EC192BFFF703FA9FED13
:1010A000611B53EC112BFFF7FDF941EC180BB4F960
:1010B0001400FFF7D8FA53EC192BFFF7F3F953ECB0
:1010C0001E2BFFF7EFF941EC1F0BB4F91200FFF7ED
:1010D000CAFA41EC1E0B53EC1F2B51EC180BFFF717
:1010E0003AF953EC1E2BFFF736F99FED501B53ECEA
:1010F000112BFFF7D7F953EC192BFFF72CF941EC23
:10110000100B51EC100BFFF71BFB3060606AFFF710
:10111000AAFA9FED481B53EC112BFFF7BDF941ECE8
:10112000190B207FFFF7B0FA9FED44EB53EC1E2B19
:10113000FFF7B8F953EC192BFFF7B4F953EC1A2B5E
:10114000FFF709F941EC180B94F92200FFF78BFA2D
:1011500053EC1E2BFFF7A6F953EC192BFFF7A2F95E
:1011600053EC182BFFF79EF953EC1A2BFFF7F3F80B
:1011700041EC180BB4F91A00FFF775FA9FED311B1B
:1011800053EC112BFFF78EF953EC182BFFF78AF96C
:101190005CE00000000000000000103F00000000C4
:1011A0000000003F000000000000C03E34A6002008
:1011B000000000000000503F000000000000203F41
:1011C000000000000000E03E000000000000B4400D
:1011D000000000000000E03F000000000040EF4081
:1011E0000000000000000040000000000000F0408F
:1011F000000000000000D03F000000000000F03FB1
:1012000000000000000000000000000000000000DE
:1012100000003041000000000000303F00000000EE
:10122000006AB840000000000000003E000000001E
:101230000000B03F0000000000C0F24000000000CD
:101240000000503E000000000000F03E41EC180B92
:10125000B4F92000FFF707FA53EC1D2BFFF722F932
:1012600053EC192BFFF71EF941EC190BB4F91E00D2
:10127000FFF7F9F99FED271B53EC112BFFF712F93C
:1012800053EC192BFFF767F841EC190B0198FFF7A6
:10129000EAF953EC192BFFF7FFF853EC182BFFF783
:1012A00001F941EC190B207EFFF7EEF953EC192BF5
:1012B000FFF7F8F853EC1C2BFFF7F4F853EC1A2B5C
:1012C000FFF7EDF853EC192BFFF7ECF841EC180B96
:1012D0009FED129B51EC180B53EC192BFFF718FAEA
:1012E00004D2B0EE498AF0EE698A0AE053EC1B2B77
:1012F00051EC180BFFF7F4F903D2B0EE4B8AF0EE85
:101300006B8A51EC180BFFF71BFA15990860002047
:1013100051E5000000000000000050400000000007
:101320000000594010B588B0182201A9882000F0AB
:101330008DF89DF804009DF805103E4C40EA012010
:1013400020809DF806009DF8071040EA012060808B
:101350009DF808009DF8091040EA0120A0809DF842
:101360000A009DF80B1040EA0120E0809DF80C0077
:101370009DF80D1040EA012020819DF80E009DF897
:101380000F1040EA012060819DF810009DF81110B7
:1013900040EA0120A0819DF812009DF8131040EA58
:1013A0000120E0819DF814009DF8151040EA01200D
:1013B00020829DF816009DF8171040EA01206082F7
:1013C0009DF818009DF8191040EA0120A0829DF8B0
:1013D0001A009DF81B1040EA0120E08201226946B4
:1013E000A12000F033F89DF800002076072201A923
:1013F000E12000F02BF89DF804009DF8051040EA6C
:10140000012060839DF8060020779DF808009DF874
:101410000720014662F31F11E1839DF809100901BD
:1014200041EA101020849DF80A0084F8220008B0D8
:1014300010BD000034A6002010B56C21F42000F08F
:101440000BF808B1012010BD002010BD13460A465C
:101450000146762004F064BC08B58DF800008DF8D4
:10146000011002226946EC2004F060FD08BDFEE791
:101470000A21B0FBF1F2B0FBF1F301FB130000EB2A
:101480000210C0B2704700002DE9FE4F0025029502
:101490000F26DFF8ACB02B4F5946384600F0BAF8AB
:1014A000294CDFF8A880DFF8A8A00DF10809A0B149
:1014B0005946384600F06CF8384600F0A4F8A8B356
:1014C00024482060A8F80060CDE9005901231A469D
:1014D0000021DAF8780007F099FB1F4E38463146B4
:1014E00000F098F8A8B13146384600F051F8384677
:1014F00000F089F8F8B1194820600F20A8F8000022
:10150000CDE9005901231A460021DAF8780007F0E6
:101510007DFB0298002807D011494FF080500860E9
:10152000BFF34F8FBFF36F8FBDE8FE8FFFE70B4810
:101530001E382060C6E707481E302060DDE7000047
:101540001040001010640240480100204C010020AF
:1015500010000020F8A5002020800010DAA500204F
:1015600004ED00E0074A904201D2074801E0054837
:101570001038064A8B0001EA020101D5C1607047AC
:101580008160704710640240006002407D0F7D0F53
:10159000074A904201D2074801E005481038064A40
:1015A0008B0001EA020101D5C1607047816070477C
:1015B00010640240006002407D0F7D0F002904D0BE
:1015C000016841F0010101607047016821F00101EB
:1015D00001607047002904D0016841F48021016056
:1015E0007047016821F4802101607047002A04D00F
:1015F000026842F40022026003E0026822F4002242
:10160000026001617047014600200968090300D5A6
:101610000120704730B500240F4A904201D20F4A92
:1016200001E00D4A103A0E4B194205D01E2303EA81
:10163000D12503682B4002E0406900F08003880058
:1016400001D5506800E01068064A1040084201D0F9
:1016500003B10124204630BD106402400060024006
:101660003C0F3C0F7D0F7D0F0B0609D522B143695E
:1016700043F08003436103E0436923F08003436147
:10168000802905D001F01E011AB102680A430260E8
:10169000704702688A4302607047000030B50368F3
:1016A000124A1340CC680A682243D1E905452C430D
:1016B0002243CC6922430C6A22434C6A22438C6A3F
:1016C00022434C6B22438C6B22431A4302604269D3
:1016D00022F00703D1E90B2422431A4342610A692D
:1016E00042604A6882608968C16030BD3F801CF0FA
:1016F0000021016041608160C160016141618161DF
:10170000C161016241628162C162016341638163BF
:10171000704738B5044669460F2001F0E6F908B174
:10172000012038BD012C03D0022C07D0022038BD87
:101730009DF8000020F00100009004E09DF80000FA
:1017400020F0020000909DF800100F2001F0D3F966
:1017500008B1032038BD002038BD38B504460D4619
:1017600069460E2001F0C1F908B1012038BD012CF5
:1017700003D0022C0ED0022038BD2DB19DF8000000
:1017800040F00100009011E09DF8000020F0010001
:1017900000900BE02DB19DF8000040F00200009099
:1017A00004E09DF8000020F0020000909DF8000089
:1017B00040F0040100910E2001F09DF908B10320D2
:1017C00038BD002038BD70B50E4615461C46FFF7E3
:1017D0004FFE00F07F01072001F08DF908B10120D4
:1017E00070BD3046FFF744FE00F07F01082001F095
:1017F00082F908B1022070BD2846FFF739FE00F0DB
:101800007F01092001F077F908B1032070BD20465F
:10181000FFF72EFE40F080010A2001F06CF908B1BC
:10182000042070BD002070BD10B50C46FFF720FEEF
:1018300000F07F01082001F05EF908B1012010BD21
:101840002046FFF715FE00F07F01092001F053F953
:1018500008B1022010BD0120FFF70AFE40F0800110
:101860000A2001F048F908B1032010BD002010BD86
:1018700070B504460A252078B0FBF5F105FB11018F
:10188000B0FBF5F001EB0010C1B22170062001F0B1
:1018900032F920B1BDE870402DA002F0F9BF6078A8
:1018A000B0FBF5F105FB1101B0FBF5F001EB001009
:1018B000C1B26170052001F01EF920B1BDE8704091
:1018C00028A002F0E5BFA078B0FBF5F105FB1101FF
:1018D000B0FBF5F001EB0010C1B2A170042001F0E3
:1018E0000AF920B1BDE8704023A002F0D1BFE07832
:1018F000B0FBF5F105FB1101B0FBF5F001EB0010B9
:10190000C1B2E170022001F0F6F800281FD1207961
:10191000B0FBF5F105FB1101B0FBF5F001EB001098
:10192000C1B22171012001F0E6F800280FD16079E1
:10193000B0FBF5F105FB1101B0FBF5F001EB001078
:10194000C1B26171BDE87040002001F0D4B870BD33
:101950007365742079656172206572726F720D0A09
:1019600000000000736574206D6F6E7468206572EE
:10197000726F720D0A000000736574206461792033
:101980006572726F720D0A0038B50446002000902F
:101990006946062001F0A9F808B1012038BD9DF87C
:1019A0000000FFF7CBF900F5FA60E08069460520FA
:1019B00001F09BF808B1022038BD9DF80000FFF748
:1019C000BDF920716946042001F08FF808B10320A9
:1019D00038BD9DF80000FFF7B1F9E07069460320BB
:1019E00001F083F808B1042038BD9DF80000FFF72E
:1019F000A5F92072002038BD38B5044600200090BB
:101A00006946022001F071F808B1012038BD9DF847
:101A10000000FFF793F9A0706946012001F065F816
:101A200008B1022038BD9DF80000FFF787F960700B
:101A30006946002001F059F808B1032038BD9DF82F
:101A40000000FFF77BF92070002038BD2DE9F04140
:101A50000D4616461C460C2D00D90125611E07298E
:101A600000D3012406B901260A27B0FBF7F107FBD2
:101A70001101B0FBF7F001EB0010C1B2062001F03C
:101A80003AF828B11EA002F003FF0120BDE8F08162
:101A9000B5FBF7F007FB1050B5FBF7F100EB0110B9
:101AA000C1B2052001F027F820B11AA002F0F0FE23
:101AB0000220EBE7B6FBF7F007FB1060B6FBF7F18F
:101AC00000EB0110C1B2042001F015F820B116A0FE
:101AD00002F0DEFE0320D9E7B4FBF7F007FB10406D
:101AE000B4FBF7F100EB0110C1B2032001F003F8E1
:101AF00020B111A002F0CCFE0420C7E70020C5E70A
:101B00007365742079656172206572726F720D0A57
:101B100000000000736574206D6F6E74682065723C
:101B2000726F720D0A000000736574206461792081
:101B30006572726F720D0A00736574206461794F6B
:101B4000665765656B206572726F720D0A00000042
:101B500070B50C461546172800D900203B2C00D93B
:101B600001243B2D00D901250A26B0FBF6F106FB26
:101B70001101B0FBF6F001EB0010C1B2022000F041
:101B8000BAFF08B1012070BDB4FBF6F006FB1040AF
:101B9000B4FBF6F100EB0110C1B2012000F0ABFF85
:101BA00008B1022070BDB5FBF6F006FB1050B5FB86
:101BB000F6F100EB0110C1B2002000F09CFF08B16B
:101BC000032070BD002070BD704710B54FF47A72CD
:101BD000A0FB02010023FEF75BFBBDE8104006F00E
:101BE0006DBB10B5292000F019F84FF6FF7101EA1E
:101BF0000024282000F012F8204310BD002000F03F
:101C00000DB80000002801D0012000E000200249AA
:101C1000087000F0E3BD00001C01002008B50022A0
:101C20000092014601236A46242004F079F808B1A5
:101C3000002008BD9DF8000008BD08B58DF8000023
:101C40008DF8011002226946482004F06FF908BDA2
:101C500010B5052404E06420FFF7B7FF641EE4B26A
:101C6000FFF7CCFF362801D0002CF4D12CB1002195
:101C70000120FFF7E2FF002010BD012010BD10B5CC
:101C8000052404E06420FFF7A0FF641EE4B2FFF720
:101C9000B5FF362801D0002CF4D12CB10821012049
:101CA000FFF7CBFF002010BD012010BD10B50524AB
:101CB00004E06420FFF789FF641EE4B2FFF79EFF93
:101CC000362801D0002CF4D1ACB100210120FFF75F
:101CD000B4FF00210820FFF7B0FF7F210A20FFF7A3
:101CE000ACFF47210D20FFF7A8FF00210E20FFF7D2
:101CF000A4FF002010BD012010BD00001CB5002471
:101D00000194012000F01CF9002823D007F09AF874
:101D10000094114C024601AB0721606807F0FEFAFF
:101D2000019838B10D494FF080500860BFF34F8FD4
:101D3000BFF36F8F022001F067FF10B1022001F0A6
:101D40004BFF607818B901206070092020700120D5
:101D500000F07AF81CBD00005001002004ED00E006
:101D600070B54FF48065284600F0EAF8012438B1D8
:101D70000B48417809B944700470284600F064F8B3
:101D80004FF40055284600F0DBF8002806D005483F
:101D900004702846BDE8704000F056B870BD0000E1
:101DA00050010020980000203EB50024029402203B
:101DB00000F0C6F8002817D0022000F045F802A86D
:101DC000CDE900400948012302220021806F06F07E
:101DD0001DFF0298002807D005494FF08050086089
:101DE000BFF34F8FBFF36F8F3EBD00001000002088
:101DF00004ED00E01CB500240194102000F0A0F8D0
:101E0000002816D007F01EF802460A48009401ABDD
:101E10000721C06907F082FA019838B106494FF0EE
:101E200080500860BFF34F8FBFF36F8F102000F01A
:101E30000BF81CBD1000002004ED00E00149086013
:101E400070470000143C01400149086070470000E1
:101E5000143C0140FEB50121880301F001FF00217F
:101E6000084601F05BFF0A21012001F057FF0D2118
:101E7000012001F053FF0121084601F04FFF04212A
:101E8000002001F04BFF4FF48060019000258DF899
:101E900008500C268DF8096001248DF80A4001A82D
:101EA00000F058F801948DF8085008208DF80900CA
:101EB0008DF80A4001A800F04DF8022001908DF83D
:101EC00008508DF809608DF80A4001A800F042F82A
:101ED000102001908DF808508DF809608DF80A40A7
:101EE00001A800F037F8600301908DF808508DF8D4
:101EF00009608DF80A4001A800F02CF8B00100F04C
:101F000071FF28208DF800008DF801608DF80250D7
:101F10008DF80340684600F031FF06208DF8000080
:101F2000684600F02BFF07208DF80000684600F09F
:101F300025FF0A208DF80000684600F01FFFFEBD57
:101F400001460020024A12680A4200D00120704770
:101F5000143C014030B51B4A83790168002B2AD01C
:101F600013688B431360111D0B680468A3430B6057
:101F7000017911440B68046823430B60114C083449
:101F80002168036899432160231D19680568A943E6
:101F900019604179102905D011440A68006802438C
:101FA0000A6030BD21680268114321601968006829
:101FB0000143196030BD0079104402688A43026011
:101FC00030BD0000003C014010B50120FFF736FF96
:101FD0000121080701F036FE012001F01FFE01205B
:101FE00001F0FAFDBDE8104001F0FEBD01490860B6
:101FF000704700000C3C02400649002804D00868E5
:1020000040F4806008607047086820F480600860D1
:1020100070470000003C02400248016841F48051D2
:1020200001607047003C024070B50646002500295B
:1020300005D0012927D0022928D04FF4407500F09F
:10204000B5F809281ED1134C206820F44070206098
:10205000206828432060206820F0F8002060206875
:1020600046F0020108432060206840F48030206080
:1020700000F09CF8216821F002012160216821F024
:10208000F801216070BD4FF48075D8E74FF40075FA
:10209000D5E70000103C024009200D490A68D20330
:1020A00001D5012070470A68D20601D50620704785
:1020B0000A68D20501D5022070470A6812F0E00FC5
:1020C00001D00720704709688907FBD508207047B1
:1020D0000C3C02400649002804D0086840F4007017
:1020E00008607047086820F40070086070470000BE
:1020F000003C02400248016841F400610160704701
:10210000003C02400248016841F000410160704714
:10211000103C024070B506460D4600F047F809280D
:1021200011D1094C206820F44070206020682060A4
:10213000206840F001002060357000F037F8216819
:1021400021F00101216070BD103C024070B50546D0
:102150000E4600F02BF8092813D10A4C206820F411
:1021600040702060206840F400702060206840F0DB
:10217000010020602E6000F019F8216821F00101B3
:10218000216070BD103C024005480068002805DA57
:10219000034804490C38016003490160704700009E
:1021A000103C024023016745AB89EFCD08B50920FB
:1021B0000090FFF771FF009002E0FFF76DFF0090C5
:1021C0009DF800000128F8D09DF8000008BD00002F
:1021D0000248016841F470010160704788ED00E039
:1021E0007CB503220021012006F00DFA494CA063C2
:1021F00000220421012006F006FAA065012006F065
:10220000F2F96063012006F0EEF920640022022159
:102210000A2006F0F8F9E06400220221142006F0FA
:10222000F2F9A06401210022C80206F0ECF9E06591
:10223000002202210A2006F0E6F920650022022190
:102240000A2006F0E0F96065002204210A2006F069
:10225000DAF9206603220021012006F0D4F9606437
:1022600003220021012006F0CEF9E063142006F0DD
:10227000C6F960660146206D06F0A2F9616EE06C59
:1022800006F09EF904F168000821CDE90010002352
:10229000802221A1234806F07BFC04F16C00072179
:1022A000CDE900104FF49676002332461EA1214856
:1022B00006F06EFC04F170000525CDE90050002306
:1022C00032461DA11F4806F063FC04F17400062489
:1022D000CDE9004000234FF4C8721BA11E4806F050
:1022E00057FC0C4800237830CDE9005032461BA142
:1022F0001E4806F04DFC074800237C30CDE9004025
:1023000032461BA11D4806F043FCBDE87C4006F0A8
:10231000D3B80000100000207461736B5F696E69B0
:1023200074000000D17902087461736B5F6B65798A
:1023300000000000617A02087461736B5F74696D5C
:1023400065000000BD7C020853657454696D655FCB
:10235000416C61726D000000BD3D020872696E67DC
:102360005F6261747465727900000000ED7B0208A1
:10237000537465704465746563740000397C0208A9
:102380002DE9F041002201274FF0030C07FA02F576
:102390000B682B40AB422CD1066853000CFA03F4B7
:1023A000A64306600E79D0F800809E4046EA0806F3
:1023B00006600E79012E01D0022E12D18668A64346
:1023C00086604E79D0F808809E4046EA080686600E
:1023D0004668AE43466045688E799640B6B235434E
:1023E0004560C568A543C560CC799C40C3681C4363
:1023F000C460521C102AC9D3BDE8F08110B54B0748
:10240000DB0E9A40C90800EB8100016A0F249C4052
:10241000A1430162016A1143016210BD024600201E
:1024200012690A4200D00120704709048161704797
:1024300081617047002A01D0816170470904816180
:1024400070470000094A507800280CD0002011780D
:10245000012902D0092903D101E0042000E009206C
:10246000002151707047002070470000500100208B
:1024700010B5094804F0BCF80748203004F0B8F85B
:102480000548403004F0B4F8044900200860486072
:10249000091F087010BD00005CA50020400100204D
:1024A00070B504460D46304804F0CAF810B12E4805
:1024B00003F0B8F92C48203004F0C2F818B12A48CB
:1024C000203003F0AFF92848403004F0B9F818B1D3
:1024D0002548403003F0A6F92146234803F0C8FB05
:1024E00021482946203003F0C3FB1F491F4CD1E986
:1024F0000320904236D38A68904233D34A68904290
:1025000030D94A6990422DD38A6990422AD3C96949
:10251000884227D91448221D2030016910680B1AFF
:10252000B3F5A07F1ED950601160814208D0081A0F
:102530004EF66021B1FBF0F10B48403003F098FB00
:10254000094A403292F9020003280BD3052801D929
:10255000052100E09178401A02EB8000001D00F098
:10256000FAF92070207870BD5CA500203C010020A5
:102570000A4B1A89002A0DD0D978884200D2D87027
:102580001979884200D91871596908445861521C58
:102590001A8170471961D8701871F5E71C01002085
:1025A000FCB51F49A1F118039A798854521C0620E2
:1025B000B2FBF0F400FB142098715879062801D280
:1025C000401C58715A7900206D4603E00B5C2B5477
:1025D000401CC0B29042F9D30021501EC7B20DE09A
:1025E0004E1CF0B207E06C5C2B5C9C4201D96B5432
:1025F0002C54401CC0B29042F5D3F1B28F42EFD8B8
:10260000D00703D005EB52000078FCBD05EB52006B
:1026100010F8011C00780844401CC0F34700FCBDC2
:102620003401002009494978002907D0884206D999
:10263000421AD2B2052A01D9491DC8B270470A1AF6
:10264000D2B2052AFAD9491FC8B270471C0100202E
:102650002DE9F8430026009606F0EEFB0446A0465E
:102660004F4D287850B1E868A0B1201A192811D22E
:10267000687848B100F0C2F8BDE8F883002211463E
:10268000104600F005F9F7E700221146104600F069
:10269000FFF8F1E7EC60DFF80C916421D9F8000055
:1026A00006F0B8F901280AD0687810B100F0A6F851
:1026B000E2E700221146104600F0EAF8DCE7FFF7F7
:1026C00090FA074600231A461946D9F8000006F08A
:1026D00005F8D7B1A7F57F40FF3816D041463846F8
:1026E000FFF7DEFEA0F13201462939D8AE70C0B244
:1026F0002146FFF73DFF6946204600F08DF820B3E4
:102700009DF8000000F0B4F8B6E7A878FF2801D2E1
:10271000401CA870A87878280CD36E7000F044F89C
:1027200000F04CF8FFF7A4FE00221146104600F01E
:10273000AFF8A1E7687810B100F060F89CE70022DC
:102740001146104600F0A4F896E7687810B100F042
:1027500055F891E700221146104600F099F88BE7F2
:102760006878A0B1A978FF2901D2491CA970A9787D
:10277000782912D36E7000F017F800F01FF8FFF7F9
:1027800077FE00221146104600F082F874E700221E
:102790001146104600F07CF86EE700F02FF86BE76A
:1027A0001C0100205000002003480021016141610C
:1027B0000181C170017170471C0100200648002191
:1027C000417181710020044A18321154401CC0B27A
:1027D0000628FAD3704700001C01002010B50648F7
:1027E000002141708170C160FFF7DEFFFFF7E6FF57
:1027F000BDE81040FFF73CBE1C01002008B50821D1
:1028000002460091022314213C2000F03BFCBDE86D
:10281000084000F01FBD000010B5144B1A89002AB3
:1028200007D01C69001B40F6B834A04203D2002038
:1028300010BD002010BD052A03D2FFF7B5FF002010
:1028400010BD5869DC78001B1B79C31A921E90B228
:1028500040B103EB5002B2FBF0F00870FFF7A4FFA9
:10286000012010BDFFF7A0FF002010BD1C010020BB
:1028700010B5FFF795FEFFF7D5FE0449487000221A
:102880008A70BDE81040FFF7B9BF00001C010020AE
:10289000F8B506460D46002A27D01421082327A2A2
:1028A000084600F013FC082326A21421502000F053
:1028B0000DFC08240223324614213C20009400F031
:1028C000E1FB082320A22821142000F0FFFB0823AD
:1028D00025222821552000F04DFB02232A462821DD
:1028E0003C20009400F0CEFB23E01421082313A227
:1028F000084600F0EBFB082312A21421502000F040
:10290000E5FB082312A214213C2000F0DFFB082382
:102910000DA22821142000F0D9FB0823252228210C
:10292000552000F027FB082309A228213C2000F0B5
:10293000CDFBBDE8F84000F08DBC0000E5BF83E7AB
:102940008E873A0042504D0053704F323A000000DB
:102950005F5F0000FEE710B50023002901D00022D0
:1029600006E0002010BD50F822402344521CD2B291
:102970008A42F8D3B3FBF1F0C0B210BD002904D0F5
:10298000018841F4806101807047018821F48061F1
:1029900001807047C94381827047002904D00188B3
:1029A00041F0010101807047018821F0010101809F
:1029B0007047002904D0018841F48071018070477C
:1029C000018821F4807101807047002904D00188BA
:1029D00041F4007101807047018821F40071018089
:1029E00070470CB50246002000920A0F019221F0B8
:1029F0007F41019A002A03D0009A1432009203E02A
:102A0000090C009A18320092009A12680A4200D00B
:102A100001200CBD7FB504460D46A08820F03F067E
:102A2000684601F02BF902982749B0FBF1F189B211
:102A30000E43A680228822F001022280234B2A68BE
:102A40009A4209D85200B0FBF2F080B2042800D2BA
:102A50000420491C218423E0EB88A3F53F46FF3E78
:102A60000BD002EBC20303EB0212B0FBF2F080B218
:102A700040F48040020506D007E002EB4202B0FBC2
:102A8000F2F080B2F6E740F0010040F400404FF46D
:102A9000967251434FF47A72B1FBF2F1491C2184D2
:102AA000A083208840F00100208020884FF6F53177
:102AB0000840A9886A89114301432180A88929898E
:102AC000084320817FBD000040420F00A086010026
:102AD00008B500900098084400900098008808BD50
:102AE000008AC0B27047018270470A46012301463E
:102AF000682003F015B908B58DF800008DF80110B5
:102B000002226946D02003F011FA08BDFEB501216A
:102B1000022001F089F842F20240019000248DF871
:102B200009408DF8084001258DF80B5001A918487F
:102B3000FFF726FC0121084601F076F810200190ED
:102B40008DF808408DF80B408DF80940114E01A911
:102B50003046FFF715FC01958DF8084002218DF8ED
:102B60000B108DF8094001A93046FFF709FCFFF76B
:102B700071F903F04DFF084800900023012240F650
:102B8000B83106A006F092FB07494860FEBD000080
:102B9000000402400000024069790208534C454598
:102BA0005054696D657200005001002002464021BA
:102BB0000148FFF73FBC0000000002401CB50121A6
:102BC000084601F031F84020009001208DF8040003
:102BD00000208DF8060002218DF805108DF8070001
:102BE00069460248FFF7CCFB1CBD00000000024014
:102BF00010B52DED048B9FED248A9FED249ADFED17
:102C0000249A03F055FD234CD4ED0B0A94ED0A0AE7
:102C100001F062FE60EE098AD4ED0B0A94ED090A18
:102C200001F05AFE20EE090AD4ED100A94ED0C1AB8
:102C300041EE080A20EEA91ADFED170A08EEA01AE5
:102C400084ED101A94ED111AD4ED0D1A01EEC81A84
:102C500021EE291A00EE201A84ED111A94ED120AC1
:102C6000D4ED0E0A00EE880A84ED120A03F000FF8C
:102C700002F018FE02F05CFEBDEC048B0520BDE8FE
:102C8000104005F01BBB00000AD7A33BE12E6542B4
:102C900048E17A3F5801002000D7A33CFEE700003E
:102CA0001CB50121084600F0BFFF4FF48070009072
:102CB00001208DF8040000208DF8060002218DF817
:102CC00005108DF8070069460148FFF759FB1CBD48
:102CD000000002404FF480710148FFF7A9BB0000DB
:102CE000000002404FF480710148FFF79EBB0000D6
:102CF0000000024038B510A001F0CAFDFFF7EAFF5E
:102D0000124C4FF0FF31206C05F084FE40B10120E1
:102D1000FEF7FFFC00231A461946206C05F0DEFC86
:102D200006F08AF802460020034600900121A069BF
:102D300006F00AFB38BD000020416C61726D205422
:102D40007269676765726564210D0A0010000020D2
:102D5000704708B54FF4407000F044F826208DF815
:102D6000000006208DF8010000208DF802000120EF
:102D70008DF80300684600F001F808BD30B50F2358
:102D8000C27801250178002A1FD0154A126802F482
:102D9000E062C2F5E062C2F30722C2F10404D3404C
:102DA0004278A24084781C401443220101F1E021C2
:102DB00081F80024007800F01F018D404009800058
:102DC00000F1E020C0F8005130BD01F01F00854047
:102DD0004809800000F1E020C0F8805130BD0000BB
:102DE0000CED00E00249084302490860704700000A
:102DF0000000FA050CED00E008B54FF44070FFF755
:102E0000F1FF38208DF800000B208DF80100002024
:102E10008DF8020001208DF803006846FFF7AEFF31
:102E200008BD000010B50021074C0022002004EB73
:102E3000C1131A54401CC0B28028FAD3491CC9B22D
:102E40000829F3D310BD00005CA600202DE9F04155
:102E5000CF1823E0044686181CE07F2C18D80029E0
:102E600016DB3F2914DCCB1701EB5373DD104FEA5F
:102E7000C51C0C4D23F007036544A1EB030815F8AE
:102E800004C0012303FA08F32CEA030C05F804C07C
:102E9000641C24B2A642E0DC491C09B28F42D9DC92
:102EA000BDE8F0815CA6002010B5AE2000F0E6F988
:102EB000D52000F0E3F9802000F0E0F9A82000F030
:102EC000DDF93F2000F0DAF9D32000F0D7F9002037
:102ED00000F0D4F9402000F0D1F9A12000F0CEF9A3
:102EE000C82000F0CBF9DA2000F0C8F9122000F079
:102EF000C5F9812000F0C2F9CF2000F0BFF9D92038
:102F000000F0BCF9F12000F0B9F9DB2000F0B6F9CF
:102F1000302000F0B3F9A42000F0B0F9A62000F0B2
:102F2000ADF98D2000F0AAF9142000F0A7F9AF2028
:102F300000F0A4F9FFF776FFBDE8104000F08AB971
:102F40000346012000E05843491E4A1CFBD170474C
:102F500010B50C4640F0B00000F090F9102040EAA7
:102F6000141000F08BF904F00F00BDE8104000F0E1
:102F700085B9000008B5203A082B0ED0062B15D0D5
:102F80000C2B09D10F4B02EBC20203EB8202009221
:102F900018230C2200F01CF808BD0B4B03EB0212A7
:102FA00000921023082200F013F808BD074B02EB33
:102FB000420203EB420200920823062200F008F8C6
:102FC00008BD00009C990208AC930208F8A602080C
:102FD0002DE9FF4F0F46DDF8349090461D46002442
:102FE0002B46424639460098FFF730FF6D1EE81722
:102FF00005EB50700121DFF888C001EBE00A3BE0EF
:10300000002035E000990D187F2D2FD8F91707EB18
:103010005171CA1016B221F007017B1A002F03DA92
:10302000761E36B208331BB2311907290DD804FBBE
:1030300008FB09EB000E0CEBC1121BF80EB0565D3D
:103040000BFA03FB46EA0B065655491C07290DD817
:1030500004FB08F609EB000B0CEBC11116F80B6032
:103060004A5DC3F10803DE4032434A55401CC0B2FA
:103070004045C7D3641CE4B2A245C1DCBDE8FF8F64
:103080005CA600202DE9F04F8046DDF824A08B4699
:1030900091461F4600240A2514E0391B491E0A20C8
:1030A000FFF74EFFB9FBF0F6B6FBF5F005FB10623B
:1030B00004FB0A80303200B253465946FFF75AFFEC
:1030C000641CE4B2BC42E8D3BDE8F08F2DE9FF4FA9
:1030D00083B080461446994600250026AA46ADE0F6
:1030E000010609D4012029466D1C615CADB28DF842
:1030F00004108DF805A055E00621B1EB501F10D14A
:103100000220691C625D89B28DF80420625C002A8D
:1031100076D04A1C615C95B28DF805108DF806A03A
:1031200040E00E21B1EB101F18D10320691C625D35
:1031300089B28DF80420625C002A61D04A1C615C6F
:1031400092B28DF80510A15C00297BD0511C8DB284
:10315000A15C8DF806108DF807A023E01E21B1EBCD
:10316000D00F23D10420691C625D89B28DF8042040
:10317000625C002A66D04A1C615C92B28DF8051030
:10318000A15C00295ED0511CA25C89B28DF806209A
:10319000625C002A56D04A1C615C95B28DF807101B
:1031A0008DF808A0012804D0002716E06D1CADB2F0
:1031B00044E008EB06009DF8042000B24B46049959
:1031C000FFF7D8FE06EB090086B237E0584601A9A2
:1031D000FDF7B3F868B17F1CBFB207EB870000EBC7
:1031E00047111A480844834619A1FDF7A6F800289C
:1031F000ECD1B9F1080F04D0B9F1060F1ED113E0DC
:1032000020E007EB870000EB47111048102308442B
:10321000401D009008EB060000B21A460499FFF723
:10322000D7FE1036B6B209E008EB060000B206235E
:103230003F220499FFF79EFEB61DB6B2605D0028DE
:103240007FF44EAF07B0BDE8F08F000032A902084E
:103250000000000070B50024074D00212046FFF754
:1032600077FE05EBC410802100F014F8641CE4B272
:10327000082CF2D370BD00005CA6002008B5002128
:1032800000918DF8010002226946782002F04EFE7E
:1032900008BD00002DE9F04707468846504D4FF421
:1032A000003421462846FFF79CFB0128F9D0012174
:1032B0002846FFF77EFB4B4C28462146FFF791FB43
:1032C0000028F9D0484E28463146FFF763FB7821A5
:1032D0002846FFF708FC434C641C21462846FFF7AC
:1032E00080FB01280CD031462846FFF77AFB0128E5
:1032F000F3D101212846FFF768FB0320BDE8F087E2
:1033000014212846FFF7E4FB18212846FFF7E0FBCD
:10331000DFF8D09009F17F0931462846FFF761FBBD
:10332000012806D049462846FFF75BFB0128F3D168
:1033300011E001212846FFF748FB0220DEE70121CA
:103340002846FFF742FB0220D8E749462846FFF708
:1033500048FB012806D031462846FFF742FB0128EA
:10336000F3D1ECE740212846FFF7BDFB002411E034
:1033700001212846FFF729FB0220BFE749462846DE
:10338000FFF72FFB012807D1395D2846FFF7ABFB7C
:10339000641CE4B2444506D231462846FFF721FBBF
:1033A0000128EBD1E4E70F4CE41C0BE00121284697
:1033B000FFF70BFB0120A1E721462846FFF711FB91
:1033C000012806D031462846FFF70BFB0128F3D130
:1033D000ECE701212846FFF7F8FA00208EE700000D
:1033E00000540040010000100004001070B50446B5
:1033F0000A4D85F820400126AE80E98005F01CFDCD
:10340000E861012C04D0022C04D00420287070BD87
:103410002E7070BD0320287070BD0000F8010020E0
:1034200070B54FF0FF320024094D0DE0035D5A40A6
:103430000023D60702D085EA520200E052085B1C46
:10344000DBB2082BF5D3641C8C42EFD3D04370BDA4
:103450002083B8ED70B54FF0FF320024094D0DE028
:10346000035D5A400023D60702D085EA520200E0ED
:1034700052085B1CDBB2082BF5D3641C8C42EFD3E3
:10348000D04370BD2083B8ED05480078012803D0F3
:10349000042803D0022070470120704703207047A2
:1034A000F801002010B5074C63895B1E9BB298425F
:1034B00005D18818A169884201D1012010BD0020E2
:1034C00010BD0000F801002010B50C4B18685968B9
:1034D00021F00102A0F10054B4F5003F01D88007AB
:1034E00001D0002010BDC80704D00548824201D396
:1034F0009A4201D3002010BD012010BD0000040835
:103500000000020810B5FEF73FFEF320FEF76EFD47
:1035100002213020FEF788FD0446FEF7F3FD00F09F
:1035200006F8092C01D0002010BD012010BD10B5F7
:103530000020FEF7CFFD0020FEF75EFDFEF7DAFD6E
:10354000FEF76AFD0120FEF7C5FDBDE81040012031
:10355000FEF752BD2DE9F047384800F053F9804698
:103560003648801C00F053F907463448801D00F0AF
:1035700049F90646DFF8C49009F10809A9F12905BF
:10358000A819293000F043F98246BC193146484653
:10359000FFF746FF504509D0424605210220AB699E
:1035A00000F040F9BDE8F04700F01CB9324639465A
:1035B0004046FFF777FF48B1424600210220AB6941
:1035C00000F030F9BDE8F04700F00CB96A894245D7
:1035D00008D003210220AB6900F024F9BDE8F047D0
:1035E00000F000B9AB69BB4202D1E868A04207D243
:1035F0000421022000F016F9BDE8F04700F0F2B80F
:1036000032464946384600F0B5FA68B1AC6168897F
:10361000401C688100F0E6F84246AB69BDE8F0471F
:103620000021022000F0FEB8424606210220AB69CC
:1036300000F0F8F8BDE8F04700F044BA19020020A5
:1036400070B5304800F0E3F805462E48001D00F044
:10365000DEF82C4C213CE168A94205D12269824266
:1036600002D1A069884209D0002202210320A36967
:1036700000F0D8F8BDE8704000F0B4B8FFF757FF8D
:103680002148E168FFF7E6FE2169884209D000225F
:1036900007210320A36900F0C5F8BDE8704000F0E1
:1036A000A1B8FFF711FFC0B100F01EFAF8B1002277
:1036B00011460320E36800F0B5F8C82004F0FEFDD1
:1036C000BFF34F8F11480168114A01F4E0611143C3
:1036D0000160BFF34F8F00BFFDE7002202210320EE
:1036E000A36900F09FF8BDE8704000F07BB80022AD
:1036F00006210320A36900F095F8BDE8704000F0B2
:10370000E1B9000019020020000004080CED00E0FF
:103710000400FA052DE9F041314800F078F806463A
:103720002F48001D00F073F807462D48083000F0C0
:103730006EF880462A480C3000F064F80546284CA4
:10374000253C94F821004F280BD194F822005428EE
:1037500007D194F82300412803D194F8240031289C
:1037600009D0002301211A46084600F05BF8BDE8A5
:10377000F04100F0A7B936B1B6F5003F03D815B156
:10378000B5F5F07F09D900231A460221012000F087
:1037900049F8BDE8F04100F095B9FFF7B3FEA8B1D4
:1037A00001206070258100206081E6602761C4F8F7
:1037B0001480A0610220207000F044F9BDE8F041BF
:1037C000002203461146012000F02CB800231A46BF
:1037D0000621012000F026F8BDE8F04100F072B9A2
:1037E0001D02002006494878002801D0022000E090
:1037F0000020087000208880C880C86170470000E1
:10380000F80100200178407841EA002070470178F3
:10381000427841EA02218278C078120442EA0060CC
:103820000843704770B586B01E4679248DF8044071
:103830008DF805008DF8061001AD1146E81C00F06A
:10384000BFF93146681D00F0BFF944208DF80D0026
:10385000174C20788DF80E00A1880DF10F0000F0B4
:10386000AFF9E1880DF1110000F0AAF961890DF1BD
:10387000130000F0A5F90F48006881B20DF11500A2
:1038800000F09EF9A5208DF8170000240A4E295D4E
:10389000304600F0F0FF641CE4B2142CF7D3402152
:1038A000304600F03FFF0028F9D006B070BD0000A0
:1038B000F801002090000020004400400448016806
:1038C000044A5160016841F0807101607047000056
:1038D000743802409000002070B5044600F0CCF827
:1038E000574D287860B1022818D005F0A5FA014696
:1038F000A888B0F5F67F35D900F0E4F8012070BD56
:10390000012C03D0552C07D0002070BD1321204678
:10391000FFF76CFD012070BD012070BD022C0DD0A1
:10392000032C11D0012C15D0552C19D06A890321F4
:103930002046AB69FFF776FF012070BD09212046C4
:10394000FFF754FD012070BD09212046FFF74EFD11
:10395000012070BD13212046FFF748FD012070BDF6
:10396000012070BD0246401CA880501980F82040FC
:10397000E9612978012928D1A888022807D195F87A
:1039800021204F2A03D000F09DF8002070BD0328AD
:1039900007D195F82220542A03D000F093F8012093
:1039A00070BD042807D195F82320412A03D000F0E8
:1039B00089F8012070BD052807D195F82400312829
:1039C00003D000F07FF8012070BD03291DD1A88825
:1039D00009281AD11A482730FFF714FF28B129897E
:1039E000814202D3B0F5F07F0DD915482130FFF7A1
:1039F00009FF024602210846AB69FFF713FFFFF7F4
:103A0000F1FE012070BD0D30E880A888E988884269
:103A100001D2012070BD2878012807D0032808D0E2
:103A2000042809D000F04EF8012070BDFFF772FEA7
:103A3000FAE7FFF78FFDF7E7FFF702FEF4E7000074
:103A4000F801002001484068704700009000002005
:103A500004480178002902D14078002800D00120D4
:103A600070470000F801002002480168491C01600D
:103A7000704700009000002010B505F0DDF9104CF3
:103A8000217800291AD0022918D0A188002915D040
:103A9000E169401AB0F57A7F10D9607840B1FFF73C
:103AA000F3FC022808D000220921A369FFF7BAFE1F
:103AB000BDE81040FFF796BE6289F5E710BD000033
:103AC000F801002007480021017041708170818059
:103AD000C18001814181C160016141618161C16138
:103AE00070470000F8010020F0B591B001AE1D480C
:103AF0000190012002901C4803901C48C168049169
:103B000001690591406906900020079001AA411EB5
:103B100002EB8003D961401C0928F9D3FEF734FB7E
:103B2000F320FEF763FA02212020FEF77DFA054616
:103B3000092D0DD100240E4F56F8241007EB8400F8
:103B4000FEF704FB0546092D02D1641C102CF3D3AB
:103B5000FEF7D8FA092D02D0002011B0F0BD0120E7
:103B6000FBE700003157544201005AA5F80100203C
:103B7000000001082DE9F04706460F46904609254A
:103B8000FEF702FBF320FEF731FA0024DFF82C9059
:103B900008E03019395D4844FEF7BCFA0546092DA6
:103BA00002D1641C4445F4D3FEF7ACFA092D02D0CF
:103BB0000020BDE8F0870120FBE7000000000408BA
:103BC0000170090A4170704701700A0A42700A0CBC
:103BD0008270090EC170704702490A6842EA80008B
:103BE00008607047007000400548016841F002011C
:103BF00001600448016841F00401016030BF704772
:103C00000070004010ED00E001460020024A5268BA
:103C10000A4200D00120704700700040014908604E
:103C200070470000A0000E42054A002903D0116829
:103C300001431160704711688143116070470000B3
:103C400030380240054A002903D011680143116051
:103C5000704711688143116070470000403802408E
:103C6000054A002903D011680143116070471168AB
:103C700081431160704700004438024070B5244B06
:103C8000196801F00C01234C00291ED0661004298C
:103C90001DD008291DD00460196801F0F001090940
:103CA0001D4A545C0168E14041601C6804F4E05422
:103CB000A40A145D21FA04F484601B6803F46043D1
:103CC0005B0BD25CD140C16070BD0460E4E706606C
:103CD000E2E70F4A121F1168C1F38055116801F025
:103CE0003F0135B1B6FBF1F11468C4F388146143A8
:103CF00005E0B4FBF1F11468C4F388146143126861
:103D0000C2F30142521C5200B1FBF2F10160C3E761
:103D1000083802400024F4000000002010B58A0793
:103D2000120F0F23934021F003040649214401F6AA
:103D300008010C689C430C600B68904003430B60C7
:103D400010BD0000003001401848016841F080516A
:103D500001601748016841F4404101601348383858
:103D60000168016001680160016841F480510160EF
:103D7000021F10491160111F0A6842F080720A6028
:103D80000A689201FCD50C4A40F203711160016887
:103D900021F003010160016841F002010160016846
:103DA000C1F381010229FAD1704700004038024076
:103DB0000070004010640107003C024086B0DFF84C
:103DC0008CB301274FF00509DFF884830024ABF1A1
:103DD000120AAEE1002205A9184604F099FD012857
:103DE000F7D19DF814000228F3D1DA48009000239F
:103DF00001224FF49671D8A005F058FA0546280024
:103E00000ED005F019F804906421706B04F002FEE6
:103E1000E0B36421306C04F0FDFD012804D029E0FA
:103E2000D0A000F035FD84E101A8FDF7ADFD01A8AB
:103E3000FDF7E2FDBDF80A10D248A1F5FA61018054
:103E40009DF8081041809DF8071081809DF80610AC
:103E5000C1809DF8051001819DF8041041819DF8F5
:103E60000C108181FEF7DEFF00231A461946306CE4
:103E700004F034FCB471F770777134718DF81490DC
:103E800000231A461946706B04F028FC04F0D4FF96
:103E90000246002301212846009405F055FA012826
:103EA00002D0B9A000F0F4FC012004F035F828E0BD
:103EB000642205A9306D04F02BFD01280BD104F01C
:103EC000BBFF04909DF81410042941D0052948D067
:103ED000B5A000F0DDFC04F0AFFF0499401A4045A6
:103EE0000FD96421706B04F095FD50B1F4707471BA
:103EF00000231A461946706B04F0F0FBB2A000F0E4
:103F0000C7FCF0780028D3D103F062FB6DB1002329
:103F10001A4603212846009405F016FA00231A4693
:103F200005212846009405F00FFA6421706B04F017
:103F300071FDD8B1F470747100231A461946706B84
:103F400004F0CCFB7279F178A7A000F0A1FC12E09C
:103F50009DF8150004A902F00DFA012003F0DCFF22
:103F6000B9E79DF8150003F0D7FFB4E7ABA000F068
:103F70008FFCF4707471FEF755FFDAE0F36C984231
:103F8000FBD1002205A9184604F0C2FC0128F4D197
:103F90009DF814000328F0D1AD48009000230122C1
:103FA0004FF49671ABA005F081F9054628000BD0BF
:103FB00004F042FF04906421706B04F02BFDD8B331
:103FC0009BF8000020B12BE0A6A000F061FCB0E05F
:103FD0009BF8010020BB9BF8020008BB6421306CF9
:103FE00004F018FD01281BD101A8FDF7CDFC01A8A4
:103FF000FDF702FD9DF806008BF800009DF8050016
:104000008BF801008BF802409DF807008BF8030045
:10401000FEF708FF00231A461946306C04F05EFBD9
:10402000F471F770377174718DF8149000231A468B
:104030001946706B04F052FB04F0FEFE02460023AA
:1040400001212846009405F07FF9012802D08EA0B6
:1040500000F01EFC012003F0E1FE33E0642205A91C
:10406000F06C04F055FC01280BD104F0E5FE04903F
:104070009DF81410042947D005294ED04AA000F01D
:1040800007FC04F0D9FE0499401A40451AD964216E
:10409000706B04F0BFFCA8B1F4703471F4718DF84A
:1040A00014708DF815700023642205A9B06C04F01B
:1040B00015FB00231A461946706B04F00FFB42A053
:1040C00000F0E6FBF0780028C8D103F021FA6DB1CA
:1040D00000231A4603212846009405F035F90023F1
:1040E0001A4605212846009405F02EF96421706BCC
:1040F00004F090FCB0B1F470347100231A461946F4
:10410000706B04F0EBFA0FE09DF8150004A901F0C4
:104110008FFF012003F082FEB3E79DF8150003F046
:104120007DFEAEE7F4703471FEF77CFE5FA000F018
:10413000AFFB4FF0FF315646DAF8640004F060FC44
:10414000336D98427FF41AAF44E60000220000204D
:10415000C0D401005D800208426C696E6B54696DC9
:10416000657200004661696C656420746F2063723B
:104170006561746520626C696E6B2074696D65722F
:104180000A000000B80100204661696C6564207473
:104190006F20737461727420626C696E6B20746935
:1041A0006D65720A00000000556E6B6E6F776E20B1
:1041B0006D65737361676520636F6D6D616E643AE1
:1041C0002025640A000000004175746F2D7361762C
:1041D000696E672064756520746F20696E61637411
:1041E00069766974790A0000476C6F62616C2076A9
:1041F00061726961626C6573207570646174656475
:104200003A207365745F72756E3D25642C2073656A
:10421000745F74696D653D25640A00005761726EB4
:10422000696E673A204661696C656420746F20741A
:10423000616B65206D7574657820666F722076619C
:10424000726961626C65207570646174650A000052
:104250002D800208416C61726D426C696E6B54690D
:104260006D6572004661696C656420746F206372CD
:104270006561746520616C61726D20626C696E6B42
:104280002074696D65720A004661696C656420740A
:104290006F20737461727420616C61726D20626C46
:1042A000696E6B2074696D65720A0000416C617201
:1042B0006D20736574206D6F646520657869746521
:1042C00064207375636365737366756C6C792E0A0D
:1042D0000000000010B5502080F31188BFF34F8F0D
:1042E000BFF36F8F04F0B4FD18B104494FF0805054
:1042F0000860002080F3118810BD000004ED00E08C
:1043000010B51148016841F4700101600F4801685F
:1043100041F0010101600D4A00210832116002687C
:104320000B4B1A400260031D0A4A1A60026822F40D
:104330008022026005480C300160FFF705FD02494C
:1043400005488039086010BD88ED00E00038024063
:10435000FFFFF6FE103000240000020838B50121EE
:104360008C07204600F09FF8002814D00020009011
:1043700009486946406C04F08DFA0121204600F09E
:1043800083F80098002806D00449A0100860BFF305
:104390004F8FBFF36F8F38BD1000002004ED00E099
:1043A0007FB501210846FFF74DFC40F2F310029063
:1043B00042F2CF00ADF804000024ADF80C40ADF897
:1043C00006404FF0804501A9284600F0BFF80122C1
:1043D0001146284600F073F81C218DF800100721C3
:1043E0008DF801108DF8024001218DF80310684608
:1043F000FEF7C4FC0121284600F049F87FBD00000B
:1044000010B50A4C0121204600F04DF800280BD0D1
:104410000748012181700189491C01812046BDE8BE
:104420001040012100F030B810BD00000004004031
:10443000A40100201FB501210220FFF703FC104951
:10444000642088716320029042F2CF00ADF804002E
:104450000024ADF80C40ADF8064001A9094800F071
:1044600075F81D208DF800000D208DF801008DF8E5
:10447000024001208DF803006846FEF77FFC1FBD57
:10448000A401002000040040C943018270470029B4
:1044900004D0018841F0010101807047018821F0BA
:1044A00001010180704702460020138A0B40928967
:1044B0000A40002B02D0002A00D001207047002AB9
:1044C00003D082890A438281704782898A4382812C
:1044D0007047000070B5028C22F480520284058C73
:1044E0008288838B23F4E04323F440760C884FF6D4
:1044F000FF7303EA0424344325F400558E8903EA4C
:1045000006362E434D8803EA05353543084EB04242
:1045100002D0084EB04205D122F480460A8A03EA4E
:10452000821232438280848389680164058470BD6D
:104530000000014000040140002101804180818091
:1045400081608181C18101824182704730B50288DA
:10455000164C174DA0420DD0A8420BD0B0F1804FA1
:1045600008D0144B984205D0134B984202D0134BFD
:10457000984203D122F070034A881A43104B9842A4
:1045800006D0104B984203D022F440730A891A4394
:1045900002804A68C2620A880285A04201D0A8420D
:1045A00001D1897A01860121818230BD000001405C
:1045B000000401400004004000080040000C0040DE
:1045C00000100040001400402DE9FC410020019043
:1045D0000090204C0821204600F0A4F81E4F1F4EEA
:1045E000A504C8B12088201D00880090FFF73CFA80
:1045F000002301AA6946F86D04F000F9012801D0F2
:10460000FFF732FA0198002804D03560BFF34F8FCE
:10461000BFF36F8FBDE8FC8140F22551204600F0CA
:1046200088F80028F6D0204600F01CF900900023FE
:1046300001AA6946F86D04F0E1F8012801D0FFF7FE
:1046400013FA01980028E5D03560BFF34F8FBFF310
:104650006F8FDFE7004400401000002004ED00E011
:10466000002904D0818941F40051818170478189FA
:1046700021F400518181704770B586B00121084650
:10468000FFF7D2FA01214804FFF7DCFA0420049076
:1046900002258DF814508DF8155000248DF8164021
:1046A00001208DF817001D4E04A93046FDF768FE65
:1046B000082104918DF814508DF8174004A9304654
:1046C000FDF75EFE072202213046FDF797FE072226
:1046D00003213046FDF792FE4FF4E1300090ADF833
:1046E0000440ADF80640ADF80840ADF80C400C2091
:1046F000ADF80A000A4C6946204600F055F8012240
:1047000040F22551204600F034F801212046FFF701
:10471000A7FFFEF71EFB06B070BD000000000240C0
:10472000004400400246002012880A4200D00120C6
:10473000704770B5002440F66A12C1F3421301F0CD
:104740001F05012606FA05F2012B0CD0022B0DD015
:10475000838A1340090A8E40008830400BB100B1B3
:104760000124204670BD83891340F3E7038A134078
:10477000F0E710B540F66A13C1F3421301F01F04CD
:104780000121A140012B07D0022B07D014303AB1F0
:1047900002680A43026010BD0C30F8E71030F6E7FB
:1047A00002688A43026010BD7FB504460D46208A28
:1047B00020F44051E88808432082A08941F20C612E
:1047C0008843A9882A8911436A8902431143A18138
:1047D000A08A20F44071A8890843A0826846FFF7A8
:1047E0004DFA1E48844202D01D48844201D10398EC
:1047F00000E00298A189090408D500EBC00101EB93
:10480000001029684900B0FBF1F007E000EBC0019F
:1048100001EB001029688900B0FBF1F06422B0FBC5
:10482000F2F109010B096FF018056B4300EB8300EF
:10483000A3891D044FF0320307D503EBC000B0FB82
:10484000F2F000F00700084306E003EB0010B0FBB5
:10485000F2F000F00F00084320817FBD00100140FE
:10486000001401408088C0F308007047C1F30801BC
:1048700081807047FEE710B504462046FFF7F6FF3B
:1048800080212046FFF74EFF0028F9D010BD000020
:104890000FB4054B10B503A9044A029800F044FA7E
:1048A00010BC5DF814FB0000BD5C0208B0010020E4
:1048B0004100080218BF04200A0E18BF40F0010092
:1048C0004FF07F4232EA010108BF40F002000128A8
:1048D00008BF05207047000010EE100A10B510EE5A
:1048E000901A4FF0684202EB40032DED028BB3F1BA
:1048F000654F3CBF02EB4102B2F1654F7CD200BF75
:10490000C0F3C753C1F3C7529A1A1B2A09DD10F02E
:10491000004F14BF9FED6E0A9FED6E0ABDEC028B37
:1049200010BD12F11A0F1BDA11F0004F09D010F070
:10493000004F0CBF9FED680A9FED680ABDEC028B2B
:1049400010BD80EE208A18EE100AFFF7B1FF042890
:1049500008BF00F009F9B0EE480ABDEC028B10BDAB
:104960004200B2EB410F37D910F0004F19BFDFED15
:104970005C1A9FED5C1ADFED5C1A9FED5C1AB0EEDD
:10498000602A0A46F1EE400A80F00041B0EE420A89
:1049900010460A1A5200B2F1807F34D2484010F01B
:1049A000004FDFED532A9FED533A1DBFBEEE002AA4
:1049B00071EEE21A31EE431AB6EE002A04BF71EE30
:1049C000A21A31EE031AF0EE402A42EE602A40EEBF
:1049D000020A82EEA02A18E011F0004F04BF9FEDFA
:1049E000461AF0EE411AD4D010F0004F1CBFDFED94
:1049F000431A9FED431A00E026E004BFDFED411AA1
:104A00009FED411AC5E780EE202A22EE020ADFED73
:104A10003F0ADFED3F2ABDEC028B40EE202ADFED9E
:104A20003D0A40EE220ADFED3C2A40EE202ADFED6F
:104A30003B0A40EE220A22EE000A00EE201A31EE76
:104A4000020A30EE210A10BD4FF07F42B2EB400F58
:104A500028BFB2EB410F05D2BDEC028BBDE8104080
:104A600000F07FB840EA01035B0008BF41F0FF415E
:104A70000BD0B2EB400F08BFB2EB410F08D120F0D2
:104A8000804000EE100A21F0804100EE901A37E7D6
:104A9000B2EB400F12BF5FEA410240F0FF4001F06D
:104AA00000413FF42DAF4A0092EA40033FF528AFA2
:104AB000002AACBF9FED1A1A9FED1A1A20EE010AC8
:104AC00060EE810A10EE100A10EE901A18E700004E
:104AD000DB0FC9BFDB0FC93FDB0F4940DB0F49C00C
:104AE0000000C9BF22AAFDB90000C93F22AAFD39B2
:104AF0000060ED3EC30ACE3700000000000049C050
:104B000022AA7DBA0000494022AA7D3A2DAD65BD9A
:104B10008FB8D53D0FB511BE61C84C3EA8AAAABE3C
:104B20000000804F0000802F10B52DED028BB1EEFC
:104B3000C08A18EE100A20F00040C0F1FF40C00FFC
:104B40000AD010EE100A20F00040C0F1FF40C00F64
:104B500004BF012000F020F8B0EE480ABDEC028B43
:104B600010BD30EE200A70479FED020A20EE000AC9
:104B7000704700000000001002E008C8121F08C1C2
:104B8000002AFAD170477047002001E001C1121FCE
:104B9000002AFBD1704700000149086070470000FF
:104BA000B40100202DE9FF5F82B00021DDE904306F
:104BB000020DDDF840B0034318D044F61050A2F2C5
:104BC000FF3242431514119801281FD0A5EB0B00AA
:104BD000401C5FEA000A4FF000064E4FDFF83891A4
:104BE000B046504615D5CAF1000413E011980124CF
:104BF0004AA3012801D16FEA0B010298119AC0E97A
:104C00000031C0E9024206B0BDE8F09FCBF10000E0
:104C1000DFE704460021404A491842EB0450CDE941
:104C2000001012E0E00707D032463B4640464946B6
:104C3000FBF738FC8046894632463B46104619460B
:104C4000FBF730FC06460F466410002CEAD1DDE984
:104C50000401DDE90023BAF1000F06DAFBF722FCBC
:104C600042464B46FBF71EFC05E0FBF78DFC424637
:104C70004B46FBF789FC04460E460022284BFBF707
:104C800047FD03D84FF0FF30014607E00022254BD7
:104C900020463146FBF75FFBFBF749FE102409E095
:104CA000002C0ADB0A220023FBF7F2FA039B3032C6
:104CB0001A55641E50EA0102F2D1641C039AC4F131
:104CC00011031444119A012A03D0012208430DD183
:104CD0000AE0084304D000204FF0110B119072E756
:104CE000A3EB0B056D1E0DE05B4504DD4FF00002EC
:104CF00005F1010504E003DA4FF00002A5F101051A
:104D0000002AECD002981199C0E90231C0E90045AF
:104D100079E70000000014400000F03F3000000080
:104D20000000F0430000E03F2DE9FF4F95B09B46A7
:104D30008946064600250FE2252877D1002427461C
:104D4000F84A0121059400E0044316F8013F203B96
:104D500001FA03F01042F7D130782A2811D06FF011
:104D60002F033078A0F13002092A16D8059A44F0B2
:104D7000020402EB820203EB42021044761C05900F
:104D8000EFE759F8042B0592002A03DA504244F465
:104D90000054059044F00204761C30782E2816D179
:104DA00016F8010F44F004042A280DD06FF02F02EA
:104DB0003078A0F13003092B09D807EB870302EB09
:104DC0004303C718761CF3E759F8047B761C307848
:104DD0006C280FD006DC4C2817D068280DD06A2824
:104DE00014D104E0742810D07A280FD10DE044F4D7
:104DF00000140AE044F4801401E044F44014727892
:104E0000824202D104F58014761C761C3078662824
:104E10000BD013DC582877D009DC002875D0452842
:104E2000F6D04628F4D047281AD19DE118E063282F
:104E300035D0642879D0652812D195E1702873D0D7
:104E400008DC6728F1D069286FD06E280DD06F2854
:104E500006D1B5E073282CD0752875D0782874D089
:104E60005A46179990476D1C75E1C4F30250022809
:104E700009D003280DD0D9F8001004280DD00D60FA
:104E800009F1040967E1D9F80010EA17C1E90052F5
:104E9000F6E7D9F800100D80F2E70D70F0E719F889
:104EA000041B8DF8001000208DF80100EA46012057
:104EB00003E059F804AB4FF0FF3061074FF00001F9
:104EC00002D40DE008F101018846B9420FDA8045AD
:104ED000F8DB1AF808100029F4D108E008F1010104
:104EE00088468142FADB1AF808100029F6D10598A5
:104EF0005B46A0EB080721463846179A00F094FA63
:104F0000284400EB080507E04DE029E10DE01AF820
:104F1000010B5A4617999047B8F10108F7D25B4642
:104F200021463846179A13E142E00A220092C4F360
:104F300002524FF0000A022A08D059F804CB032A83
:104F40004FEAEC710AD00DE029E02AE009F10701EF
:104F500021F00702F2E802C1914609E00FFA8CFC49
:104F60004FEAEC71042A03D14FFA8CFC4FEAEC7142
:104F7000002907DA0A460021DCF1000C61EB02018E
:104F80002D2202E0220504D52B228DF804200122D7
:104F900003E0E20701D02022F7E7904659E00A211A
:104FA00002E010220DE010214FF0000A00910BE00A
:104FB00010224FF0000A44F004040827009203E096
:104FC00008224FF0000A0092C4F30252022A05D0D0
:104FD00059F804CB0021032A08D009E009F10701A0
:104FE00021F00702F2E802C1914605E01FFA8CFCAD
:104FF000042A01D10CF0FF0C4FF00008220728D53D
:10500000702806D0009B83F0100353EA0A0305D0F2
:105010000EE040228DF80420012208E05CEA010243
:1050200006D030228DF804208DF80500022290462B
:10503000009B83F0080353EA0A030AD15CEA0102E9
:1050400001D1620705D530228DF804204FF0010808
:105050007F1E582804D034A003900EA802900DE0C3
:1050600036A0F9E753466046009AFBF711F98446EB
:105070000398825C0298401E029002705CEA010074
:10508000F0D1029806A9081A00F1200A600702D59B
:1050900024F4803400E00127574502DDA7EB0A0025
:1050A00000E0002000EB0A01009005984144401AFE
:1050B0000590E00306D45B462146179A059800F058
:1050C000B3F90544002706E001A85A46C05D1799C8
:1050D00090476D1C7F1C4745F6DBE0030CD55B4613
:1050E0002146179A059800F09FF9054404E0302006
:1050F0005A46179990476D1C0099481E0090002948
:10510000F5DC08E0029802995A460078491C0291A1
:10511000179990476D1CBAF10001AAF1010AF1DC60
:1051200065E100000928010030313233343536376B
:1051300038396162636465660000000030313233E3
:105140003435363738394142434445460000000083
:1051500000F058F90544761C307800287FF4ECAD57
:1051600019B02846BDE8F08F620700D4062709F180
:10517000070222F0070CFCE80223E14603F0004896
:105180005FEA080C02D00FF2702C0DE05FEA045CBD
:1051900002D50FF2682C07E05FEAC47C02D00FF260
:1051A000602C01E0AFF2700C4FF0FF3823F00043A9
:1051B000CDF850C065280CD006DC452809D046281B
:1051C0001DD047283DD13DE0662818D067287ED104
:1051D00038E00021112F01DB112000E0781CCDE91F
:1051E000000106A90EA8FFF7DDFCDDE90F010E9A0C
:1051F00003910021009207F1010A04914DE04FF064
:1052000000400097CDE9011006A90EA8FFF7CAFCDF
:10521000DDE90F0203920E9B11990022DDF80CA02C
:105220000093049211B9791C00EB010AB7EB0A0054
:1052300004D4C0F1FF3007F1010A0490AAEB070083
:10524000019044E0012F00DA01270021112F01DD38
:10525000112000E03846CDE9000106A90EA8FFF7AD
:10526000A1FCDDE90F010E9A039100210491009247
:10527000BA4621070CD40399514500DA8A46BAF19F
:10528000010F05DD009AAAF10101515C302908D017
:10529000B84202DA10F1040F06DA0121CDE901105B
:1052A00015E0AAF10101E9E7002805DC04990144B1
:1052B0000491AAEB000102E0411C514500DD8A4641
:1052C0000499401A401C01904FF0004002902007C2
:1052D00004D40198504501DBCDF8048000208DF8FE
:1052E0004F0002980DF14F07B0F1004F25D02B2051
:1052F0000E9002984FF0020800280CDA404202900B
:105300002D200E9007E00A210298FBF735FA303184
:10531000029007F8011DB8F10001A8F10108F2DCC4
:1053200002980028EFD1791E0E980870307800F0AE
:10533000200040F0450007F8020D12A8C01B00F144
:1053400007081498007800B1012000EB0A010198C9
:1053500001EBE07105984144401A401E0590E003BE
:1053600006D45B462146179A059800F05DF805447F
:105370001498007818B15A46179990476D1CE003AD
:1053800024D55B462146179A059800F04DF8054450
:105390001CE00498002807DBDDE90301884203DDF7
:1053A0000098405C179901E0179930205A469047C1
:1053B000049805F10105401C04900198401E0190DD
:1053C00004D12E205A46179990476D1CBAF100015E
:1053D000AAF1010ADDDC05E017F8010B5A4617991E
:1053E00090476D1CB8F10001A8F10108F4DC5B46A0
:1053F0002146179A0598ABE62D0000002B0000000F
:10540000200000002DE9F041044600251E46174605
:10541000880404D405E039462020B0476D1C641E82
:10542000F9D52846BDE8F0812DE9F0410446002574
:105430001E469046C80301D5302700E02027880487
:1054400004D505E041463846B0476D1C641EF9D5C9
:105450002846BDE8F081000010B588B00121042085
:10546000FEF7F0FB0020ADF816008DF81E004CF2A0
:105470004F310691C721ADF81410ADF81C000B4C4C
:1054800005A92046FFF762F86846FFF755F8602146
:10549000ADF8001040F6C41102910121ADF80210E0
:1054A00069462046FFF716F808B010BD0008004016
:1054B00038B5FDF717FC0024084D0094234622461A
:1054C0000321A86903F040FF002300941A46052138
:1054D000A86903F039FFAC6138BD0000100000205E
:1054E00030B5174B0125597C002907D0D96A002413
:1054F000884207D118631C74084630BDD86218630F
:105500005D7430BD02D9A0EB010201E0A1EB000205
:10551000022A03D3D86218631C7430BD1A6B904200
:1055200003D018631D74084630BD197C491CC9B2EC
:105530001974022901D3D8621C74D86A30BD0000E6
:105540001000002038B504460620009003232246B0
:1055500004215420FDF796FD062325220421662010
:10556000FDF708FD2148642C21D0A4F10A015A2935
:1055700025D2102300901A4600216E20FDF728FD49
:105580000A20B4FBF0F1B4FBF0F0C1F10A01CAB299
:10559000703000B206230521FDF758FC01B0082346
:1055A000BDE83040062204215520FDF74FBC1023F2
:1055B00000901A4600216E20FDF70AFD38BD102329
:1055C00000901A4600216E20FDF702FD06230A22F4
:1055D00005217020FDF73AFC01B00823BDE83040FA
:1055E0000C2204215520FDF731BC0000C9AA020895
:1055F00070B500211C4803681C480288002A31D07D
:10560000002004E033F810402144401C80B2904256
:10561000F8D3B1FBF2F0164CA0620020A16AB1F5FC
:10562000006F08D9A06A6421A0F5006048434FF4D8
:10563000F071B0FBF1F0642800D96420FFF750FF4F
:1056400005466421206C03F0E5F900280AD0A8B2D1
:10565000FFF778FF206CBDE8704000231A4619461A
:1056600003F03CB870BD0000480100204C01002050
:10567000100000207FB5304D6421286C03F0CAF97A
:10568000002858D0E87BD8B380F00100E873FDF71C
:1056900029FB01A8FCF778F901A8FCF7ADF905F1A1
:1056A0001206F47830789DF80610884205D311D19F
:1056B00070789DF8051088420CD29DF80700401CB8
:1056C000C4B29DF80810BDF80A0000F00DFB84423A
:1056D00000D901241948102300901A462D21642076
:1056E000FDF776FC0120FCF714F832787178B07879
:1056F0002346FCF768F801210846FCF72EF811E074
:10570000FFE70120E873FDF7EDFA10231A462D217B
:105710006420FDF79BFB00210120FCF71EF801200F
:10572000FBF7F7FF286C04B00023BDE870401A4671
:10573000194602F0D3BF7FBD10000020E3AB020882
:1057400014481449C079123100280BD0012810D018
:10575000022815D0032804D1C878012817D0401E8C
:10576000C8707047887810B1401E887070473B2021
:10577000FBE7487810B1401E487070473B20FBE7BC
:10578000087810B1401E087070471720FBE71F20F3
:10579000E6E700001000002010B52048204C827978
:1057A00020886188072A09D2DFE802F0040B121969
:1057B000232A3000608910B1401E608110BD3B205B
:1057C000FBE7208910B1401E208110BD3B20FBE784
:1057D000E08810B1401EE08010BD1720FBE700F507
:1057E000FA6000F081FAA188012900D0481EA0804B
:1057F00010BD012902D0491E618010BD0C21FBE7BC
:1058000010B1401E208010BD6320FBE7A089012855
:1058100002D0401EA08110BD0720FBE71000002031
:10582000B801002010B50146084600F002FF20B183
:1058300014A0FFF72DF8002010BD91F9000001EB36
:1058400080004368012008E001EB80025468421E9A
:1058500001EB82025460401CC0B28A788242F3D8C5
:105860008878401E40B2887000240C7038B1421E07
:1058700052B24A7001EB80004460184610BD4FF0F0
:10588000FF32F6E7517565756520656D7074792C8A
:105890002064657175657565206661696C65642E47
:1058A0000A00000038B503F0C7FA04461C4DD5EDD8
:1058B000040A95ED051A30EEC10AF4EEC10AF1EEC4
:1058C00010FA11DD687828B901206870DFED150A3B
:1058D000C5ED060AD5ED060AB4EEE00AF1EE10FABF
:1058E00001DD85ED060A38BD68780028FBD00E4939
:1058F000A869884211DDE869201AB0F5967F0CD9B5
:10590000A888401CA880ADF80000084802230022A7
:105910006946006802F0E2FEEC610020687038BD64
:105920005801002000000000B81E053E7000002055
:1059300010B503F081FA234B234AD96A914201DD65
:10594000012200E0002293ED100AB0EEC00A10EE32
:10595000104A1E498C4209DA93ED110AB0EEC00AD2
:1059600010EE104A8C4201DA012100E00021BAB1A8
:10597000B1B1196A01B91862196A401AFA2820D916
:10598000987800281DD1012098708D20FDF776FCB5
:105990001420FDF773FCBDE81040AF20FDF76EBC8E
:1059A00000201862997801290BD198708D20FDF79D
:1059B00065FC1020FDF762FCBDE81040AE20FDF74D
:1059C0005DBC10BD58010020CDCCCC3E00000C4287
:1059D00000210148FEF75BBD00040040F8B5054614
:1059E000002917D00A24B5FBF4F20626012337213B
:1059F0003E200096FDF746FBB5FBF4F004FB105289
:105A00000123372144200096FDF73CFBBDE8F84018
:105A1000FDF720BC0823062237213E20FDF716FAA9
:105A200001B00823BDE8F040062237214420FDF7ED
:105A30000DBAF8B50546002917D00A24B5FBF4F2D3
:105A40000C260123142110200096FDF71BFBB5FB4B
:105A5000F4F004FB1052012314211C200096FDF7E2
:105A600011FBBDE8F840FDF7F5BB18230C2214210B
:105A70001020FDF7EBF901B01823BDE8F0400C222F
:105A800014211C20FDF7E2B9F8B50546002917D00E
:105A90000A24B5FBF4F20C260123142134200096CD
:105AA000FDF7F0FAB5FBF4F004FB105201231421CA
:105AB00040200096FDF7E6FABDE8F840FDF7CABBC6
:105AC00018230C2214213420FDF7C0F901B018234B
:105AD000BDE8F0400C2214214020FDF7B7B9F8B51D
:105AE0000546002917D00A24B5FBF4F20626012347
:105AF000372128200096FDF7C5FAB5FBF4F004FB2A
:105B00001052012337212E200096FDF7BBFABDE885
:105B1000F840FDF79FBB0823062237212820FDF718
:105B200095F901B00823BDE8F040062237212E2068
:105B3000FDF78CB9F8B50546002917D00A24B5FB46
:105B4000F4F20C260123142158200096FDF79AFA4E
:105B5000B5FBF4F004FB10520123142164200096DD
:105B6000FDF790FABDE8F840FDF774BB18230C224E
:105B700014215820FDF76AF901B01823BDE8F04060
:105B80000C2214216420FDF761B908B500290BD05F
:105B9000062102460091012337215520FDF772FAB4
:105BA000BDE80840FDF756BB01B0082306223721A7
:105BB00055205DF804EBFDF749B908B500290BD075
:105BC000062102460091042337210620FDF75AFAE8
:105BD000BDE80840FDF73EBB0622082337211046EA
:105BE000FDF734F90823062237210C20FDF72EF9A2
:105BF0000823062237211220FDF728F901B00823D7
:105C00000622372118205DF804EBFDF71FB90000CC
:105C100001200D490968002901D0002070470B4977
:105C2000096809B10020704708491C398A690AB11E
:105C300000207047044A896828321268491E8A4247
:105C4000F7D1022070470000F8A40020E4000020F3
:105C500010B5064C012211462046FEF730FC2046C6
:105C6000BDE810400121FEF712BC00000004004016
:105C700010B50246104600F0E3FC20B1BDE810402C
:105C800006A0FEF705BE907802EB80035960002164
:105C9000117050709078401C907010BD51756575F2
:105CA000652066756C6C2C20656E71756575652058
:105CB0006661696C65642E0A0000000070B50446D8
:105CC000FDF7C6FE08B1204670BD064DA1B22846BC
:105CD000FEF7CCFD80212846FEF724FD0028F9D0F0
:105CE000204670BD004400401EB50B4609A2D2E913
:105CF00000149268CDE901420091022B04D100F01A
:105D000085FC08B11D201EBD0DEB030010F8010C31
:105D10001EBD00001F1C1F1E1F1E1F1F1E1F1E1F3B
:105D20002DE9FF5F814615461E46DFF8F4814FF4EA
:105D3000003421464046FCF754FE0128F9D00121E9
:105D40004046FCF736FE774C40462146FCF749FEBC
:105D50000028F9D0DFF8D0A140465146FCF71AFEE2
:105D60004FEA4960010E4046FCF7BDFE6D4F7F1CB7
:105D700039464046FCF735FE01280DD051464046D5
:105D8000FCF72FFE0128F3D101214046FCF71DFE50
:105D9000012004B0BDE8F09FC34614215846FCF72B
:105DA00097FE18215846FCF793FEDFF8788108F13A
:105DB0007F0841465846FCF714FE0028F9D05846A3
:105DC0000199FCF790FE41465846FCF70AFE002870
:105DD000F9D001215846FCF7ECFD21465846FCF766
:105DE00000FE0028F9D051465846FCF7D3FD0120AB
:105DF00000EB4900C1B25846FCF775FE39465846DB
:105E0000FCF7EFFD01280BD051465846FCF7E9FDA1
:105E10000128F3D101215846FCF7D7FD0220B8E74D
:105E2000DFF80081012E08F13F0810D0022E29D0A2
:105E300014215846FCF74CFE18215846FCF748FE42
:105E400001215846FCF79AFD0024771E4FE01421EB
:105E50005846FCF73DFE18215846FCF739FE002154
:105E60005846FCF78BFD01215846FCF7AEFD414634
:105E70005846FCF7B6FD0028F9D05846FCF730FE2E
:105E800028704AE014215846FCF722FE1821584693
:105E9000FCF71EFE01215846FCF770FD41465846AE
:105EA000FCF79FFD0028F9D05846FCF719FE287032
:105EB00000215846FCF762FD01215846FCF785FD9C
:105EC00041465846FCF78DFD0028F9D05846FCF7AE
:105ED00007FE687021E041465846FCF782FD002825
:105EE000F9D05846FCF7FCFD2855641CA4B2BC420E
:105EF000F1DB00215846FCF741FD01215846FCF733
:105F000064FD41465846FCF76CFD0028F9D0584620
:105F1000FCF7E6FDA91901F8010C002039E70000A3
:105F20000054004001000010000400102DE9F0476B
:105F300004460F4690463B4D4FF400363146284606
:105F4000FCF74FFD0128F9D001212846FCF731FD6F
:105F5000354E28463146FCF744FD0028F9D0334E33
:105F600028463146FCF716FD21462846FCF7BBFDC6
:105F70002D4C641C21462846FCF733FD01280CD02B
:105F800031462846FCF72DFD0128F3D10121284692
:105F9000FCF71BFD0320BDE8F08714212846FCF721
:105FA00097FD18212846FCF793FD0024DFF8789030
:105FB00009F17F0911E001212846FCF706FD0220C6
:105FC000E9E749462846FCF70CFD012807D1395D71
:105FD0002846FCF788FD641CA4B2444506D231462D
:105FE0002846FCF7FEFC0128EBD1E4E70E4CE41C4C
:105FF0000BE001212846FCF7E8FC0120CBE7214615
:106000002846FCF7EEFC012806D031462846FCF76E
:10601000E8FC0128F3D1ECE701212846FCF7D5FC88
:106020000020B8E7005400400100001000040010F8
:1060300038B504460D4602F0FFFE28601C4D642171
:10604000686B02F0E7FC002811D0012C10D0022C64
:1060500014D0032C25D0042C26D0214615A0FEF701
:1060600017FC00231A461946686B02F037FB38BD4F
:10607000E879401C00F00300E871F2E715A0FEF794
:1060800007FC0020E8702871E87101208DF80000FD
:106090008DF80100002364226946A86C02F01EFB03
:1060A000DFE700F019FADCE7FFF74AFBD9E7000069
:1060B00010000020556E6B6E6F776E20616C617200
:1060C0006D2073657474696E67206B65793A20255D
:1060D000640A0000536176696E6720616C61726DBD
:1060E0002073657474696E677320616E64206578CF
:1060F0006974696E670A00002DE9FC4704469C4DEF
:106100006421686B02F086FC012820D0EE786F795C
:1061100095F8048095F8019036B3012E6FD1642173
:10612000686B02F077FC002869D00420002F7DD036
:106130008DF804008DF805400021286D02F084FAE6
:1061400000230A2201A9286D02F0C8FA08E1EE78BE
:106150006F7995F8048095F8019000231A46194646
:10616000686B02F0BBFAD7E7002701264FF0020860
:10617000B9F1030F36D1092C34D102F05DFEE97A72
:1061800011B101290DD02DE02862EE728DF800606A
:106190008DF8017000230A226946686D02F09EFAAC
:1061A00020E0296A411AEF72B1F5FA7F0AD28DF820
:1061B00000808DF8017000231A466946686D02F070
:1061C0008DFA0FE02862287BD8B100202873EE7288
:1061D0008DF800608DF8010000231A466946686D4D
:1061E00002F07CFA012C7CD0022C69D0042C0AD05D
:1061F000092C04D1E878002801D1FFF73BFABDE86B
:10620000FC870120E2E76421686B02F003FC0028B0
:10621000F5D0EF70687800F00300401C68706421CE
:10622000286C02F0F7FB01282BD100E087E0FCF797
:10623000F9FD6878012804D0032808D004281AD171
:1062400008E0FBF705FD0020FBF7DCFC13E0FBF7A3
:10625000F3F810E0FBF72AFD10B9FBF710FD30B39F
:106260000020FBF7CFFC002211461046FCF710FB84
:106270000A2002F023F800231A461946286C02F07F
:106280002DFA8DF8046068788DF805000021A86C5F
:1062900002F0DAF900230A2201A9A86C02F01EFA22
:1062A00000231A461946686B02F018FAA7E7012086
:1062B000FBF7A8FC002211461046FCF7E9FAD7E7E5
:1062C0006421686B02F0A6FB002898D0EE702E7156
:1062D0006F7103208DF804008DF805600021E86CD3
:1062E00000E00EE002F0B0F900230A2201A9E86CF8
:1062F00002F0F4F900231A461946686B02F0EEF931
:106300007DE76421686B02F085FB0028CED0EE703B
:106310002F716E718DF804808DF805600021286D55
:1063200002F092F900230A2201A9286D02F0D6F9A1
:1063300000231A461946686B02F0D0F95FE7B8F1FE
:10634000000F0DD08DF804008DF805400021E86C99
:1063500002F07AF900230A2201A9E86C02F0BEF9E2
:1063600000231A461946686B02F0B8F947E70000A7
:106370001000002038B504460D4602F05DFD28608F
:106380001D4D6421686B02F045FB002832D0012CC2
:1063900006D0022C17D0032C21D0042C24D121E0CC
:1063A00016A0FEF775FA0020E8706871A871012048
:1063B0008DF800008DF8010000231A466946A86C8C
:1063C00002F08CF910E0A879401C0721B0FBF1F233
:1063D00001FB1201A97116A0FEF75AFA04E000F0C1
:1063E000B1F801E0FFF7D8F900231A461946686BA7
:1063F00002F074F938BD0000100000205361766986
:106400006E6720616E642065786974696E672074B8
:10641000696D6520736574206D6F6465202D204B58
:106420006579203120707265737365640A0000001D
:10643000536574207368696674206368616E67656C
:106440006420746F3A2025640A00000010B586B0FD
:1064500001210220FDF7E8FB01214805FDF7F2FBD1
:10646000C020049002208DF8140001218DF8161030
:106470008DF817108DF81500144C04A92046FBF771
:106480007FFF042206212046FBF7B8FF04220721E4
:106490002046FBF7B3FF0020ADF804002015ADF84F
:1064A0000A000001ADF80C00094800904BF6FF709F
:1064B000ADF80600074C69462046FCF7ABFA01210F
:1064C0002046FCF76AFA06B010BD00000004024046
:1064D000801A0600005400401948194A3C21C0792E
:1064E0001232002812D0012818D002281ED003280A
:1064F0000BD1D0781F21B0FBF1F301FB1300401C3E
:10650000D070002801D10120D07070479078401CD5
:10651000B0FBF1F301FB1300907070475078401C02
:10652000B0FBF1F301FB1300507070471078401C72
:106530001821B0FBF1F301FB13001070704700004D
:106540001000002030B52848284C3C228379208850
:106550006188072B0CD2DFE803F0040C141D2935E9
:106560003D006089401CB0FBF2F102FB110060812C
:1065700030BD2089401CB0FBF2F102FB11002081EC
:1065800030BDE088401C1821B0FBF1F201FB120085
:10659000E08030BD00F5FA60FFF7A6FBA18891FB13
:1065A000F0F200FB1210401CA08030BD0C20B1FBAB
:1065B000F0F200FB1210401C60800028F5D1012091
:1065C000608030BD401C6421B0FBF1F201FB120081
:1065D000208030BDA0890721B0FBF1F201FB120041
:1065E000401CA08130BD000010000020B801002038
:1065F00000220270FF2141708270002100EB8103B4
:106600005A60491CC9B20729F8D37047810705D1E0
:10661000642190FBF1F201FB120141B94FF4C87102
:1066200090FBF1F201FB120008B10020704701203D
:1066300070478078002801D0002070470120704703
:106640008078072801D0002070470120704730383B
:10665000092801D8012070470020704710B5FDF7C8
:106660002DF9FAF70DFB06490870FEF705F8FBF760
:10667000AFFD00F0CDF9FBF7B3FD002010BD000029
:106680001000002010B580216B2000F09BF80A203C
:1066900001F014FE00216B2000F094F818211B205B
:1066A00000F090F80021BDE810401C2000F08AB8EE
:1066B0002DE9FF410E2269463B2000F07DF89DF850
:1066C00001009DF8001040EA012000B29DF803107F
:1066D0009DF8022041EA022109B29DF805209DF8AB
:1066E000043042EA032212B29DF807309DF80640BA
:1066F00043EA04231BB29DF809409DF8085044EA80
:10670000052424B29DF80B509DF80A6045EA062541
:106710002DB29DF80D609DF80C7046EA072636B242
:1067200000EE100A2148F8EEC00A90ED020A80EE51
:10673000801A80ED091A00EE901AF8EEE00A80EE59
:10674000801A80ED0A1A00EE902AF8EEE00A80EE38
:10675000801A80ED0B1A00EE104AF8EEC00A90ED98
:10676000030A80EE801A80ED0C1A00EE905AF8EEC3
:10677000E00A80EE801A80ED0D1A00EE906AF8EEC5
:10678000E00A80EE801A80ED0E1A00EE103A9FEDBE
:10679000081AF8EEC00A80EE810ADFED060A30EE34
:1067A000200A80ED0F0ABDE8FF810000580100209B
:1067B0000000AA43B81E124213460A460146692049
:1067C000FFF7AEBA08B58DF800008DF8011002226F
:1067D0006946D220FFF7AAFB08BD30B5034603295E
:1067E00003D005291DD0002030BD58783A2801D0AB
:1067F000002030BD1978172902D898783B2837D95E
:106800000846FFF724FF50B19878FFF720FF30B11A
:1068100018783038C1B298783038C0B228E00020FB
:1068200030BD1878FFF713FF40B35878FFF70FFF1C
:1068300020B398783A2821D1D878FFF708FFE8B13B
:106840001879FFF704FFC8B118785978303800EB91
:1068500080006FF02F0404EB40000844C1B2D878E8
:106860001D79303800EB800004EB40002844C0B2B2
:10687000172901D83B2803D9002030BD002030BDA6
:1068800011705070012030BDF0B502461078FFF74E
:10689000DEFE002871D05078FFF7D9FE00286CD0BA
:1068A00090782F2869D1D078FFF7D1FE002864D0E6
:1068B0001079FFF7CCFE00285FD050792F285CD1EB
:1068C0009079FFF7C4FE00287FD0D079FFF7BFFE94
:1068D00000287AD0107AFFF7BAFE002875D0507AD7
:1068E000FFF7B5FE002870D0907A20286DD1D07ABD
:1068F000FFF7ADFE002868D0107BFFF7A8FEE0B3DD
:10690000507B3A2861D1907BFFF7A1FEA8B3D07BE2
:10691000FFF79DFE88B3107C3A2856D1507CFFF7D4
:1069200096FE50B3907CFFF792FE30B31078547807
:10693000303800EB80006FF02F0303EB4000204461
:10694000C4B2D0781579303800EB800003EB4000FA
:106950002844C5B29079567A303800EB4007C7EB2F
:10696000C01006EBC006D0793038642710FB07F75B
:10697000107A303800EB800000E026E007EB4000A2
:106980003044303880B2D67A177B303E06EB86062C
:1069900003EB46063E44F6B2977B92F80FC0303FB9
:1069A00007EB870703EB47076744FFB292F812C073
:1069B000527C303A02EB820203EB42026244D2B2D2
:1069C000631E0C2B03D30020F0BD0020F0BD6B1E16
:1069D0001F2B01D30020F0BD172E03D83B2F01D869
:1069E0003B2A01D90020F0BDA0F5FA63642B01D346
:1069F0000020F0BD6423B0FBF3FC03FB1C00087017
:106A00004C708D70CE700F714A710120F0BD000086
:106A10002DE9FC4101210220FDF706F94FF4005554
:106A2000009500248DF805408DF8064001268DF86C
:106A300004600E4F69463846FBF7A2FC0122294646
:106A40003846FBF7F7FC6D1000958DF805408DF882
:106A500006408DF8046069463846FBF791FC002239
:106A600029463846FBF7E6FCBDE8FC8100040240FD
:106A700010B5184C94ED090AD4ED0A0A20EE000A6C
:106A800000EEA00AD4ED0B0A00EEA00AFEF74CF8C7
:106A9000207828B984ED040A84ED050A01202070CD
:106AA000D4ED040A9FED0C1A60EE810A9FED0B1ADB
:106AB00040EE010AC4ED040AD4ED050A9FED081A60
:106AC00060EE810A9FED071A40EE010AC4ED050A47
:106AD00010BD000058010020CDCC4C3FCDCC4C3E29
:106AE00052B87E3F0AD7A33B2DE9F04704468946BA
:106AF000204DEE686F6BD5F838802868001D01F0D6
:106B00007DFA38B9286890F82C100120884029694E
:106B100081432961601C17D1B9F1000F14D01649C7
:106B200048682A68906082682B68DA602A688368FF
:106B3000121D5A602A68121D826028684161086827
:106B4000401C0860BDE8F087344428684460B442C3
:106B500006D229684046BDE8F047091D01F0A4BAF5
:106B600029683846091D01F09FFAA86A8442E9D2D3
:106B7000AC62E7E7C800002020A5002070B50446FD
:106B800001F0B6FA254DA868401CA860286810B12D
:106B9000686938B10CE02C60A868012808D100F0C1
:106BA00029FA05E02868E16AC06A884200D82C60AA
:106BB000686A401C68626064E06A01212A69814059
:106BC00011432961164A00EB800002EB8000406807
:106BD000A0608168E1608368211D59608160E06A7E
:106BE00000EB800002EB8001616152F82010491C2B
:106BF00042F8201001F08AFA686900280CD0286851
:106C0000E16AC06A884207D206494FF080500860A6
:106C1000BFF34F8FBFF36F8F70BD0000C80000201F
:106C200008A4002004ED00E010B501F061FA0C4C5E
:106C3000206880B90B4801F029FA0A48143001F0A5
:106C400025FA0848E0601430206100220C210A2057
:106C500001F0D9FC2060BDE8104001F057BA0000F7
:106C60000801002034A5002070B50C4D0C4E11E039
:106C700001F03EFAF068C468201D01F0BFF9A86871
:106C8000401EA8606868401E686001F03FFA204618
:106C900000F0ACF868680028EAD170BDC800002098
:106CA0000CA5002030B40B46026C002A0CD0C16841
:106CB0001144C1608468A14201D30168C160C16808
:106CC00030BC1846F9F715BB30BC70472DE9F041D0
:106CD000044617460026A56B226C002A10D0C7B1C7
:106CE000E068F9F706FBE168206C091AE1602268A8
:106CF000914202D2A168081AE060022F16D017E074
:106D00002068A8B9A06802F033F906460020A06008
:106D10000EE06068F9F7EDFA216C60680844606085
:106D2000A168884204D32068606001E005B16D1E4F
:106D30006D1CA5633046BDE8F0810000F0B587B05A
:106D4000002003AA0EA1095C115411B1401C1028A7
:106D5000F8DB00240C4E00254FF480770B4806EB3F
:106D60008401CDE9005100233A4603A901F010FF48
:106D7000002802D0641C012CF0DB07B0F0BD00003D
:106D800049444C450000000004010020B96E02088F
:106D90002DE9FF5F8146DDE90E788A4616469B465F
:106DA000B00000F041FB054628000ED0602000F046
:106DB0003BFB04462CB160212046F9F7B3FA25636A
:106DC00004E0284601F0AEF900E0002454B10020B0
:106DD000CDE90240CDE900785B463246514648464F
:106DE00000F0ABF804B02046BDE8F09F10B50446B3
:106DF000206B01F097F92046BDE8104001F092B9F0
:106E0000416A002904D0006B0068C0F10A00704795
:106E10000020704700200B490A69012A00D901208F
:106E20000A68D26A0AB100207047074A1268012A2C
:106E300001D90020704708B100207047886AC968EE
:106E4000401A7047C800002008A400200749CA68FB
:106E50001168002904D00021016019B10020704799
:106E60000121F9E7D06800687047000008010020A0
:106E70004FF420410E48420706D0C01D20F0070005
:106E80000B49411AC1F520410A4A106000235360A2
:106E90000144083921F00701143A11604B600B607E
:106EA0000B1A4360016040689060506070470000BA
:106EB00008040020C00000200E4C4FF080550E4EFC
:106EC000FFF7D2FE2068012804D93560BFF34F8F49
:106ED000BFF36F8FFFF79EFF0228F1D301F020FB75
:106EE000FFF798FF022801D301F058F902F048F9A2
:106EF000E6E7000008A4002004ED00E0002808D028
:106F0000002181600160C16000231A46194601F02A
:106F1000E5BB704770B51D46049C00290BD022606C
:106F2000E06321640121204601F08EFB84F850507B
:106F30000020A06470BD2460F2E72DE9F04781468F
:106F4000DDE908570A9C0E4690469A464FEA8801AA
:106F5000A522206BF9F7DFF9206BA8F1010800EBFF
:106F6000880020F0070866B100202218315C82F802
:106F70003410315C11B1401C1028F6D3002084F885
:106F800043000A2D00D30925E562E564201D01F0C8
:106F900088F804F1180001F084F82461C5F10A00B2
:106FA000A061646252464946404600F09FFA206064
:106FB000002F00D03C60BDE8F0872DE9F047054682
:106FC000DDE908940E4690461F46FFF72DFE25602A
:106FD000A661E761C4F82090201D01F062F8B8F1C5
:106FE000000F04D014F8280F40F004002070BDE812
:106FF000F087000070B50024114D04EB840005EB10
:10700000800001F043F8641C0A2CF6D30C48C83009
:1070100001F03CF80A48DC3001F038F80848F0305C
:1070200001F034F8074801F031F80648143001F057
:107030002DF8044904483C3941631431816370BD23
:1070400008A400200CA50020C800002030B513497A
:1070500000E011460A688242FBD34B685C18844208
:1070600003D140681844486008460D6844682318F6
:10707000AB420DD1094B143B1B689A4206D05268B3
:10708000224442600A681268026002E0036000E085
:107090000260814200D0086030BD0000C0000020C6
:1070A00070B50024416000610C4D91420AD8D11A9C
:1070B0008269914201D301240EE0011D286900F08C
:1070C000F3FF09E09A4203D2994201D3012403E07D
:1070D000011DE86800F0E8FF204670BD08010020AF
:1070E00010B5044601F004F8A06B20B1002401F0B3
:1070F0000DF8204610BD0124F9E710B5044600F054
:10710000F7FFA06BE16B884201D1012400E000246D
:1071100000F0FCFF204610BDF1B50098846C0026FD
:10712000A06BE16B884210D294F945500022694669
:107130002046FFF7CBFD0646681C08D000F070FF24
:10714000854202D26D1C84F845503046F8BD606A15
:107150000028FAD004F1240001F0AAFF0028F4D09E
:107160000126F2E770B505460E460D48C068C068B6
:10717000C468201D00F042FF94F82800410705D59F
:1071800032462946204600F0AFF803E000F0FE004A
:1071900084F828002046216ABDE8704008470000B6
:1071A000080100207FB50020019002900390324E2C
:1071B0005AE00198002857DB039C606910B1201D3C
:1071C00000F01CFF684600F0B3F8054601980A2855
:1071D0004AD2DFE800F0490505282E3D0505282E96
:1071E00094F8280040F0010084F828000298A16972
:1071F000034601442A462046FFF752FF38B394F86D
:107200002800410707D50298A1692A460144204673
:1072100000F06AF803E000F0FE0084F82800216A1C
:107220002046884720E014F8280F00F0FE00207068
:107230001AE094F8280040F0010084F82800029831
:10724000A06141192B462A462046FFF729FF0BE093
:1072500094F82800810703D4204600F063FF03E080
:1072600000F0FE0084F82800002201A9306801F037
:107270004FFB00289DD17FBD08010020F8B50646D0
:107280000D4601F04DF9684600F052F804460098AA
:1072900010B101F075FFF8BD45B9A64206D801F05E
:1072A0006FFF21463046FFF75DFFF8BD0C481DB16A
:1072B0000169096891B10025311B2A46006800F078
:1072C000D9FF01F05DFF0028EFD106494FF0805053
:1072D0000860BFF34F8FBFF36F8FF8BD0125EBE759
:1072E0000801002004ED00E070B505460C46164686
:1072F00004E0A8690444296A28468847A869234607
:10730000011932462846FFF7CBFE0028F1D170BDA7
:107310000648416B0968002904D0416BC9680968B7
:10732000816270474FF0FF3181627047C8000020D2
:1073300070B5054601F080FD0446074EB0688442F2
:1073400004D200F00BF80120286001E00020286042
:10735000B460204670BD00000801002070B5094CE3
:107360004FF0FF3504E0C06800682946FFF7FAFED9
:10737000E0680268002AF6D1E0682169E1602061D6
:1073800070BD000008010020502080F31188BFF379
:107390004F8FBFF36F8FFEE708B56846FFF756FDC6
:1073A0000099FFF76BFFFFF7FDFEF6E72DE9F041CF
:1073B000044600F09DFE94F9455004F1240612E0C5
:1073C000A06C30B12046FFF7A7FE50B100F0EEFFF1
:1073D00007E0606A48B1304601F06AFE08B100F08B
:1073E000E5FF6D1E6DB2002DEADC4FF0FF3684F82C
:1073F000456000F08BFE00F07BFE94F9445004F1F0
:10740000100709E0206948B1384601F051FE08B183
:1074100000F0CCFF6D1E6DB2002DF3DC84F84460EB
:10742000BDE8F04100F072BE2DE9F04104460025B0
:10743000002C11D014F1090F0DD8083460070BD0BF
:1074400004F00700C0F10800C1438C4201D8044495
:1074500002E0002400E0002401F062F81D4E3068D4
:1074600008B9FFF705FD002C2FDD73689C422CD86E
:10747000184914310846006801E001461046426888
:10748000A24202D20268002AF7D1326890421CD090
:107490000D68083502680A604268171B102F05D96D
:1074A0000219576044600C6814600A604268991AB7
:1074B0007160B368994200D2B16042F0004141600E
:1074C00000210160F068401CF06001F059FE284680
:1074D000BDE8F081AC00002003480068002802D01D
:1074E000016D491C01657047C800002024384FF029
:1074F0008073036221F00101C1610449816142602E
:107500006FF0020140F820197047000089730208EB
:1075100038B5124D6421286C01F07CFAC0B105F138
:107520001204E37822786178A078FAF74CF9A07811
:10753000009063782278E17809A0FDF7A9F9286C1A
:1075400001B00023BDE830401A46194601F0C6B824
:10755000BDE838400FA0FDF79BB9000010000020E7
:10756000416C61726D2074696D652073617665642C
:1075700020746F204453333233313A2044617920F0
:1075800025642C20253032643A253032643A253087
:1075900032640A004572726F723A204661696C6506
:1075A0006420746F2074616B6520493243206D75CF
:1075B00074657820746F207361766520616C6172E8
:1075C0006D2073657474696E67732E0A0000000085
:1075D0007FB5184D6421286C01F01CFA002822D0D8
:1075E000154CA08961892289E388CDE90210CDE993
:1075F0000032A3886288218810A0FDF749F9A27A99
:10760000217AA079FAF7A4FA237B2279A17820784D
:10761000FAF71CFA286C04B00023BDE870401A4643
:10762000194601F05BB804B014A0BDE87040FDF746
:107630002FB9000010000020B801002053617669C6
:107640006E672074696D652073657474696E677305
:107650003A20253032642D253032642D25303264B5
:1076600020253032643A253032643A2530326420A5
:107670005765656B3A25640A000000006661696C15
:107680006420746F20736176652074696D65207362
:10769000657474696E6700003EB51F4C4FF0FF3192
:1076A000206C01F0B7F9012835D16A4601A902A87A
:1076B000F9F768FBDDED020ABDEEE00A9FED172A3F
:1076C000B8EEC01A70EEC10A60EE820AFDEEE01A52
:1076D0009DED011AFDEEC10AF8EEE02A31EE621AC4
:1076E00021EE021ABDEEC11A0D48C0ED020A80ED6E
:1076F000031ADDED000AFCEEE00AC0ED040A80ED9D
:10770000000AC0ED011A00F00DF800231A461946D0
:10771000206C00F0E3FF3EBD100000200000C842D6
:10772000D001002038B504460625009502231E210D
:1077300042202268FBF7A6FC06232E221E214E20A3
:10774000FBF718FC009502231E2153206268FBF70B
:1077500099FC17480C2300901A461C215F20FBF768
:1077600037FC14480090302326220C211420FBF70C
:107770002FFC009502230F214220A268FBF782FC18
:1077800006232E220F214E20FBF7F4FB0095022347
:107790000F215320E268FBF775FC062325220F21F9
:1077A0005F20FBF7E7FBBDE83840FBF753BD000067
:1077B000CDAB0208E9AA020838B504460021062329
:1077C00022A20846FBF782FC611E0620082907D288
:1077D00000900123224600212020FBF753FC38BDF6
:1077E000A4F10B01592907D200900223224600215F
:1077F0002020FBF747FC38BDA4F1650140F283323D
:10780000914207D200900323224600212020FBF75B
:1078100039FC38BDA4F2E93142F22732914207D255
:1078200000900423224600212020FBF72BFC38BDCA
:10783000A4F51C51074A11399142F8D20090052352
:10784000224600212020FBF71DFC38BD73746570B3
:107850003A0000008F5F010038B504460C25009502
:10786000A278022314211020FBF70CFC0C233A22EF
:1078700014212820FBF77EFB009562780223142157
:107880003420FBF7FFFB0C233A2214214C20FBF79A
:1078900071FB00952278022314215820FBF7F2FB9C
:1078A00006250095E288042337212846FBF7EAFBEA
:1078B00006232D2237212020FBF75CFB009522793F
:1078C000022337212820FBF7DDFB06232D22372159
:1078D0003620FBF74FFB0095E278022337213E204C
:1078E000FBF7D0FB0095227A012337215520FBF7C7
:1078F000C9FBBDE83840FBF7ADBC000038B5194CFA
:10790000E0780C25642807D90095E2780223142139
:107910000820FBF7B7FB06E00095E278022314216C
:107920001020FBF7AFFB0C233A2214212820FBF791
:1079300021FB00952279022314213420FBF7A2FBBE
:107940000C233A2214214C20FBF714FB009562799A
:10795000022314215820FBF795FBBDE83840FBF7C4
:1079600079BC0000A401002010B501210648FAF7F7
:1079700055FD012806D1AE20FBF780FCBDE8104084
:10798000FAF722BB10BD00000000024008B50F4806
:1079900000226946406D00F0BBFF012809D19DF827
:1079A0000000012806D0022803D1FEF711F801F0EB
:1079B000EDFC08BD9DF8010020B10128F9D1FEF7CA
:1079C00007F808BDFEF744F908BD000010000020CC
:1079D00010B5FEF73BFD1E2000F070FCFCF7E0FC4C
:1079E000FCF728FDFEF74EFEF9F7B1F9FBF75CFA5C
:1079F0001E2000F063FCFBF715FA1E2000F05EFC71
:107A0000124C207838B1062311A204213C20FBF748
:107A10005DFBFBF71FFCFBF779F8FBF741F9F9F782
:107A2000C3F8F8F7CDFFFBF7C9F80120FBF7BEF864
:107A300000231A461946A06B00F050FE142000F0F7
:107A40003DFCBDE81040002000F052BC10000020BA
:107A50004F544120535543434553533A00000000CF
:107A60000EB55C4800900023012240F6B8315AA0C0
:107A700001F01CFC5B4CA0615B4E01270025FBF76D
:107A8000FBFF8EE0FBF7E4FF18B9A07A617A0843A8
:107A900005D19DF80800FBF71FFF002811D19DF8C4
:107AA000080054280ED041280CD0617AF1B30D287B
:107AB00077D00A2809D0217A13293FD24A1C227292
:107AC00070546EE0677225726BE0207A355413288B
:107AD00013D169464448FEF7D7FE70B16421206C8B
:107AE00000F098FF012808D16846F9F7C1FE00238D
:107AF0001A461946206C00F0F1FD217A032901D0C5
:107B0000052918D101AA3848FEF767FE98B164210B
:107B1000206C00F07FFF01280DD19DF804109DF826
:107B20000500F9F781FE00231A4600E009E0194636
:107B3000206C00F0D3FD2572657232E0257265720B
:107B40002FE0032827D0052807D0062814D0A17AD3
:107B5000012924D0022924D121E0A07A10B10128E2
:107B60001FD104E0A7720120FEF7C6FA19E0A57242
:107B70000120FEF7C1FA14E0A07A10B1022810D15A
:107B800004E00220A072FEF7B7FA0AE0A572022014
:107B9000FEF7B2FA05E00920FEF7AEFA01E0FEF7C3
:107BA000ABFA002202A9E06D00F0B2FE01283FF41A
:107BB00069AFFAF747FC8046B8F1000F05D01420F2
:107BC00000F07CFB4046FEF797FA142000F076FBAD
:107BD00055E70000B154020852696E6753746F7024
:107BE0000000000010000020E40100201CB500206F
:107BF0000190441E0021224601AB0846009401F08A
:107C0000AFF80028F6D0FBF723FF0028F2D1019847
:107C1000C10702D0FDF7ECFCECE78007002804DA8E
:107C2000FBF768F8FBF756F8E4E7E3D0FDF7E0FC74
:107C3000FBF760F8DEE700001CB501F0FDF80090EE
:107C40001D4CFBF705FF18B1642000F037FBF8E787
:107C50001421684600F0ACFF0A21606B00F0DAFEE8
:107C60000128EED1E57800231A461946606B00F032
:107C700035FD6DB90A21206C00F0CCFE012807D13A
:107C8000FAF7B6FF00231A461946206C00F026FDCD
:107C9000002201A9206E00F03BFE0128D1D1BDF8E1
:107CA00004000128CDD9616A8842CAD0FFF784FD5B
:107CB000BDF804006062C4E71000002008B501248C
:107CC0003B4DA11EA86B00F0A5FE3A4E642269460A
:107CD000A86C00F01DFE012805D19DF800000128C8
:107CE00001D19DF80140E87800285CD1012C06D034
:107CF000022C1FD0032C2BD0042C54D146E064213D
:107D0000286C00F087FE01284DD12A48F9F73CFE87
:107D10002848F9F771FE3078A978884203D0A87016
:107D20002448FFF799FD00231A461946286C00F0F5
:107D3000D5FC38E00A21686B00F06CFE28B3FFF731
:107D4000ABFC00231A461946686B00F0C7FC2AE01A
:107D50000A21686B00F05EFEB8B1FFF717FE0A213A
:107D6000286C00F057FE012807D1FFF7C7FD00235C
:107D70001A461946286C00F0B1FC00F01DF80023EB
:107D80001A461946686B00F0A9FC0CE00A21686BE2
:107D900000F040FE38B1FAF75BFC00231A461946A2
:107DA000686B00F09BFC142000F088FA8EE700005E
:107DB00010000020C601002030B51749887800283F
:107DC00029D000238B7008894A79104480B28A79BF
:107DD00090420BD3B0FBF2F40D792C440C71B0FB44
:107DE000F2F402FB140048710B8104E048790A891F
:107DF000104448710B8108793C280CD30A793C2047
:107E0000B2FBF0F2CB781A44CA700A79B2FBF0F3F5
:107E100000FB1320087130BDA40100207FB504468B
:107E20002C4D4FF0FF31286C00F0F4FD00284BD0B2
:107E3000082329A200212820FBF748F9E879022825
:107E40001ED00121234E12363078FDF7F2FDE8797D
:107E5000012817D001217078FDF716FEE87998B156
:107E60000121B078FDF766FEE879032800D00124EF
:107E70002146F078FDF7B2FDE879032806D00BE043
:107E80002146DFE72146E6E72146EAE710230822FC
:107E900000211820FAF7DAFF124890E80E00C068B7
:107EA0008DE80E000390E97908235DF82120002178
:107EB0000846FBF70BF9286C04B00023BDE87040BE
:107EC0001A46194600F00ABC04B007A0BDE870408D
:107ED000FCF7DEBC10000020414C41524D205345C0
:107EE000540000009C9302084661696C656420742C
:107EF0006F2074616B65206D7574657820666F7294
:107F000020616C61726D20646973706C6179207599
:107F100070646174650A000070B504462A4D002142
:107F2000286C00F077FDE8B3A879D0B30121274E83
:107F3000B07AFDF7FFFDA879012836D00121307A0B
:107F4000FDF7A2FDA879022831D00121B079FDF713
:107F500070FDA87903282CD001213079FDF73EFD72
:107F6000A879042827D00121B078FDF7B8FDA879B9
:107F7000052822D00121308800F5FA6080B2FDF793
:107F80001CFEA879062800D001242146307BFDF78D
:107F9000FCFD286CBDE8704000231A46194600F02D
:107FA0009DBB00E00BE02146C1E72146C7E7214623
:107FB000CCE72146D1E72146D6E72146DBE7BDE8FD
:107FC000704003A0FCF764BC10000020B801002042
:107FD0004661696C656420746F2074616B65206D07
:107FE0007574657820666F7220646973706C61794E
:107FF000207570646174650A000000000169D0E9B1
:1080000001329A60D0E901235A604A68824201D164
:1080100082684A60002202610868401E086070475A
:108020000148806870470000C800002038B50A4C3D
:10803000A07B00280DD00020A07305218DF8001032
:108040008DF8010000231A466946E06C00F046FBFB
:1080500038BD0120F0E700001000002038B50A4CC0
:10806000607B00280DD00020607305218DF8001082
:108070008DF8010000231A466946206D00F02EFBA2
:1080800038BD0120F0E700001000002000F10801D9
:1080900041604FF0FF328260C160016100210160E8
:1080A000704700210161704730B50C68621C02D036
:1080B00000F1080202E0026904E01A4653681D68F4
:1080C000A542FAD953684B6099608A605160086193
:1080D0000168491C016030BD42684A6093688B604A
:1080E00093685960916008610168491C016070479C
:1080F000502080F31188BFF34F8FBFF36F8F02487A
:108100000168491C016070479C0000200449086810
:10811000401E0860002801D180F3118870470000DC
:108120009C00002070B500281BD008380446606809
:10813000002816DA2168002913D120F00040606081
:1081400000F0EEF9074D60686968084468602046F1
:10815000FEF77CFF2869401C2861BDE8704001F0F3
:108160000FB870BDAC0000200B480A4941606FF0A9
:108170007F42B2FBF1F181605E21C1604FF0E020EF
:108180000021016181610349491E416107210161AB
:1081900070470000A08601009C0000202DE9F041FE
:1081A0000446324DA868844200D9044672B6BFF333
:1081B0004F8FBFF36F8FFDF72BFD30B14FF0E023F2
:1081C00006271F61986918B103E062B6BDE8F08127
:1081D00068686A68611E02FB01012548066876012D
:1081E00003D54FF000760660891AE868814200D90D
:1081F000091A596100269E61186940F00100186152
:1082000024B1BFF34F8F30BFBFF36F8F62B6BFF3A0
:108210004F8FBFF36F8F72B6BFF34F8FBFF36F8F68
:108220001F611869C0030DD59869081A6968081A92
:10823000401EEA68904201D9884200D9481E586120
:10824000601E09E098696A685443211AB1FBF2F094
:10825000441C5443611A59619E6107211961696880
:10826000491E596100F046F962B6AFE79C00002054
:1082700004ED00E070B504460D461646FFF738FFE2
:1082800094F944304FF000005B1C01D184F84400A5
:1082900094F94510491C01D184F84500FFF736FFD9
:1082A000A06B28B93246294604F1240000F094F866
:1082B0002046BDE87040FFF779B8000010B50246CF
:1082C0000020002A07D000F02BF900211046FEF70D
:1082D0000BFC00F055FF002807D104494FF08050F7
:1082E0000860BFF34F8FBFF36F8F10BD04ED00E048
:1082F00070B504460025FFF7FBFE244E04B9346830
:10830000201DFFF77BFE58B9E06A214A00EB80018F
:1083100052F8211021B90121814030698843306130
:10832000A06A18B104F11800FFF768FE706A401CDB
:1083300070623068844201D1012000E00020716940
:1083400049B140B1211D1348FFF7C6FE7068401CBB
:108350007060012504E0B068401EB060FEF7D8FFF1
:10836000FFF7D4FE012D02D02046FEF73FFD7069D5
:1083700000280AD03068844207D107494FF0805066
:108380000860BFF34F8FBFF36F8F70BDC800002030
:1083900008A400200CA5002004ED00E002490A6AB0
:1083A0000260C96841607047C8000020014901208F
:1083B00008607047E400002010B50C4605490968C4
:1083C0001831FFF771FE2046BDE810400121FEF78D
:1083D0008BBB0000C8000020F0B403460C46586870
:1083E0000D490D68E86185680E6835620D6886681C
:1083F000183575600D6818358560086883621868DF
:10840000401C1860002A01D04FF0FF342046F0BC19
:108410001146FEF769BB0000C800002070B5044695
:10842000002844D0E06C884200D30146E06A8842CC
:108430003DD0226D012A3AD1E162A269002A02DB15
:10844000C1F10A01A1611A4D00EB8000616905EBE1
:10845000800081422BD1201DFFF7D0FD154901225C
:1084600030B994F82C000B6902FA00F083430B61D9
:10847000E06A0B6982401A430A6100EB800005EB59
:1084800080004068A0608168E1608268211D5160C1
:108490008160E06A00EB800005EB80006061E06ACB
:1084A00000EB800055F82010491C45F8201070BDE5
:1084B00008A40020C800002010B5FEF73FFC0128EA
:1084C00001D100F00DFF0A4C01280FD1502080F39C
:1084D0001188BFF34F8FBFF36F8F4FF0FF30A06253
:1084E000012060610020E06000F04AF8E06A10BD01
:1084F000C800002070B50446084DE8682044A96A09
:10850000884207D1FFF7F4FDA869401CA861FFF776
:10851000FDFD641EE8682044E86070BDC8000020CE
:108520000248016B491C016370470000C80000202D
:10853000114A116B02F11C00002902D001210160D7
:108540007047002101601069B0FA80F0C0F11F008F
:108550000A4900EB800001EB8000416849684160F6
:1085600000F10803994201D1C16841604068C068C8
:108570001060106870470000C800002008A40020A8
:1085800010B50C48016841F47F010160016841F0B9
:108590007F410160FFF7E8FD074900200860F7F719
:1085A00029FE0648016841F040410160F7F70EFEE0
:1085B000002010BD20ED00E09C00002034EF00E022
:1085C00070B504460D46FFF793FDA06C08B100247A
:1085D00005E0A06B08B1002401E0A5640124FFF7C9
:1085E00095FD204670BD10B502460021012000F027
:1085F0000AF804462046FEF781FC204610BD002202
:108600000421AFF30080F8B505460E461746002456
:10861000002D16D0601EB0FBF5F0B04211D305FB63
:1086200006F010F1550F0CD85430FEF7FDFE04464D
:108630003CB1224654323B46314628460094FEF770
:1086400069FC2046F8BD00002DE9F04104460F46C4
:108650000125002C3BD0E26BC2B3AE1EB6FBF2F19B
:10866000206C814233D3FFF743FDD4E90F2021680A
:1086700002FB0011A1600021A16321686160E06B31
:108680002268216C401E00FB0121E16084F84460F7
:1086900084F8456004F1100047B1FFF7F7FC04F1DE
:1086A0002400FFF7F3FCFFF731FD11E021690029F9
:1086B000F9D000F0FDFC0028F5D007494FF08050BC
:1086C0000860BFF34F8FBFF36F8FECE7FFE7002524
:1086D0002846BDE8F081000004ED00E02DE9FF47E9
:1086E00082B004468A4698460025A9464FF0805637
:1086F000414FFFF7FDFCA06BE16B884206D3B8F158
:10870000020F03D0049880B385B338E0A56B4246CE
:1087100051462046FEF7DAFAA16C69B1B8F1020FB2
:1087200000D1E5B92046FEF7F7FCC0B13E60BFF3CB
:108730004F8FBFF36F8F12E0616A51B104F12400D3
:1087400000F0B6FC58B13E60BFF34F8FBFF36F8FA0
:1087500005E020B13E60BFF34F8FBFF36F8FFFF78F
:10876000D5FC012006B0BDE8F08700E003E0FFF78C
:10877000CDFC0020F6E76846FFF710FE0125FFF765
:10878000C5FCFFF7CDFEFFF7B3FC94F94400401C95
:1087900001D184F8449094F94500401C01D184F83B
:1087A0004590FFF7B3FC04A9684600F0C5F930B165
:1087B0002046FEF7FBFD00F0E3FC0020D2E7204658
:1087C000FEF79BFC88B104F110000499FFF7F4FD5B
:1087D0002046FEF7EBFD00F0D3FC002889D13E6077
:1087E000BFF34F8FBFF36F8F83E72046FEF7DEFDA9
:1087F00000F0C6FC7DE7000004ED00E02DE9F04745
:108800000446164698465020EFF3118780F31188EE
:10881000BFF34F8FBFF36F8FA06BE26B904207D314
:10882000B8F1020F04D0002087F31188BDE8F0876B
:1088300094F94550D4F8389042462046FEF746FA5F
:10884000681C08D0FFF7ECFB854202D26D1C84F84F
:1088500045500120E8E7A06C012570B1B8F1020F86
:1088600002D1B9F1000FF4D12046FEF755FC0028E3
:10887000EFD0002EEDD03560EBE7606A0028E8D03D
:1088800004F1240000F014FC0028E2D0002EE0D017
:108890003560DEE72DE9F04104460E465020EFF347
:1088A000118780F31188BFF34F8FBFF36F8FA16BD8
:1088B000E06B884227D994F94550491CA163681C94
:1088C00008D0FFF7ADFB854202D26D1C84F84550FD
:1088D000012019E0A06C012540B12046FEF71CFCE8
:1088E0000028F5D0002EF3D03560F1E7606A00284B
:1088F000EED004F1240000F0DBFB0028E8D0002ECD
:10890000E6D03560E4E7002087F31188BDE8F08108
:108910002DE9F74783B004468A46002600274FF02A
:108920008058DFF8D890FFF7E3FBA56BC5B151463F
:108930002046FEF7B7F96D1EA563206950B104F11A
:10894000100000F0B5FB28B1C9F80080BFF34F8FCD
:10895000BFF36F8FFFF7DAFB012006B0BDE8F087A9
:10896000059808B126B107E0FFF7D0FB0020F4E737
:1089700001A8FFF713FD0126FFF7C8FBFFF7D0FDA5
:10898000FFF7B6FB94F94400401C01D184F8447011
:1089900094F94500401C01D184F84570FFF7B6FBFF
:1089A00005A901A800F0C8F858B12046FEF7FEFC62
:1089B00000F0E6FB2046FEF793FB0028B3D0002032
:1089C000CBE72046FEF78CFB90B104F1240005991B
:1089D000FFF7F2FC2046FEF7E9FC00F0D1FB00288F
:1089E000A1D1C9F80080BFF34F8FBFF36F8F9AE713
:1089F0002046FEF7DBFC00F0C3FB94E704ED00E04B
:108A000008B5002300930A466946FFF781FF0098E6
:108A100008BD00002DE9F34383B004460025A946B4
:108A200000264FF08057DFF80C81FFF761FBA06B49
:108A3000C8B1401EA063206810B9FEF74DFDA060CC
:108A4000206950B104F1100000F032FB28B1C8F8E1
:108A50000070BFF34F8FBFF36F8FFFF757FB0120FD
:108A600005B0BDE8F083049808B125B107E0FFF731
:108A70004DFB0020F4E701A8FFF790FC0125FFF76C
:108A800045FBFFF74DFDFFF733FB94F94400401C15
:108A900001D184F8446094F94500401C01D184F868
:108AA0004560FFF733FB04A901A800F045F8C8B101
:108AB0002046FEF77BFC00F063FB2046FEF710FB30
:108AC0000028B2D0B9F1000F0AD0FFF711FB204601
:108AD000FEF796F90146A068FFF7A0FCFFF716FB2A
:108AE0000020BDE72046FEF7FBFAE0B1206838B968
:108AF000FFF7FEFAA06800F081FA8146FFF706FB57
:108B000004F124000499FFF757FC2046FEF74EFCC1
:108B100000F036FB002888D1C8F80070BFF34F8FF3
:108B2000BFF36F8F81E72046FEF740FC00F028FB83
:108B30007BE7000004ED00E02DE9F04106460D461C
:108B4000FFF7D6FA1148C36874681A1B29684F1CCE
:108B50000AD03768D0F820C00020674506D09C4274
:108B600004D8012428600CE000240AE0914206D9D0
:108B7000881A28603046FFF711FC002401E02860C5
:108B80000124FFF7C3FA2046BDE8F081C8000020A9
:108B90007CB5DDE90654CDE90054FEF7F9F818B1CB
:108BA000FDF7ECFF01207CBD4FF0FF307CBD0000E5
:108BB00070B503460D460024FFF7B2FC1148C268A9
:108BC00018684119904205D9884208D9914206D9BE
:108BD000012404E0884201D8914200D9012419609F
:108BE0001CB1881A0021FDF77FFF00F0C9FA38B9DF
:108BF00005494FF080500860BFF34F8FBFF36F8F70
:108C0000204670BDC800002004ED00E02DE9F041D1
:108C1000DDE906C701255024EFF3118684F311889E
:108C2000BFF34F8FBFF36F8F00EB8104BCF1000FD8
:108C300003D0D4F85480CCF8008000EB010C9CF8F1
:108C40005C104FF002088CF85C80052B13D2DFE833
:108C500003F01203070B0D00636D134363650AE015
:108C6000626D521C626506E0626504E0022901D073
:108C7000626500E00025012922D1374B196B0124E0
:108C800019B3DFF8D8C0DCF80410C1618A68026249
:108C9000D1F8088000F11802C8F804208A60C0F8F2
:108CA00028C0DCF80010491CCCF80010C06A196814
:108CB000C96A884204D907B13C6027481C30046067
:108CC00086F311882846BDE8F0814169D0E902C2E7
:108CD000CCF80820D0E9022CCCF80420D1F804C04C
:108CE000021D944503D1D0F80CC0C1F804C04FF068
:108CF000000CC0F814C0D1F800C0ACF1010CC1F8F0
:108D000000C0C16AD3F8108004FA01FC4CEA080CD8
:108D1000C3F810C0DFF844C001EB8101ACF1F00CE6
:108D20000CEB810149688160D1F80880C0F80C80A3
:108D3000D1F80880C8F804208A60C16A01EB81017B
:108D40000CEB81014161C16A01EB81015CF82120DA
:108D5000521C4CF82120A9E7C8000020F8A40020EC
:108D60002DE9F0470446DDF820A0894690461F46CD
:108D70000025FFF7D5FBFFF7BBF9264E30682044EE
:108D800090F85C0002280FD0306800EB8400416D41
:108D900021EA0901416531680120214481F85C0024
:108DA000BAF1000F00D00125FFF7B0F9012D03D172
:108DB00001215046FDF798FE00F0E2F9012D07D1A0
:108DC00030B9154928070860BFF34F8FBFF36F8F85
:108DD000FFF78EF927B1306800EB8400406D3860F2
:108DE0003068204490F85C00022801D0002507E09C
:108DF000306800EB8400416D21EA080141650125DE
:108E000031680020214481F85C00FFF77FF9284693
:108E1000BDE8F087C800002004ED00E00548416986
:108E2000002903D0006B18B1002070470120704763
:108E300002207047C80000200148C0687047000049
:108E4000C80000200148C06870470000C80000202A
:108E50002DE9F0410025444E306B002805D0B06963
:108E6000401CB0612846BDE8F081F468641CF460E1
:108E700044B9706BB16B7163B063306A401C30628F
:108E8000FEF746FAB06A394F84420FD34FF0000C18
:108E9000706B006838B1706BC068C1684868844204
:108EA00014D2B06202E04FF0FF30B0623068C06AA6
:108EB00000EB800057F82000012800D901252A483E
:108EC0001C3000680028CDD00125CBE74A69D1E9E4
:108ED00002309860D1E90203586050680B1D984237
:108EE00001D1C8685060C1F814C01068401E1060FD
:108EF0008A6A9AB1D1E90780C8F80800D1E9070861
:108F0000C8F80400506801F11808404501D1086A0A
:108F10005060C1F828C01068401E1060C86A012265
:108F2000D6F81080824042EA0802326100EB8000ED
:108F300007EB800042688A609068C8609068436070
:108F40009360C86A00EB800007EB80024A6157F823
:108F50002020521C47F82020C86A3168C96A88421C
:108F600096D9012594E70000C800002008A400203D
:108F700010B504460020002C3BD0216D491E216510
:108F8000E36CE26A9A4234D0002932D1201DFFF707
:108F900035F81849012230B994F82C000B6902FA0F
:108FA00000F083430B61E06CE062C0F10A00A06155
:108FB000E06A0B6982401A430A610F4A00EB8000A5
:108FC00002EB80004068A0608168E1608368211D39
:108FD00059608160E06A00EB800002EB8000606114
:108FE000E06A00EB800052F82010491C42F8201083
:108FF000012010BDC800002008A4002070B5044660
:109000000020002C48D0284DE16A2A68D26A91429B
:1090100043D2A069002804DB2868C06AC0F10A00B6
:10902000A061E06A214E00EB8000616906EB8000E0
:1090300081422DD1201DFEF7E1FF012130B994F8C6
:109040002C002A6901FA00F082432A612868C06A6C
:10905000E0622A6981401143296100EB800006EB40
:1090600080004068A0608168E1608268211D5160D5
:109070008160E06A00EB800006EB80006061E06ADE
:1090800000EB800056F82010491C46F8201002E042
:109090002868C06AE062012070BDE16C2A68D26A6B
:1090A0009142F9D2012070BDC800002008A4002020
:1090B00070B5C068C468A06AD4E907219160D4E99A
:1090C00007125160426804F118018A4201D1226AF4
:1090D00042600022A26203685B1E0360264D286B7B
:1090E0000126A8B1254A5068E0618368236283683D
:1090F00059608160A2621068401C1060E06A2968B3
:10910000C96A884236D901201B491C310E6070BDE6
:109110006069D4E902319960D4E902135960436867
:10912000211D8B4201D1E368436062610268521ED7
:109130000260E06A2B6906FA00F21A432A610F4ABC
:1091400000EB8000F03A02EB80004068A06083688A
:10915000E360836859608160E06A00EB800002EBA5
:109160008001616152F82010491C42F82010FEF77E
:10917000CFF8C3E7002070BDC8000020F8A400208D
:109180002DE9F0470024A246FEF7B2FF0025444F28
:10919000386B401E3863386B00287BD1B8680028D4
:1091A00078D0A1463F4A4FF0010807F11C0651E074
:1091B000D068C468A16AD4E907309860D4E907038D
:1091C00058604B6804F11800834201D1206A48605E
:1091D000C4F828900868401E08606069D4E902312C
:1091E0009960D4E9021359604368211D8B4201D173
:1091F000E3684360C4F8149003685B1E0360E06A90
:10920000D7F810C008FA00F343EA0C033B61254B82
:1092100000EB8000F03B03EB80004068A060D0F8DA
:1092200008C0C4F80CC0D0F808C0CCF804108160A5
:10923000E06A00EB800003EB8001616153F82010CD
:10924000491C43F82010E06A3968C96A884201D98C
:1092500046F8258010680028AAD10CB1FEF758F80E
:10926000BC694CB1FFF7F4FD08B146F82580641ED7
:10927000002CF7D1C7F8189056F8250050B14FF0E0
:10928000010A386808494FF080500860BFF34F8FDB
:10929000BFF36F8FFEF73AFF5046BDE8F08700003E
:1092A000C8000020F8A4002004ED00E02DE9FC47F0
:1092B00006460A9D0F46904699462C20FEF7B4F8C4
:1092C000044654B1002084F82800CDE900544B46F0
:1092D000424639463046FDF770FE2046BDE8FC8721
:1092E0001CB50024FDF7A0FC0848006860B10748E1
:1092F0000921001DCDE9001000234FF4807204A164
:109300000548FFF745FC044620461CBD0801002027
:10931000546D72205376630099730208FEB50546BA
:109320001E460020074C2468002C0AD000910192B0
:109330000295062905DB0023324669462046FFF7E1
:109340005DFAFEBD08010020FEB50346089D002021
:109350000D4C2668002E0ED0009101920293062932
:1093600009DAFFF75BFD022806D000231A4669469A
:109370002068FFF7B3F9FEBD00232A46694620683E
:10938000FFF7ACF9FEBD00000801002002480021F3
:10939000C170017141717047A401002004AC020842
:1093A00008AC02080CAC020814AC02080000000073
:1093B000000000000000000000000000000000F8B5
:1093C00000000000000000333000000000160E0016
:1093D000160E0000000000000000000040C07840B1
:1093E000C0784000043F04043F040400007088FC7F
:1093F00008300000001820FF211E0000F008F000D7
:10940000E018000000211C031E211E0000F0088847
:10941000700000001E2123241927211000000016CF
:109420000E0000000000000000000000000000E04E
:109430001804020000000007182040000002041871
:10944000E00000000040201807000000404080F0CD
:10945000804040000202010F01020200000000F003
:10946000000000000101011F0101010000000000D7
:109470000000000000B070000000000000000000CC
:1094800000000000000101010101010100000000D5
:10949000000000000030300000000000000000006C
:1094A00080601804006018060100000000E0100849
:1094B0000810E000000F102020100F00001010F81E
:1094C000000000000020203F20200000007008085D
:1094D00008887000003028242221300000300888DD
:1094E000884830000018202020110E000000C02005
:1094F00010F8000000070424243F240000F8088826
:10950000880808000019212020110E0000E01088B2
:1095100088180000000F112020110E0000380808E4
:10952000C83808000000003F0000000000708808F4
:1095300008887000001C222121221C0000E0100875
:109540000810E0000000312222110F00000000C0CE
:10955000C00000000000003030000000000000C02B
:10956000C0000000000080B07000000000008040DB
:109570002010080000010204081020004040404074
:1095800040404000040404040404040000081020C7
:10959000408000000020100804020100007048080C
:1095A0000808F0000000003036010000C030C82874
:1095B000E810E0000718272423140B000000C0382F
:1095C000E0000000203C23020227382008F88888A9
:1095D00088700000203F202020110E00C0300808B5
:1095E00008083800071820202010080008F808088C
:1095F0000810E000203F202020100F0008F8888885
:10960000E8081000203F20202320180008F8888850
:10961000E8081000203F200003000000C0300808C8
:109620000838000007182020221E020008F8080051
:109630000008F808203F210101213F20000808F818
:10964000080800000020203F20200000000008083B
:10965000F8080800C08080807F00000008F888C0FB
:1096600028180800203F20012638200008F80800AC
:1096700000000000203F20202020300008F8F800E3
:10968000F8F80800203F003F003F200008F830C0F5
:109690000008F808203F200007183F00E0100808E5
:1096A0000810E0000F10202020100F0008F8080814
:1096B0000808F000203F210101010000E010080827
:1096C0000810E0000F18242438504F0008F888884C
:1096D00088887000203F2000030C3020007088082C
:1096E000080838000038202121221C00180808F83A
:1096F000080818000000203F2000000008F80800BB
:109700000008F808001F202020201F00087888008B
:1097100000C83808000007380E010000F80800F8FB
:109720000008F800033C0700073C030008186880A5
:109730008068180820302C03032C30200838C8001B
:10974000C83808000000203F20000000100808086A
:10975000C83808002038262120201800000000FE0C
:10976000020202000000007F40404000000C30C0B8
:1097700000000000000000010638C00000020202E4
:10978000FE000000004040407F0000000020100864
:10979000040810200000000000000000000000008D
:1097A00000000000808080808080808000020408AB
:1097B00000000000000000000000000000008080A9
:1097C000808000000019242222223F2008F8008017
:1097D00080000000003F112020110E0000000080DA
:1097E00080800000000E1120202011000000008069
:1097F0008088F800000E112020103F20000080809B
:1098000080800000001F222222221300008080F0AE
:10981000888888180020203F2020000000008080D9
:1098200080808000006B94949493600008F800801E
:1098300080800000203F210000203F200080989879
:10984000000000000020203F2020000000000080D9
:109850009898000000C08080807F000008F8000019
:1098600080808000203F24022D302000000808F86E
:10987000000000000020203F202000008080808029
:1098800080808000203F20003F20003F008080003B
:109890008080000000203F2100203F2000008080C9
:1098A00080800000001F202020201F00808000807A
:1098B0008000000080FFA12020110E000000008029
:1098C00080808000000E112020A0FF80808080001A
:1098D0008080800020203F21200001000000808047
:1098E000808080000033242424241900008080E03C
:1098F000808000000000001F202000008080000009
:1099000000808000001F202020103F2080808000E9
:109910000080808000010E300806010080800080F9
:10992000008080800F300C030C300F00008080001E
:10993000808080000020312E0E3120008080800049
:109940000080808080818E701806010000808080F9
:10995000808080000021302C222130000000000097
:10996000807C020200000000003F40400000000038
:10997000FF00000000000000FF0000000002027C69
:10998000800000000040403F000000000080404098
:1099900080000080000000000001010000000000C5
:1099A00000000000000000000000000000000000B7
:1099B00000000000000000000000000000000000A7
:1099C0000000000000F0F0F00000000000000000C7
:1099D00000017F010000000000000000001C1C1CB2
:1099E0000000000000008060301C8C60301C0C0007
:1099F0000000000000000000000000000000000067
:109A00000000000000000000000000E00000000076
:109A100000E000000086E69F86868686E69F860038
:109A200000011F01010101011F010100000080C0B0
:109A30006020F820E0C00000000003070C18FF7051
:109A4000E18100000000070F10107F100F070000D9
:109A50008060206080000000E02000000F30203097
:109A60009F70DC371030C0000000100E0300071894
:109A7000101807000000C02020E0C0000000000017
:109A800080E01F38E88703C43C040000070F18106B
:109A9000100B070D1010080000808C4C38000000DF
:109AA00000000000000000000000000000000000B6
:109AB00000000000000000000000000000000000A6
:109AC000000080E0300804000000000000FEFF01FC
:109AD00000000000000000000000030F18204000FC
:109AE00000040830E08000000000000000000000DA
:109AF00001FFFE0000000000004020180F030000DE
:109B000000000000000000000000C0000000000095
:109B1000004266663C18FF183C6666420000000082
:109B200000000300000000000000000000008000B2
:109B300000000000001010101010FF101010101086
:109B40000000000000000300000000000000000012
:109B50000000000000000000000000000000000005
:109B60000000000000808C4C380000000000000065
:109B700000000000000000000000000000101010B5
:109B80001010101010101000000000000000000065
:109B900000000000000000000000000000000000C5
:109BA00000000000000000000000000000001C1C7D
:109BB0001C00000000000000000000000000000089
:109BC000E0380C000000000080701C030000000062
:109BD0000060380E0100000000000000000080C09E
:109BE00060202060C080000000FEFF010000000037
:109BF00001FFFE000001070E181010180E070100EB
:109C00000000808080C0E000000000000000000034
:109C100000FFFF000000000000001010101F1F10C8
:109C2000101000000080402020202060C080000034
:109C300000030300804020381F070000001C1A1991
:109C400018181818181F00000080C020202060C0BD
:109C500080000000000303001010182FE7800000B0
:109C600000070F10101010180F0700000000000070
:109C70000000C0E0F000000000C0B088868180FFD6
:109C8000FF808000000000000010101F1F10100057
:109C90000000E060606060606060000000003F10F5
:109CA00008080818F0E0000000070B101010101C46
:109CB0000F030000000080C040202020E0C0000012
:109CC00000FCFF211008080818F0E0000001070C54
:109CD00018101010080F03000000C0E06060606002
:109CE00060E06000000003000000E01807000000D2
:109CF00000000000001F1F00000000000080C06086
:109D00002020202060C080000087EF2C1818303001
:109D100068CF830000070F0810101010180F0700FD
:109D20000000C0C020202020C0800000001F3F6035
:109D30004040402010FFFE0000000C1C10101008D6
:109D40000F03000000000000000000000000000001
:109D500000000000000E0E0E0000000000000000D9
:109D6000001C1C1C0000000000000000000000009F
:109D70000000000000000000000C0C0000000000CB
:109D80000000000000583800000000000000000043
:109D900000000080402010000000102844820100D4
:109DA0000000000000000000000001020408100094
:109DB0000000000000000000000000000084848417
:109DC00084848484848484000000000000000000F7
:109DD0000000000000001020408000000000000093
:109DE000000000000000018244281000000010085C
:109DF000040201000000000000C02020101010101C
:109E000030E0C0000003030000F010080C0703005E
:109E1000000000001C1C1C0000000000000000C02E
:109E2000406020202040C00000FCFF01F00E03C174
:109E3000FE03807F0001070E0811111011090402B2
:109E40000000000080E0E000000000000000807CD6
:109E50004340477FF880000010181F1000000000EA
:109E6000131F1C1020E0E02020202060C080000094
:109E700000FFFF10101010182FE78000101F1F1098
:109E800010101010180F0700000080C04020202084
:109E90002060E00000FCFF01000000000000010065
:109EA0000001070E181010100804030020E0E02045
:109EB00020202040C080000000FFFF0000000000C4
:109EC00001FFFE00101F1F10101018080E070100E0
:109ED00020E0E020202020202060800000FFFF10F4
:109EE0001010107C00000000101F1F101010101028
:109EF0001018060020E0E020202020206060800074
:109F000000FFFF101010107C00000100101F1F1038
:109F10000000000000000000000080C06020202041
:109F200040E0000000FCFF0100004040C0C1404094
:109F30000001070E181010100F0F000020E0E020A5
:109F40000000000020E0E02000FFFF1010101010C3
:109F500010FFFF00101F1F1000000000101F1F1037
:109F60000000202020E0E020202000000000000071
:109F700000FFFF000000000000001010101F1F1065
:109F80001010000000000000202020E0E020202031
:109F900000000000000000FFFF0000000060E08003
:109FA0008080C07F3F00000020E0E020000020A073
:109FB0006020200000FFFF30187CE3C0000000009C
:109FC000101F1F10000001131F1C181020E0E020BC
:109FD000000000000000000000FFFF000000000083
:109FE00000000000101F1F101010101010180600A5
:109FF00020E0E0E000000000E0E0E02000FF013FA2
:10A00000FEC0E01E01FFFF00101F1000031F030031
:10A01000101F1F1020E0E0C0000000000020E02022
:10A0200000FF0003071C78E08000FF00101F1000F5
:10A0300000000000030F1F00000080C060202060AF
:10A04000C080000000FEFF010000000000FFFE00D5
:10A050000001070E181010180C07010020E0E02086
:10A060002020202060C0800000FFFF202020202032
:10A07000301F0F00101F1F10000000000000000024
:10A08000000080C060202060C080000000FEFF0152
:10A090000000000000FFFE000001070E1111133C3C
:10A0A0007C67210020E0E0202020202060C080008C
:10A0B00000FFFF101030F0D0080F0700101F1F1016
:10A0C000000000030F1C10100080C0602020202022
:10A0D0004040E00000070F0C1818303060E08100AD
:10A0E000001F0C0810101010180F070080602020AF
:10A0F00020E0E020202060800100000000FFFF0041
:10A100000000000100000000101F1F1000000000F0
:10A1100020E0E020000000000020E02000FFFF0021
:10A12000000000000000FF0000070F1810101010C2
:10A13000100807002060E0E02000000020E0602020
:10A140000000077FF88000807C0300000000000012
:10A15000071F1C070000000020E0E02000E0E020D6
:10A160000020E0200007FFF8E01FFFFCE01F0000D8
:10A170000000031F0300011F03000000002060E037
:10A18000A0000020E0602000000000038F7CF8C6E3
:10A19000010000000010181E130001171F18100006
:10A1A0002060E0E02000000020E0602000000107C7
:10A1B0003EF8E0180700000000000010101F1F10FC
:10A1C0001000000000806020202020A0E0E020009F
:10A1D00000000000C0F03E0F0300000000101C1F34
:10A1E00017101010101806000000000000FC0404F6
:10A1F000040404000000000000FF00000000000054
:10A2000000000000007F404040404000000010E09F
:10A21000000000000000000000000000031C60803F
:10A220000000000000000000000000030C7080002F
:10A2300000000404040404FC00000000000000000E
:10A24000000000FF00000000000040404040407F50
:10A250000000000000000010080C040C08100000B2
:10A2600000000000000000000000000000000000EE
:10A2700000000000000000000000000000000000DE
:10A2800000000000000000000000000000000000CE
:10A2900080808080808080808080808000000004BA
:10A2A000040808000000000000000000000000009A
:10A2B000000000000000000000000000000000009E
:10A2C000000000000000000000000000000098D81E
:10A2D00044642424FCF80000000F1F18101010081C
:10A2E0001F1F10180020E0F0000000000000000018
:10A2F0000000FFFF180804040CF8F00000001F0F16
:10A3000018101010180F03000000000000000000DB
:10A310000000000000E0F8180404043C38000000CD
:10A3200000030F0C101010100806000000000000C1
:10A3300000000020E0F0000000E0F81C0404040825
:10A34000FFFF000000030F18101010081F0F080077
:10A350000000000000000000000000000000E0F825
:10A36000484444444C7870000000030F0C1810104F
:10A37000100804000000000080C0602020E0C00041
:10A3800000040404FFFF0404040400000000101093
:10A390001F1F10101000000000000000000000004F
:10A3A00000000000000070F88C04048CF874040CA9
:10A3B000007076CF8D8D8D89C87870000020E0F018
:10A3C00000000000000000000000FFFF080404047B
:10A3D000FCF8000000101F1F100000101F1F1000CD
:10A3E00000000000006060000000000000000404A5
:10A3F00004FCFC000000000000001010101F1F10E3
:10A40000101000000000000000000060600000006C
:10A4100000000000040404FCFC0000000000C0C0B8
:10A420008080C07F3F0000000020E0F000000000BE
:10A43000000000000000FFFF80C0F41C04040000C6
:10A4400000101F1F1100031F1C101000000020200F
:10A4500020E0F000000000000000000000FFFF000E
:10A460000000000000001010101F1F10101000004E
:10A4700000000000000000000000000004FCFC08D8
:10A4800004FCFC0804FCFC00101F1F10001F1F1020
:10A49000001F1F100000000000000000000000006E
:10A4A0000004FCFC08080404FCF8000000101F1F56
:10A4B000100000101F1F100000000000000000002E
:10A4C0000000000000E0F0180C04040C18F0E0009C
:10A4D00000030F0C101010100C0F03000000000000
:10A4E00000000000000000000004FCFC080404045C
:10A4F0000CF8F0000080FFFF889010101C0F030084
:10A5000000000000000000000000000000E0F81C57
:10A5100004040408F8FC000000030F1810109088D1
:10A52000FFFF8000000000000000000000000000AD
:10A53000040404FCFC100804040C0C001010101F90
:10A540001F101010000000000000000000000000BC
:10A550000000000000003078CCC48484840C1C000F
:10A5600000001E1810101011190F06000000000046
:10A5700000C000000000000000040404FFFF040409
:10A5800004000000000000000F1F1010100C00005D
:10A590000000000000000000000000000004FCFEBD
:10A5A00000000004FCFE000000000F1F181010083F
:10A5B0001F0F080000000000000000000000000065
:10A5C00000040C3CFCC40000C43C0C04000000006F
:10A5D000010F1E0E0100000000000000000000003E
:10A5E00000000000043CFCC400E47CFC84807C048B
:10A5F0000000071F070000071F0700000000000001
:10A6000000000000000000000004041C7CE4C034D2
:10A610001C0404000010101C1601131F1C1810004D
:10A6200000000000000000000000000000040C3CDE
:10A63000FCC400C43C0404000000C080C1370E010B
:10A64000000000000000000000000000000000000A
:10A6500000001C0404C4F47C1C0400000000101C56
:10A660001F17111010180E0000000000000000F865
:10A670000C04000000000000001028EF00000000A3
:10A68000000000000000003F6040000000000000EB
:10A690000000FF0000000000000000000000FF00BC
:10A6A00000000000000000000000FF0000000000AB
:10A6B0000000040CF8000000000000000000000092
:10A6C000EF28100000000000000040603F00000084
:10A6D00000000000001806020204081020203008C4
:10A6E000000000000000000000000000000000006A
:10A6F000000000000000000000000000000000005A
:10A70000002F000000000700070000147F147F14D2
:10A7100000242A7F2A120023130864620036495558
:10A72000225000000007000000001C224100000031
:10A7300041221C000014083E08140008083E0808C6
:10A74000000000A060000008080808080000606021
:10A750000000002010080402003E5149453E000060
:10A76000427F4000004261514946002141454B3142
:10A77000001814127F10002745454539003C4A490E
:10A780004930000171090503003649494936000680
:10A790004949291E000036360000000056360000E8
:10A7A0000008142241000014141414140000412263
:10A7B0001408000201510906003E4955592E007C3B
:10A7C0001211127C007F49494936003E4141412225
:10A7D000007F4141221C007F49494941007F09090E
:10A7E0000901003E4149497A007F0808087F0000BE
:10A7F000417F4100002040413F01007F0814224179
:10A80000007F40404040007F020C027F007F040830
:10A81000107F003E4141413E007F09090906003E8C
:10A820004151215E007F09192946004649494931B5
:10A830000001017F0101003F4040403F001F2040D8
:10A84000201F003F4038403F006314081463000796
:10A850000870080700615149454300007F414100ED
:10A86000000204081020000041417F0000040201A2
:10A87000020400404040404000000102040000206B
:10A8800054545478007F48444438003844444420A9
:10A8900000384444487F00385454541800087E0956
:10A8A00001020018A4A4A47C007F0804047800001E
:10A8B000447D4000004080847D00007F10284400DB
:10A8C0000000417F4000007C04180478007C0804EC
:10A8D000047800384444443800FC24242418001828
:10A8E000242418FC007C0804040800485454542014
:10A8F00000043F444020003C4040207C001C20409D
:10A90000201C003C4030403C004428102844001CDF
:10A91000A0A0A07C004464544C440000087F410087
:10A920000000007F00000000417F080000080408CC
:10A930001008EFBC8C0000000000000000000000C8
:10A940000000000000000000005838000000000077
:10A9500000000000000000E3808200000000000012
:10A9600000000000000000000000000000001824AB
:10A97000241800000000000000000000E4BDA0005A
:10A9800000008060F8074020180F08C80808281841
:10A9900000010000FF00100C0340807F000106183A
:10A9A00000E5A5BD00001010F01F10F000808282AD
:10A9B000E2928A86800040221508166100004080DD
:10A9C0007F0000000000E4B8960000202020FE2058
:10A9D00020FF202020FF20202020000000007F40BA
:10A9E0004047444444474040400000E7958C000005
:10A9F000000000FE929292FE929292FE00000000F1
:10AA000008080484621E010001FE02040408080014
:10AA1000E5BF8300000000800000E0020418000091
:10AA20000040800000100C0300003F4040404040C8
:10AA30007800010E00E78E8700000014A44424343F
:10AA4000AD6624940444A414000008090808090908
:10AA500009FD09090B0808090800E8A180000000A9
:10AA600000F80808F80C0B08F80808F80000004087
:10AA7000407F40407F4040407F40407F404000E674
:10AA8000B0A700000824236AAA2AAA6A2A2A2AEA66
:10AA9000020200001011151515FF15151511100FE4
:10AAA0003040F8000000000000FF010101310909F9
:10AAB0000909897101010101FFFF80808080808088
:10AAC0009681808080808080FFF808E8E8E8E8E8E8
:10AAD000E8E8E8E8E808F820E01F1017171717174C
:10AAE0001717171717101F040700000000000000B9
:10AAF00000C0E0800000000080E03018181808183E
:10AB00001830E0C00000000000000000000000005D
:10AB10000000000000000103030300000000FFFF2D
:10AB20000000C0F0F0E00000FFFF000000000000A7
:10AB300000000000000080E0F8F8F0C00000000015
:10AB400000000000FFFF0000FFFFFFFF0000FFFF0D
:10AB500000000000000000000000000000030303EC
:10AB6000030100000080E030180C0F078080FFFF19
:10AB7000FFFF8080070F0C1830E0C00000000000CD
:10AB8000000000000000000000000C7FE0800000DA
:10AB9000001E3F7F7F7F7F7F7F3F1E00000080C0C1
:10ABA0007F0F000000000000000000000000000017
:10ABB0000000000306060C0C0818181818181818BE
:10ABC0000C0C0607030100000000000000000E0A44
:10ABD0000E00F80402020204000000000000000160
:10ABE0000202021CFEF77B1FEECE86C6EE7E3F7B86
:10ABF000F7FE1C00C7EF7E38707163617070387E9D
:10AC0000EFC70000534543004D494E00484F555291
:10AC1000000000004441590038AC02080000002048
:10AC2000B80100008409020864AC0208B8010020E1
:10AC3000A8AC0000884B020851EF01020304010296
:10AC40000304060708090001027D010555AAAAAA06
:10AC5000AA0254090616BCA500201E0751804633DF
:04AC600033834100F9
:040000050802019953
:00000001FF
