:020000040804EE
:1000000088B600206D020208453502082131020839
:1000100091340208031A020821530208000000006C
:10002000000000000000000000000000AD01020818
:10003000652302080000000009020208C94C0208FA
:100040008702020887020208870202088702020864
:10005000870202088702020899240208452502083F
:100060008702020887020208912502088702020817
:100070008702020887020208870202088702020834
:100080001D1A020887020208870202080000000009
:1000900000000000000000000000000087020208CD
:1000A0008702020887020208870202088702020804
:1000B000514D0208F54D0208870202088702020826
:1000C00087020208870202088702020887020208E4
:1000D0008702020887020208BD4F020800000000E4
:1000E000FD240208870202088702020800000000BF
:1000F000000000000000000000000000870202086D
:100100000000000087020208870202088702020836
:1001100000000000000000000000000000000000DF
:10012000E51A02088702020887020208870202080D
:10013000870202080000000000000000000000002C
:10014000000000000000000000000000870202081C
:100150008702020887020208870202088702020853
:100160008702020887020208000000000000000069
:10017000000000000000000000000000000000007F
:1001800000000000870202080000000000000000DC
:100190008702020887020208DFF80CD000F0ECFBAF
:1001A00000480047E171020888B600202C4B19680E
:1001B0000868B0E8F04F80F30988BFF36F8F4FF005
:1001C000000080F3118870470000000008480068B4
:1001D000006880F308884FF0000080F3148862B64E
:1001E00061B6BFF34F8FBFF36F8F00DF00BF00BF5B
:1001F00008ED00E0DFF80C00016841F470010160D7
:10020000704700BF88ED00E0EFF30980BFF36F8F08
:10021000134B1A681EF0100F08BF20ED108A20E95A
:10022000F04F106009B44FF0500080F31188BFF315
:100230004F8FBFF36F8F09F065F84FF0000080F328
:10024000118809BC19680868B0E8F04F1EF0100F5B
:1002500008BFB0EC108A80F30988BFF36F8F704736
:10026000E0000020EFF3058070470000064880475B
:1002700006480047FEE7FEE7FEE7FEE7FEE7FEE78B
:10028000FEE7FEE7FEE7FEE7F54C020899010208EB
:100290002DE9F05F0546002092469B4688460646BB
:1002A000814640241BE0284641464746224600F04E
:1002B00094FA53465A46C01A914110D31146184633
:1002C000224600F07BFA2D1A67EB01084F462246C2
:1002D0000120002100F072FA17EB00094E41201EA8
:1002E000A4F10104DFDC484631462A464346BDE816
:1002F000F09F40EA01039B0703D009E008C9121FE1
:1003000008C0042AFAD203E011F8013B00F8013BCF
:10031000521EF9D27047D2B201E000F8012B491EFB
:10032000FBD270470022F6E710B513460A46044692
:100330001946FFF7F0FF204610BD10B5044604E053
:100340000B7800F8013B03B1491C521EF8D220463D
:1003500010BD10B5002200E0521C835C8C5CA342EF
:1003600001D1002BF8D1D8B2E1B2401A10BD2DE96D
:10037000FE4F804681EA0300C00F0C46009021F03A
:10038000004123F00045B8EB0200A94105D24046E8
:10039000214690461C460B46024623F0004010437F
:1003A00047D0270DC7F30A00C3F30A510290401A41
:1003B000019040286BDAC3F3130040F4801B0098CF
:1003C000924620B10023D2EB030A63EB0B0B01989A
:1003D0005946C0F14002504600F0F0F906460D467D
:1003E00050465946019A00F008FA10EB08006141A6
:1003F000002487EA115284EAE7731A4340D0009A36
:1004000062B3019A012A4FEA075215DC001B61EB27
:1004100002014FF0004202EA0752CDE90042001CFF
:1004200041F5801132462B4600F03FFA03B0BDE89B
:10043000F08F40462146F9E7001B61EB0201001CEA
:1004400041F5801300185B412018A2F5001747EB17
:10045000030140EAD570B6196D4111E06D084FEA0D
:10046000360645EAC0754FEA0752001B61EB0201F0
:10047000001C41F5801149084FEA30000019514134
:1004800032462B4603B0BDE8F04F00F0FFB90098AC
:10049000012240000023D0EB020263EBE0730098DE
:1004A00021464FEAE074B8EB000061EB0401E9E794
:1004B00083F000435BE781F0004158E72DE9FE4FF0
:1004C00081EA030404F0004421F0004100944FF05D
:1004D000000B23F0004350EA01045ED052EA03040B
:1004E0005BD0C3F30A54C1F30A552C44A4F2F3348D
:1004F0000194A0FB0254C1F3130141F48011C3F332
:10050000130343F4801301FB024400FB034E840AEF
:10051000970A44EA815447EA8357A4FB0768029587
:100520008D0A05FB07854FEA932C04FB0C54270525
:10053000029D4FEA065847EA1637B5EB08056EEB01
:10054000070C870E920E47EA811742EA8312A7FB37
:100550000201B6EB0B0164EB00042B0D43EA0C33F4
:100560005E1844EB1C50DA465146E7FB0201C5F326
:1005700013044FEA0B3343EA14534FEA0432019C4D
:1005800043EA0603A4F10C040294009CCDE900B4F4
:1005900000F08BF903B0BDE8F08F00200146F9E7C9
:1005A0002DE9F04D81EA030404F0004B21F00045F1
:1005B00014464FF0000A23F0004150EA050220D013
:1005C00054EA01021DD0C5F30A570246C5F31303CE
:1005D000C1F31300C1F30A5640F4801543F48013AD
:1005E000A7EB0608101BD64608F2FD3873EB050092
:1005F00002D308F1010801E092185B41B8F1000F45
:1006000003DA00200146BDE8F08D00204FF4801190
:10061000064684460EE0171B73EB050705D3121B35
:1006200063EB050306434CEA010C49084FEA30002E
:1006300092185B4150EA0107EDD152EA030012D053
:1006400082EA040083EA0501084305D0101BAB4190
:1006500006D20122002306E000224FF0004302E010
:100660006FF0010253101AEB06004CEB085110EB2F
:100670000A0041EB0B01BDE8F04D00F007B90EB5E3
:10068000C10F80EAE0700844CA07002140F23343FA
:100690008DE80E000A460B4600F007F903B000BDD6
:1006A0000EB540F2334102910021CDE900110A4616
:1006B0000B4600F0FAF803B000BD70B5C1F30A5262
:1006C00001F000450024C1F3130140F2FF3341F46F
:1006D00080119A4201DA002070BD40F233439A4201
:1006E000A2F2334203DC524200F077F800E090407F
:1006F0002C43F1D0404270BD30B5041E71F10004AE
:1007000004DB4FF00044404264EB0101141E73F11E
:10071000000405DB1C464FF00043524263EB040328
:100720008B4208BF824230BD30B5041E71F1000417
:1007300004DB4FF00044404264EB0101141E73F1EE
:10074000000405DB1C464FF00043524263EB0403F8
:10075000994208BF904230BD01F0004330B421F00F
:10076000004150EA010206D00A0DA2F56072C1F301
:100770001301002A02DC30BC00207047440F44EA19
:10078000C104C100E01830BC00EBC25000F047B813
:1007900030B50B46014600202022012409E021FA51
:1007A00002F59D4205D303FA02F5491B04FA02F54E
:1007B0002844151EA2F10102F1DC30BD202A04DB21
:1007C000203A00FA02F1002070479140C2F1200364
:1007D00020FA03F3194390407047202A04DB203AA3
:1007E00021FA02F00021704721FA02F3D040C2F151
:1007F00020029140084319467047202A06DBCB1798
:10080000203A41FA02F043EAE07306E041FA02F3CB
:10081000D040C2F120029140084319467047002998
:10082000A8BF7047401C490008BF20F00100704776
:1008300010B4B0FA80FC00FA0CF050EA010404BFD6
:1008400010BC704749B1CCF1200421FA04F411FA2C
:100850000CF118BF012121430843A3EB0C01CB1D70
:100860004FEA00614FEA102042BF002010BC7047E1
:1008700000EBC35010440029A4BF10BC7047401CBB
:10088000490008BF20F0010010BC704710B5141ECD
:1008900073F1000408DA401C41F1000192185B4139
:1008A0001A4301D120F0010010BD2DE9F04D924610
:1008B0009B4611B1B1FA81F202E0B0FA80F2203227
:1008C0009046FFF77BFF04460F4640EA0A0041EAE4
:1008D0000B0153465A46084313D0114653EA010010
:1008E00019D0C8F140025046FFF777FF05460E4683
:1008F000504659464246FFF761FF084305D00120A4
:1009000004E020463946BDE8F08D0020054346EA64
:10091000E0762C4337430A986305E40AA0EB08000D
:100920000022FD0A44EA47540A3002D5002001465D
:10093000E9E7010510196941DDE908450019694138
:10094000BDE8F04DA2E7C1F30A52C1F3130140F232
:10095000FF3341F480119A4202DA002001467047C9
:1009600040F233439A42A2F2334202DC5242FFF792
:1009700034BFFFF723BF0000064C074D06E0E068D8
:1009800040F0010394E8070098471034AC42F6D3D6
:10099000FFF706FC94BB0208B4BB020830B58C1804
:1009A00010F8012B12F00F0301D110F8013B1209CE
:1009B00006D110F8012B03E010F8015B01F8015B90
:1009C0005B1EF9D101E001F8013B521EFBD1A142AF
:1009D000E6D3002030BD000010B58CB00121080224
:1009E00003F028FE0121084603F008FE03208DF8DD
:1009F0002C0002200A9000248DF82F400AA92148DB
:100A000002F0A4F805F0DCFA00F0FAF802F0FAFDC2
:100A100006944FF4804008904FF4706009904FF4B2
:100A20008030079006A800F03FF88DF80540049448
:100A30004FF0106003904FF08050029001208DF82D
:100A4000140000948DF804400F4C6946204600F0D5
:100A500057F80121204600F047F801231A461946AD
:100A6000204600F073F80121204600F031F8012102
:100A7000204600F00DF80121044804F002FA0CB001
:100A800010BD0000000002400020014000080040AE
:100A9000002904D0816841F00101816070478168BC
:100AA00021F001018160704710B5074C22680749A9
:100AB0000A40D0E900131943D0E902300343194337
:100AC0001143216010BD000004230140E030FCFF11
:100AD000002904D0816841F4807181607047816889
:100AE00021F4807181607047002904D0816841F44D
:100AF000007181607047816821F4007181607047E6
:100B000030B542680F4B1A400C790B6842EA042258
:100B10001343436083680C4A1340D1E903422243E4
:100B20004D798C6844EA450422431A438260C26AC4
:100B300022F47002097D491EC9B242EA0151C16224
:100B400030BD0000FFFEFFFCFDF7FFC070B50726BB
:100B500009290AD9C568A1F10A0404EB4404A64096
:100B6000B543A3401D43C56007E0056901EB41049F
:100B7000A640B543A3401D4305611F23072A09D2A0
:100B8000446B521E02EB820293409C4391400C4303
:100B9000446370BD0D2A09D2046BD21F02EB82029E
:100BA00093409C4391400C43046370BDC46A0D3A6A
:100BB00002EB820293409C4391400C43C46270BD9F
:100BC0007CB50121022003F019FD4FF480540094FC
:100BD00001208DF8040000208DF8060002228DF817
:100BE00005208DF80700054D6946284601F0AEFF47
:100BF0002146284602F002F87CBD000000040240B5
:100C000010B590B00121880503F0F8FC01A801F0AF
:100C10003DF90020019004901B4903914FF480613D
:100C200007911E2105914FF480710A911749029195
:100C30000690C91408918900099109010B910C9043
:100C4000134C01A9204601F0F7F80F4900223C316E
:100C5000204601F08FF80121204601F07FF80D4970
:100C6000204600F0ADFF01221021204601F0CAF815
:100C700001220821204601F0C5F80121204600F09C
:100C8000CBFF10B010BD0000E8A500204C200140B3
:100C9000106402403D00801000B591B0154901AAD2
:100CA000002051F8203042F82030401C1028F8D3A2
:100CB00011490198884202D10298012802D00020EF
:100CC00011B000BD0D480399814201D00020F7E723
:100CD000069940F20930814201D00020F0E707492F
:100CE000491C039100210791089001A800F014F815
:100CF000C0B2E5E7000001083157544202005AA58E
:100D000010B50221202001F05DFD092801D000204E
:100D100010BD012010BD000070B5064601F002FEB6
:100D2000F32001F031FDFFF7EBFF68B100240C4D1B
:100D300056F8241005EB840001F0D6FD092807D0F1
:100D400001F0AEFD002070BD01F0AAFD002070BDD5
:100D5000641C102CECD301F0A3FD012070BD000039
:100D600000000108082000F04DB8000010B506484A
:100D7000007B002803D0042000F044F808B10020D4
:100D800010BD012010BD00001000002001460548E4
:100D9000826A8A438262406A002801D008F0DABA87
:100DA000704700001000002070B590B06E464022E1
:100DB0006946134804F0C4FA0546002419E003F01C
:100DC00023FB28B90E481638817A407A014308D1AE
:100DD000281B81B2301903F03FFA10B1204484B2CD
:100DE00007E000F019F810B9305D00F0C1F9641C9B
:100DF000A4B2AC42E3D3402DD9D010B070BD0000F6
:100E0000260000200349896A014201D00120704771
:100E100000207047100000200220FFF7F3BF000001
:100E200008B505488068002805D0002102230A463D
:100E3000009108F02BFE08BD900000202DE9F04144
:100E40000446002C17D000F090F90646207808B12F
:100E5000012500E00025284600F024FA074FB5429E
:100E600005D12078797B884201D1012801D0FFF794
:100E7000D7FF20787873BDE8F081000010000020D3
:100E80002DE9F04385B080460C9D894614461F46E7
:100E9000267C20783978884208D1012802D1287828
:100EA000B04203D1002005B0BDE8F083494640467A
:100EB00000F02AF9207801280CD0642602282DD0D1
:100EC000032842D0FF26042856D02E700120217816
:100ED0003970E8E730A24946404600F0EBF8324668
:100EE00030A1684604F080FA6A464946404600F060
:100EF000E1F860682EA100F2FF30820A684604F033
:100F000073FA6A464946404600F0D4F82BA2494697
:100F1000404600F0CFF82E700120D8E71EA24946C7
:100F2000404600F0C7F829A24946404600F0C2F802
:100F300028A24946404600F0BDF820A24946404656
:100F400000F0B8F82E700120C1E725A249464046BE
:100F500000F0B0F825A24946404600F0ABF826A2C2
:100F60004946404600F0A6F814A24946404600F023
:100F7000A1F82E700120AAE722A24946404600F0BF
:100F800099F8607C00F044F802464946404600F07B
:100F900091F82E7001209AE74F54412052554E4E41
:100FA000494E470052582025303375252500000052
:100FB00053495A4520256C754B000000444F204E84
:100FC0004F5420504F5745520000000052582031D6
:100FD00030302500564552494659494E47000000D9
:100FE0004F544120444F4E450000000056455249A1
:100FF0004659204F4B0000005245424F4F54494E36
:10100000470000004F5441204641494C45440000F0
:101010000A2818D2DFE800F0170507090B0D0F1199
:1010200013150AA070470CA070470EA070470FA0C0
:10103000704711A0704712A0704714A0704715A008
:10104000704717A0704719A0704700004241442024
:101050004D414749430000004241442053495A450D
:1010600000000000424144205345510042414420C9
:101070004F46465345540000504B542043524300C2
:10108000464C415348204641494C0000494D4720B9
:101090004352430056455253494F4E204F4C440053
:1010A00052582054494D454F555400004552524F17
:1010B0005200000070B5044616460878042802D293
:1010C000421C0A7011E000214B1C03EB03101D466B
:1010D00001EB011120440B19014611221846FFF7BC
:1010E00008F9E9B20329EFD3032000EB0010044410
:1010F00011212046FFF716F9204610223146FFF74E
:101100001CF90020207470BD70B505460E46002401
:1011100004EB041028441121FFF704F9641CE4B225
:10112000042CF5D30020307070BD70B505468D20BD
:1011300002F0AAFC142002F0A7FCAF2002F0A4FCED
:1011400002F076FA002404EB0411685C28B14A1915
:1011500021010823002002F0BFFB641CE4B2042C30
:10116000F1D3BDE8704002F07BBC0120FFF74ABE1E
:101170007CB501220025424C542810D041280ED0C5
:10118000617AE9B30D2809D021463E4A097A0A2836
:1011900008D013293ED24B1C237250547CBD62727E
:1011A00025727CBD5554132913D16946354806F084
:1011B00027F970B16421E06C08F06CFB012808D1BC
:1011C000684600F023FF00231A461946E06C08F039
:1011D000C5F9217A032901D0052918D101AA294886
:1011E00006F0B7F898B16421E06C08F053FB0128D1
:1011F0000DD19DF804109DF8050000F0E3FE00E01D
:101200000BE000231A461946E06C08F0A7F9257296
:1012100065727CBD257265727CBD03282BD0184990
:101220000528897A09D0062816D0012901D002297B
:10123000F2D1BDE87C4005F01FBD39B10129EBD1E9
:10124000A572BDE87C40012005F016BDA272BDE884
:101250007C40012005F010BD39B10229DCD1A57216
:10126000BDE87C40022005F007BD0220A072BDE869
:101270007C4005F001BDBDE87C40092005F0FCBCC8
:1012800010000020FC01002001460548826A0A4344
:101290008262406A002801D008F076B870470000EA
:1012A0001000002010B50446002C03D01F20FFF7CB
:1012B000EBFF05E00F20FFF769FD1020FFF7E4FFCB
:1012C000204602F059F82046BDE8104002F0D6B89A
:1012D00000F00F01000900EB800001EB4000C0B2FC
:1012E000704710B5B621E02000F080FB08B1012066
:1012F00010BD0A2007F000FE00F0DEFA0121F22006
:1013000000F074FB9021F52000F070FB6C21F420BC
:1013100000F06CFB002010BD2DE9F74F82462DED4B
:10132000108B84B016466F21F42000F05FFB08227A
:1013300002A9F72000F054FB9FEDFBDB9FEDFCEBD7
:101340009FEDFDCBFE4C28B1012004B0BDEC108B0D
:10135000BDE8FE8F9DF808009DF80910000340EAE3
:1013600001109DF80A1040EA111B9DF80B009DF832
:101370000C10000340EA01109DF80D1040EA11170F
:101380009DF80F009DF80E1040EA01200190B4F97D
:101390000200FFF774F941EC180B2088FFF780F981
:1013A000894605469FEDE71B53EC112BFFF786F8A6
:1013B00041EC190B3846FFF762F98846074653ECB3
:1013C0001D2BFFF77BF853EC192BFFF771F853EC4B
:1013D000182BFFF773F841EC180BB4F90400FFF772
:1013E0004EF941EC190B49EC105B9FEDD8BB51EC69
:1013F000100B53EC1B2BFFF761F841EC1A0B48EC78
:10140000107B9FEDD4FB51EC100B53EC1F2BFFF71F
:1014100055F853EC1A2BFFF74BF849EC105B41ECF5
:101420001A0B53EC1B2B51EC100BFFF747F848EC51
:10143000107B41EC1B0B53EC1F2B51EC100BFFF7F7
:101440003DF853EC1B2BFFF733F853EC1A2BFFF747
:1014500035F853EC192BFFF731F841EC100B51EC38
:10146000180B53EC102BFEF782FF0F460546FFF7D3
:1014700024F9606247EC105B9FEDB81B51EC100B38
:1014800053EC112BFFF78CF841EC100B51EC100BC7
:10149000FFF762F9CAF80000606AFFF7F0F89FED05
:1014A000B11B53EC112BFFF709F89FEDB01B53EC68
:1014B000112BFEF7FDFF41EC180BB4F91000FFF7FC
:1014C000DEF841EC190B53EC182B51EC180BFEF71E
:1014D000F5FF53EC192BFEF7F1FF53EC1E2BFEF733
:1014E000EDFF41EC190BB4F90E00FFF7C8F853EC0F
:1014F000182BFEF7E3FF9FED9F1B53EC112BFEF71C
:10150000DDFF53EC192BFEF732FF41EC1A0BB4F957
:101510000C00FFF7B4F89FED991B53EC112BFEF76D
:10152000CDFF41EC190B9FED970B51EC1A0B53ECCF
:10153000102BFEF7C3FF53EC192BFEF718FF41ECFD
:101540001F0BB4F90800FFF79AF853EC182BFEF7BD
:10155000B5FF41EC190BB4F90A00FFF790F853EC12
:10156000182BFEF7ABFF53EC182BFEF7A7FF53EC3D
:101570001C2BFEF7A3FF53EC192BFEF7F8FE53ECE0
:101580001C2BFEF79BFF41EC190BE088FFF788F856
:1015900041EC180B53EC1E2B51EC190BFEF78EFF90
:1015A0009FED7AAB53EC1A2BFEF7E1FE53EC182BB0
:1015B000FEF784FF41EC190B9FED76BB51EC190B44
:1015C00053EC1B2BFFF798F804D19FED740A86EDBE
:1015D000000A65E05846FFF752F89FED711B53EC87
:1015E000112BFEF768FF41EC180B9FED6F0B51ECD0
:1015F0001F0B53EC102BFEF761FF53EC182BFEF77B
:101600005AFF9FED6B1B53EC112BFEF757FF53EC6A
:10161000192BFEF7C5FF41EC190BB4F91600FFF7C3
:101620002EF853EC192BFEF749FF53EC192BFEF75C
:1016300045FF9FED611B53EC112BFEF73FFF41EC83
:10164000180BB4F91400FFF71AF853EC192BFEF736
:1016500035FF53EC1E2BFEF731FF41EC1F0BB4F9A5
:101660001200FFF70CF841EC1E0B53EC1F2B51EC52
:10167000180BFEF77CFE53EC1E2BFEF778FE9FED59
:10168000501B53EC112BFEF719FF53EC192BFEF7EF
:101690006EFE41EC100B51EC100BFFF75DF8306063
:1016A000606AFEF7ECFF9FED481B53EC112BFEF731
:1016B000FFFE41EC190B207FFEF7F2FF9FED44EB9C
:1016C00053EC1E2BFEF7FAFE53EC192BFEF7F6FE39
:1016D00053EC1A2BFEF74BFE41EC180B94F9220049
:1016E000FEF7CDFF53EC1E2BFEF7E8FE53EC192B53
:1016F000FEF7E4FE53EC182BFEF7E0FE53EC1A2B3A
:10170000FEF735FE41EC180BB4F91A00FEF7B7FFEF
:101710009FED311B53EC112BFEF7D0FE53EC182B31
:10172000FEF7CCFE5CE00000000000000000103F6F
:10173000000000000000003F000000000000C03E6C
:1017400060A60020000000000000503F00000000E4
:101750000000203F000000000000E03E000000000C
:101760000000B440000000000000E03F0000000066
:101770000040EF40000000000000004000000000BA
:101780000000F040000000000000D03F000000001A
:101790000000F03F0000000000000000000000001A
:1017A0000000000000003041000000000000303F59
:1017B00000000000006AB840000000000000003E89
:1017C000000000000000B03F0000000000C0F24038
:1017D000000000000000503E000000000000F03E4D
:1017E00041EC180BB4F92000FEF749FF53EC1D2B18
:1017F000FEF764FE53EC192BFEF760FE41EC190B6B
:10180000B4F91E00FEF73BFF9FED271B53EC112B95
:10181000FEF754FE53EC192BFEF7A9FD41EC190B12
:101820000198FEF72CFF53EC192BFEF741FE53EC09
:10183000182BFEF743FE41EC190B207EFEF730FF1C
:1018400053EC192BFEF73AFE53EC1C2BFEF736FE39
:1018500053EC1A2BFEF72FFE53EC192BFEF72EFE3E
:1018600041EC180B9FED129B51EC180B53EC192B0C
:10187000FEF75AFF04D2B0EE498AF0EE698A0AE018
:1018800053EC1B2B51EC180BFEF736FF03D2B0EED6
:101890004B8AF0EE6B8A51EC180BFEF75DFF159941
:1018A0000860002051E500000000000000005040EA
:1018B000000000000000594010B588B0182201A9AE
:1018C000882000F08DF89DF804009DF805103E4C2E
:1018D00040EA012020809DF806009DF8071040EAAC
:1018E000012060809DF808009DF8091040EA012061
:1018F000A0809DF80A009DF80B1040EA0120E080CE
:101900009DF80C009DF80D1040EA012020819DF803
:101910000E009DF80F1040EA012060819DF8100034
:101920009DF8111040EA0120A0819DF812009DF859
:10193000131040EA0120E0819DF814009DF8151075
:1019400040EA012020829DF816009DF8171040EA19
:10195000012060829DF818009DF8191040EA0120CE
:10196000A0829DF81A009DF81B1040EA0120E08239
:1019700001226946A12000F033F89DF8000020768E
:10198000072201A9E12000F02BF89DF804009DF842
:10199000051040EA012060839DF8060020779DF83D
:1019A00008009DF80720014662F31F11E1839DF8AE
:1019B0000910090141EA101020849DF80A0084F8FA
:1019C000220008B010BD000060A6002010B56C21F8
:1019D000F42000F00BF808B1012010BD002010BD6C
:1019E00013460A460146762004F05ABF08B58DF822
:1019F00000008DF8011002226946EC2005F056F82F
:101A000008BDFEE70A21B0FBF1F2B0FBF1F301FBE8
:101A1000130000EB0210C0B270470000F8B50020C0
:101A20000090274E274D3146284600F0C1F9264C3C
:101A300058B13146284600F0D9F8606F28B1E17AF4
:101A400019B16A46002107F0C7FA204E28463146F0
:101A500000F0AEF958B13146284600F0C7F8606F83
:101A600028B1E17A19B16A46002107F0B5FA1849A0
:101A7000284600F09DF948B91649284600F098F923
:101A800020B91549284600F093F968B11349284652
:101A900000F0ACF802F0C4FC606F28B1E17A19B133
:101AA0006A46002107F098FA0098002807D00C49F0
:101AB0004FF080500860BFF34F8FBFF36F8FF8BDBA
:101AC00000440020886002401000002000880020B0
:101AD0000022002000110020400000A0403300A0A0
:101AE00004ED00E02DE9FE4F002502950F26DFF8FA
:101AF000ACB02B4F5946384600F05AF9294CDFF864
:101B0000A880DFF8A8A00DF10809A0B15946384611
:101B100000F06CF8384600F044F9A8B3244820607F
:101B2000A8F80060CDE9005901231A460021DAF82F
:101B3000000008F029F81F4E3846314600F038F909
:101B4000A8B13146384600F051F8384600F029F97E
:101B5000F8B1194820600F20A8F80000CDE900591D
:101B600001231A460021DAF8000008F00DF8029867
:101B7000002807D011494FF080500860BFF34F8F05
:101B8000BFF36F8FBDE8FE8FFFE70B481E38206064
:101B9000C6E707481E302060DDE700001040001057
:101BA00010640240600100206401002090000020C9
:101BB00024A600202080001006A6002004ED00E0EE
:101BC000074A904201D2074801E005481038064A0A
:101BD0008B0001EA020101D5C16070478160704746
:101BE00010640240006002407D0F7D0F074A904262
:101BF00001D2074801E005481038064A8B0001EA87
:101C0000020101D5C16070478160704710640240D5
:101C1000006002407D0F7D0F002904D0016841F073
:101C2000010101607047016821F001010160704706
:101C30002DE9F043016821F00101016000210160FC
:101C400041608160C1600161212141613E493E4A9C
:101C500010394FF03D08904203D1C1F80880BDE82B
:101C6000F083394A4FF474651832904201D18D6087
:101C7000F5E7354A4FF474163032904201D18E6048
:101C8000EDE7314A4FF074674832904201D18F60DE
:101C9000E5E72D4B2D4A6033984201D1CA60DEE75B
:101CA000294C2B4B7834A04201D1CB60D7E7DFF829
:101CB00098C0284C0CF1900C604501D1CC60CEE767
:101CC000DFF884904FF03D5C09F1A809484502D146
:101CD000C1F80CC0C3E72049DFF87C9008394845BB
:101CE00002D1C1F80080BAE7DFF86C8008F118086B
:101CF000404501D10D60B2E7174D3035A84201D102
:101D00000E60ACE7144D4835A84201D10F60A6E73C
:101D1000114D11496035091FA84201D10A609EE7A3
:101D20000D4A7832904201D10B6098E70A4A90320E
:101D3000904201D10C6092E7074AA83290428ED1BE
:101D4000C1F800C08BE70000106002403D00002099
:101D5000400F002000003D2010640240002904D004
:101D6000016841F4802101607047016821F48021FD
:101D700001607047002A04D0026842F40022026029
:101D800003E0026822F4002202600161704701460C
:101D900000200968C90700D001207047406880B260
:101DA0007047014600200968090300D501207047EB
:101DB00030B500240F4A904201D20F4A01E00D4A8B
:101DC000103A0E4B194205D01E2303EAD1250368B1
:101DD0002B4002E0406900F08003880001D5506884
:101DE00000E01068064A1040084201D003B1012407
:101DF000204630BD10640240006002403C0F3C0FA2
:101E00007D0F7D0F0B0609D522B1436943F0800396
:101E1000436103E0436923F080034361802905D0D7
:101E200001F01E011AB102680A430260704702689D
:101E30008A4302607047000030B50368124A1340BD
:101E4000CC680A682243D1E905452C432243CC697A
:101E500022430C6A22434C6A22438C6A22434C6B15
:101E600022438C6B22431A430260426922F007032B
:101E7000D1E90B2422431A4342610A6942604A684D
:101E800082608968C16030BD3F801CF00021016024
:101E900041608160C160016141618161C161016234
:101EA00041628162C162016341638163704738B5F9
:101EB000044669460F2001F0FEF908B1012038BD43
:101EC000012C03D0022C07D0022038BD9DF8000061
:101ED00020F00100009004E09DF8000020F00200D6
:101EE00000909DF800100F2001F0EBF908B10320DD
:101EF00038BD002038BD38B504460D4669460E2071
:101F000001F0D9F908B1012038BD012C03D0022C11
:101F10000ED0022038BD2DB19DF8000040F0010028
:101F2000009011E09DF8000020F0010000900BE00F
:101F30002DB19DF8000040F00200009004E09DF8F3
:101F4000000020F0020000909DF8000040F0040125
:101F500000910E2001F0B5F908B1032038BD002032
:101F600038BD70B50E4615461C46FFF74BFD00F018
:101F70007F01072001F0A5F908B1012070BD3046AE
:101F8000FFF740FD00F07F01082001F09AF908B149
:101F9000022070BD2846FFF735FD00F07F010920C3
:101FA00001F08FF908B1032070BD2046FFF72AFD2C
:101FB00040F080010A2001F084F908B1042070BDCE
:101FC000002070BD10B50C46FFF71CFD00F07F012E
:101FD000082001F076F908B1012010BD2046FFF776
:101FE00011FD00F07F01092001F06BF908B102201A
:101FF00010BD0120FFF706FD40F080010A2001F02E
:1020000060F908B1032010BD002010BD70B5044672
:102010000A252078B0FBF5F105FB1101B0FBF5F0C6
:1020200001EB0010C1B22170062001F04AF920B185
:10203000BDE870402DA003F0C7B96078B0FBF5F1A2
:1020400005FB1101B0FBF5F001EB0010C1B26170AE
:10205000052001F036F920B1BDE8704028A003F05A
:10206000B3B9A078B0FBF5F105FB1101B0FBF5F0B9
:1020700001EB0010C1B2A170042001F022F920B1DF
:10208000BDE8704023A003F09FB9E078B0FBF5F104
:1020900005FB1101B0FBF5F001EB0010C1B2E170DE
:1020A000022001F00EF900281FD12079B0FBF5F1D4
:1020B00005FB1101B0FBF5F001EB0010C1B221717D
:1020C000012001F0FEF800280FD16079B0FBF5F196
:1020D00005FB1101B0FBF5F001EB0010C1B261711D
:1020E000BDE87040002001F0ECB870BD736574204D
:1020F00079656172206572726F720D0A00000000CE
:10210000736574206D6F6E7468206572726F720DE6
:102110000A00000073657420646179206572726F33
:10212000720D0A0038B5044600200090694606206A
:1021300001F0C1F808B1012038BD9DF80000FFF79B
:10214000C7F800F5FA60E0806946052001F0B3F8B1
:1021500008B1022038BD9DF80000FFF7B9F82071E2
:102160006946042001F0A7F808B1032038BD9DF8A6
:102170000000FFF7ADF8E0706946032001F09BF81E
:1021800008B1042038BD9DF80000FFF7A1F82072C7
:10219000002038BD38B50446002000906946022072
:1021A00001F089F808B1012038BD9DF80000FFF763
:1021B0008FF8A0706946012001F07DF808B1022077
:1021C00038BD9DF80000FFF783F860706946002075
:1021D00001F071F808B1032038BD9DF80000FFF749
:1021E00077F82070002038BD2DE9F0410D461646E5
:1021F0001C460C2D00D90125611E072900D301249E
:1022000006B901260A27B0FBF7F107FB1101B0FB65
:10221000F7F001EB0010C1B2062001F052F828B12E
:102220001EA003F0D1F80120BDE8F081B5FBF7F066
:1022300007FB1050B5FBF7F100EB0110C1B2052010
:1022400001F03FF820B11AA003F0BEF80220EBE73E
:10225000B6FBF7F007FB1060B6FBF7F100EB0110DF
:10226000C1B2042001F02DF820B116A003F0ACF8A3
:102270000320D9E7B4FBF7F007FB1040B4FBF7F1FC
:1022800000EB0110C1B2032001F01BF820B111A036
:1022900003F09AF80420C7E70020C5E773657420AF
:1022A00079656172206572726F720D0A000000001C
:1022B000736574206D6F6E7468206572726F720D35
:1022C0000A00000073657420646179206572726F82
:1022D000720D0A00736574206461794F66576565F5
:1022E0006B206572726F720D0A00000070B50C46AB
:1022F0001546172800D900203B2C00D901243B2D7E
:1023000000D901250A26B0FBF6F106FB1101B0FB4E
:10231000F6F001EB0010C1B2022000F0D2FF08B1CC
:10232000012070BDB4FBF6F006FB1040B4FBF6F1E3
:1023300000EB0110C1B2012000F0C3FF08B1022080
:1023400070BDB5FBF6F006FB1050B5FBF6F100EBE7
:102350000110C1B2002000F0B4FF08B1032070BD2D
:10236000002070BD704710B54FF47A72A0FB0201D7
:102370000023FDF78DFFBDE8104006F0BDBD10B590
:10238000292000F019F84FF6FF7101EA00242820F7
:1023900000F012F8204310BD002000F00DB800003E
:1023A000002801D0012000E000200249087000F060
:1023B000FBBD00003401002008B500220092014658
:1023C00001236A46242004F06BFA08B1002008BDFE
:1023D0009DF8000008BD08B58DF800008DF80110CB
:1023E00002226946482004F061FB08BD10B50524AF
:1023F00004E06420FFF7B7FF641EE4B2FFF7CCFFF0
:10240000362801D0002CF4D12CB100210120FFF797
:10241000E2FF002010BD012010BD10B5052404E02E
:102420006420FFF7A0FF641EE4B2FFF7B5FF362873
:1024300001D0002CF4D12CB108210120FFF7CBFFF3
:10244000002010BD012010BD10B5052404E064205B
:10245000FFF789FF641EE4B2FFF79EFF362801D024
:10246000002CF4D1ACB100210120FFF7B4FF002112
:102470000820FFF7B0FF7F210A20FFF7ACFF4721BC
:102480000D20FFF7A8FF00210E20FFF7A4FF00207A
:1024900010BD012010BD00001CB5002401940120D6
:1024A00000F01CF9002823D007F08AFC0094114C9E
:1024B000024601AB0721606807F0EEFE019838B1D3
:1024C0000D494FF080500860BFF34F8FBFF36F8FFF
:1024D000022002F083F810B1022002F067F8607861
:1024E00018B90120607009202070012000F07AF8EE
:1024F0001CBD00006801002004ED00E070B54FF441
:102500008065284600F0EAF8012438B10B4841788C
:1025100009B944700470284600F064F84FF400557F
:10252000284600F0DBF8002806D00548047028464D
:10253000BDE8704000F056B870BD00006801002092
:10254000B00000203EB500240294022000F0C6F83E
:10255000002817D0022000F045F802A8CDE900407D
:102560000948012302220021006807F00DFB0298B0
:10257000002807D005494FF080500860BFF34F8F07
:10258000BFF36F8F3EBD00009000002004ED00E01F
:102590001CB500240194102000F0A0F8002816D0EB
:1025A00007F00EFC02460A48009401AB0721006ABE
:1025B00007F072FE019838B106494FF0805008606C
:1025C000BFF34F8FBFF36F8F102000F00BF81CBDCF
:1025D0001000002004ED00E0014908607047000091
:1025E000143C01400149086070470000143C014060
:1025F000FEB50121880302F01DF80021084602F013
:1026000077F80A21012002F073F80D21012002F071
:102610006FF80121084602F06BF80421002002F057
:1026200067F84FF48060019000258DF808500C2663
:102630008DF8096001248DF80A4001A800F058F8CF
:1026400001948DF8085008208DF809008DF80A4093
:1026500001A800F04DF8022001908DF808508DF887
:1026600009608DF80A4001A800F042F8102001909E
:102670008DF808508DF809608DF80A4001A800F027
:1026800037F8600301908DF808508DF809608DF8D7
:102690000A4001A800F02CF8B00100F0A9FF2820A2
:1026A0008DF800008DF801608DF802508DF8034020
:1026B000684600F069FF06208DF80000684600F0CB
:1026C00063FF07208DF80000684600F05DFF0A20D8
:1026D0008DF80000684600F057FFFEBD014600205F
:1026E000024A12680A4200D001207047143C01409F
:1026F00030B51B4A83790168002B2AD013688B43BD
:102700001360111D0B680468A3430B600179114429
:102710000B68046823430B60114C0834216803687C
:1027200099432160231D19680568A94319604179FF
:10273000102905D011440A68006802430A6030BDC0
:10274000216802681143216019680068014319601B
:1027500030BD0079104402688A43026030BD000039
:10276000003C014010B50120FFF736FF01210807AA
:1027700001F052FF012001F03BFF012001F016FFA4
:10278000BDE8104001F01ABF014908607047000021
:102790000C3C02400649002804D0086840F48060E0
:1027A00008607047086820F4806008607047000087
:1027B000003C02400248016841F4805101607047CA
:1027C000003C024070B506460025002905D00129CD
:1027D00027D0022928D04FF4407500F0B5F8092819
:1027E0001ED1134C206820F44070206020682843DC
:1027F0002060206820F0F8002060206846F0020188
:1028000008432060206840F48030206000F09CF88D
:10281000216821F002012160216821F0F801216086
:1028200070BD4FF48075D8E74FF40075D5E7000010
:10283000103C024009200D490A68D20301D501204D
:1028400070470A68D20601D5062070470A68D2058B
:1028500001D5022070470A6812F0E00F01D007206E
:10286000704709688907FBD5082070470C3C024077
:102870000649002804D0086840F4007008607047DA
:10288000086820F40070086070470000003C0240B7
:102890000248016841F4006101607047003C024059
:1028A0000248016841F0004101607047103C02405D
:1028B00070B506460D4600F047F8092811D1094CBD
:1028C000206820F44070206020682060206840F07C
:1028D00001002060357000F037F8216821F0010117
:1028E000216070BD103C024070B505460E4600F0F8
:1028F0002BF8092813D10A4C206820F4407020607E
:10290000206840F400702060206840F001002060E2
:102910002E6000F019F8216821F00101216070BDDE
:10292000103C024005480068002805DA03480449C5
:102930000C3801600349016070470000103C024000
:1029400023016745AB89EFCD08B509200090FFF75B
:1029500071FF009002E0FFF76DFF00909DF800000E
:102960000128F8D09DF8000008BD00000248016869
:1029700041F470010160704788ED00E02DE9FC41F1
:1029800003220021012006F07EFD504C60640022ED
:102990000421012006F077FD6066012006F063FD4A
:1029A0002064012006F05FFDE064002202210A207D
:1029B00006F069FDA06500220221142006F063FDE7
:1029C0006065002202210A2006F05DFDE06500221C
:1029D00002210A2006F057FD2066002204210A2069
:1029E00006F051FDA06603220021012006F04BFDF8
:1029F000206503220021012006F045FDA06406F0B9
:102A0000B6FC6062324801F04DFD01F01FFCFEF79C
:102A100049FC142006F033FDE0660146E06D06F047
:102A20000FFDE16EA06D06F00BFD04F170000824AF
:102A3000CDE900400023802226A1294806F0E8FFC6
:102A4000224807217430CDE900104FF49677002317
:102A50003A4624A1264806F0DBFF1C4805257830BD
:102A6000CDE9005000233A4622A1254806F0D0FFC8
:102A7000164806267C30CDE9006000234FF4C8726A
:102A800020A1244806F0C4FF104800238030CDE97F
:102A900000503A4620A1244806F0BAFF0B48002314
:102AA0008430CDE900603A4620A1234806F0B0FF0B
:102AB000064800238830CDE90040A2011FA122482A
:102AC00006F0A6FFBDE8FC4106F0E0BB10000020C8
:102AD0003D0E02087461736B5F696E6974000000DB
:102AE000658502087461736B5F6B65790000000097
:102AF000ED8502087461736B5F74696D6500000099
:102B00001588020853657454696D655F416C617284
:102B10006D0000009147020872696E675F62617420
:102B20007465727900000000318702085374657083
:102B300044657465637400007D8702084F54415FEB
:102B4000446973706C6179004D8602082DE9F0418B
:102B5000002201274FF0030C07FA02F50B682B4007
:102B6000AB422CD1066853000CFA03F4A64306606E
:102B70000E79D0F800809E4046EA080606600E797D
:102B8000012E01D0022E12D18668A64386604E79AE
:102B9000D0F808809E4046EA080686604668AE4344
:102BA000466045688E799640B6B235434560C56843
:102BB000A543C560CC799C40C3681C43C460521CCB
:102BC000102AC9D3BDE8F08110B54B07DB0E9A403F
:102BD000C90800EB8100016A0F249C40A1430162F7
:102BE000016A1143016210BD0246002012690A42C7
:102BF00000D00120704709048161704781617047EE
:102C0000002A01D08161704709048161704700008A
:102C1000094A507800280CD000201178012902D0F0
:102C2000092903D101E0042000E0092000215170AE
:102C300070470020704700006801002010B5094867
:102C400004F098FA0748203004F094FA0548403020
:102C500004F090FA0449002008604860091F0870D9
:102C600010BD000088A500205801002070B5044662
:102C70000D46304804F0A6FA10B12E4803F08EFB42
:102C80002C48203004F09EFA18B12A48203003F076
:102C900085FB2848403004F095FA18B125484030AB
:102CA00003F07CFB2146234803F0A2FD214829467E
:102CB000203003F09DFD1F491F4CD1E903209042B5
:102CC00036D38A68904233D34A68904230D94A69F1
:102CD00090422DD38A6990422AD3C969884227D964
:102CE0001448221D2030016910680B1AB3F5A07F2B
:102CF0001ED950601160814208D0081A4EF660213A
:102D0000B1FBF0F10B48403003F072FD094A40324C
:102D100092F9020003280BD3052801D9052100E010
:102D20009178401A02EB8000001D00F0FAF9207043
:102D3000207870BD88A50020540100200A4B1A8914
:102D4000002A0DD0D978884200D2D87019798842EB
:102D500000D91871596908445861521C1A8170478A
:102D60001961D8701871F5E734010020FCB51F49CE
:102D7000A1F118039A798854521C0620B2FBF0F492
:102D800000FB142098715879062801D2401C587114
:102D90005A7900206D4603E00B5C2B54401CC0B2F6
:102DA0009042F9D30021501EC7B20DE04E1CF0B284
:102DB00007E06C5C2B5C9C4201D96B542C54401C8A
:102DC000C0B29042F5D3F1B28F42EFD8D00703D012
:102DD00005EB52000078FCBD05EB520010F8011C19
:102DE00000780844401CC0F34700FCBD4C010020A3
:102DF00009494978002907D0884206D9421AD2B237
:102E0000052A01D9491DC8B270470A1AD2B2052A4B
:102E1000FAD9491FC8B27047340100202DE9F843A0
:102E20000026009606F0C6FF0446A0464F4D2878BF
:102E300050B1E868A0B1201A192811D2687848B1B9
:102E400000F0C2F8BDE8F88300221146104600F0F9
:102E500005F9F7E700221146104600F0FFF8F1E708
:102E6000EC60DFF80C916421D9F8000006F012FD47
:102E700001280AD0687810B100F0A6F8E2E7002235
:102E80001146104600F0EAF8DCE7FFF778FA07464B
:102E900000231A461946D9F8000006F05FFBD7B1A7
:102EA000A7F57F40FF3816D041463846FFF7DEFED3
:102EB000A0F13201462939D8AE70C0B22146FFF7E1
:102EC0003DFF6946204600F08DF820B39DF80000D4
:102ED00000F0B4F8B6E7A878FF2801D2401CA8702B
:102EE000A87878280CD36E7000F044F800F04CF805
:102EF000FFF7A4FE00221146104600F0AFF8A1E74C
:102F0000687810B100F060F89CE700221146104686
:102F100000F0A4F896E7687810B100F055F891E752
:102F200000221146104600F099F88BE76878A0B1AE
:102F3000A978FF2901D2491CA970A978782912D350
:102F40006E7000F017F800F01FF8FFF777FE002210
:102F50001146104600F082F874E700221146104630
:102F600000F07CF86EE700F02FF86BE734010020EA
:102F70005C00002003480021016141610181C170B2
:102F800001717047340100200648002141718171B0
:102F90000020044A18321154401CC0B20628FAD34B
:102FA000704700003401002010B506480021417030
:102FB0008170C160FFF7DEFFFFF7E6FFBDE810405C
:102FC000FFF73CBE3401002008B5082102460091FD
:102FD000022314213C2000F05BFCBDE8084000F017
:102FE0003FBD000010B5144B1A89002A07D01C6998
:102FF000001B40F6B834A04203D2002010BD0020D0
:1030000010BD052A03D2FFF7B5FF002010BD586997
:10301000DC78001B1B79C31A921E90B240B103EBFF
:103020005002B2FBF0F00870FFF7A4FF012010BDC2
:10303000FFF7A0FF002010BD3401002010B5FFF7FE
:1030400095FEFFF7D5FE0449487000228A70BDE85E
:103050001040FFF7B9BF000034010020F8B5064664
:103060000D46002A27D01421082327A2084600F085
:1030700033FC082326A21421502000F02DFC082444
:103080000223324614213C20009400F001FC082366
:1030900020A22821142000F01FFC0823252228212B
:1030A000552000F06DFB02232A4628213C20009485
:1030B00000F0EEFB23E01421082313A2084600F0E1
:1030C0000BFC082312A21421502000F005FC082359
:1030D00012A214213C2000F0FFFB08230DA228219E
:1030E000142000F0F9FB082325222821552000F0A8
:1030F00047FB082309A228213C2000F0EDFBBDE896
:10310000F84000F0ADBC0000E5BF83E78E873A00D1
:1031100042504D0053704F323A0000005F5F000094
:10312000FEE710B50023002901D0002206E00020B0
:1031300010BD50F822402344521CD2B28A42F8D328
:10314000B3FBF1F0C0B210BD002904D0018841F4F6
:10315000806101807047018821F48061018070479F
:10316000C94381827047002904D0018841F00101E0
:1031700001807047018821F001010180704700291A
:1031800004D0018841F4807101807047018821F4E6
:10319000807101807047002904D0018841F40071DA
:1031A00001807047018821F40071018070470CB5DF
:1031B0000246002000920A0F019221F07F41019AFD
:1031C000002A03D0009A1432009203E0090C009AFE
:1031D00018320092009A12680A4200D001200CBDF9
:1031E0007FB504460D46A08820F03F06684601F0F2
:1031F0002FFA02982749B0FBF1F189B20E43A6805D
:10320000228822F001022280234B2A689A4209D8A0
:103210005200B0FBF2F080B2042800D20420491C16
:10322000218423E0EB88A3F53F46FF3E0BD002EB61
:10323000C20303EB0212B0FBF2F080B240F4804014
:10324000020506D007E002EB4202B0FBF2F080B2CA
:10325000F6E740F0010040F400404FF4967251430D
:103260004FF47A72B1FBF2F1491C2184A0832088CB
:1032700040F00100208020884FF6F5310840A988F1
:103280006A89114301432180A88929890843208143
:103290007FBD000040420F00A086010008B50090ED
:1032A0000098084400900098008808BD008AC0B2C9
:1032B0007047018270470A4601230146682003F0E7
:1032C000EFBA08B58DF800008DF8011002226946AA
:1032D000D02003F0EBFB08BDFEB50121022001F078
:1032E0008DF942F20240019000248DF809408DF8DA
:1032F000084001258DF80B5001A91848FFF726FC5E
:103300000121084601F07AF9102001908DF808405B
:103310008DF80B408DF80940114E01A93046FFF79A
:1033200015FC01958DF8084002218DF80B108DF8E1
:10333000094001A93046FFF709FCFFF759F904F0ED
:1033400023F9084800900023012240F6B83106A076
:1033500006F06AFF07494860FEBD00000004024015
:1033600000000240F1840208534C45455054696DF9
:103370006572000068010020002801D0012000E0F3
:1033800000200149887070476801002002464021F2
:103390000148FFF735BC0000000002401CB50121C8
:1033A000084601F02BF94020009001208DF8040020
:1033B00000208DF8060002218DF805108DF8070019
:1033C00069460248FFF7C2FB1CBD00000000024036
:1033D00010B52DED048B9FED248A9FED249ADFED2F
:1033E000249A03F021FF234CD4ED0B0A94ED0A0A32
:1033F00002F022F860EE098AD4ED0B0A94ED090A76
:1034000002F01AF820EE090AD4ED100A94ED0C1A15
:1034100041EE080A20EEA91ADFED170A08EEA01AFD
:1034200084ED101A94ED111AD4ED0D1A01EEC81A9C
:1034300021EE291A00EE201A84ED111A94ED120AD9
:10344000D4ED0E0A00EE880A84ED120A04F0CCF8DE
:1034500002F0E4FF03F028F8BDEC048B0520BDE882
:10346000104005F049BD00000AD7A33BE12E65429C
:1034700048E17A3F7001002000D7A33C002801D02A
:10348000012000E000200149887070477001002091
:10349000FEE700001CB50121084601F0AFF84FF42B
:1034A0008070009001208DF8040000208DF8060047
:1034B00002218DF805108DF8070069460148FFF7D5
:1034C00045FB1CBD000002404FF480710148FFF72E
:1034D00095BB0000000002404FF480710148FFF7E7
:1034E0008ABB00000000024038B510A001F06CFF5C
:1034F000FFF7EAFF124C4FF0FF31E06C06F0CAF91B
:1035000040B10120FEF7D3FC00231A461946E06CB7
:1035100006F024F806F04EFC024600200346009018
:103520000121E06906F0CEFE38BD000020416C614B
:10353000726D20547269676765726564210D0A00B7
:10354000100000207047F8B54FF4407000F050F8BC
:1035500026208DF8000006268DF8016000248DF8E5
:10356000024001258DF80350684600F00DF8102048
:103570008DF800008DF801608DF802408DF8035041
:10358000684600F001F8F8BD30B50F23C278012578
:103590000178002A1FD0154A126802F4E062C2F5D1
:1035A000E062C2F30722C2F10404D3404278A24091
:1035B00084781C401443220101F1E02181F80024A9
:1035C000007800F01F018D404009800000F1E020EC
:1035D000C0F8005130BD01F01F008540480980004F
:1035E00000F1E020C0F8805130BD00000CED00E09B
:1035F0000249084302490860704700000000FA05CC
:103600000CED00E008B54FF44070FFF7F1FF3820F3
:103610008DF800000B208DF8010000208DF80200CD
:1036200001208DF803006846FFF7AEFF08BD0000DB
:1036300010B50021074C0022002004EBC1131A54DE
:10364000401CC0B28028FAD3491CC9B20829F3D360
:1036500010BD000088A600202DE9F041CF1823E01E
:10366000044686181CE07F2C18D8002916DB3F2959
:1036700014DCCB1701EB5373DD104FEAC51C0C4D66
:1036800023F007036544A1EB030815F804C00123E8
:1036900003FA08F32CEA030C05F804C0641C24B2F6
:1036A000A642E0DC491C09B28F42D9DCBDE8F081BA
:1036B00088A6002010B5AE2000F0E6F9D52000F075
:1036C000E3F9802000F0E0F9A82000F0DDF93F20C8
:1036D00000F0DAF9D32000F0D7F9002000F0D4F997
:1036E000402000F0D1F9A12000F0CEF9C82000F070
:1036F000CBF9DA2000F0C8F9122000F0C5F98120DA
:1037000000F0C2F9CF2000F0BFF9D92000F0BCF9D9
:10371000F12000F0B9F9DB2000F0B6F9302000F01C
:10372000B3F9A42000F0B0F9A62000F0ADF98D2087
:1037300000F0AAF9142000F0A7F9AF2000F0A4F9D6
:10374000FFF776FFBDE8104000F08AB9034601207C
:1037500000E05843491E4A1CFBD1704710B50C4687
:1037600040F0B00000F090F9102040EA141000F092
:103770008BF904F00F00BDE8104000F085B900009F
:1037800008B5203A082B0ED0062B15D00C2B09D1EA
:103790000F4B02EBC20203EB8202009218230C22B1
:1037A00000F01CF808BD0B4B03EB02120092102333
:1037B000082200F013F808BD074B02EB420203EBAE
:1037C000420200920823062200F008F808BD00001B
:1037D00018A9020828A3020874B602082DE9FF4FB1
:1037E0000F46DDF8349090461D4600242B46424695
:1037F00039460098FFF730FF6D1EE81705EB507053
:103800000121DFF888C001EBE00A3BE0002035E051
:1038100000990D187F2D2FD8F91707EB5171CA1099
:1038200016B221F007017B1A002F03DA761E36B29A
:1038300008331BB2311907290DD804FB08FB09EB2B
:10384000000E0CEBC1121BF80EB0565D0BFA03FB19
:1038500046EA0B065655491C07290DD804FB08F605
:1038600009EB000B0CEBC11116F80B604A5DC3F1BC
:103870000803DE4032434A55401CC0B24045C7D31E
:10388000641CE4B2A245C1DCBDE8FF8F88A600201D
:103890002DE9F04F8046DDF824A08B4691461F4667
:1038A00000240A2514E0391B491E0A20FFF74EFFA9
:1038B000B9FBF0F6B6FBF5F005FB106204FB0A80DD
:1038C000303200B253465946FFF75AFF641CE4B247
:1038D000BC42E8D3BDE8F08F2DE9FF4F83B08046AE
:1038E0001446994600250026AA46ADE0010609D4F3
:1038F000012029466D1C615CADB28DF804108DF875
:1039000005A055E00621B1EB501F10D10220691C23
:10391000625D89B28DF80420625C002A76D04A1C70
:10392000615C95B28DF805108DF806A040E00E217F
:10393000B1EB101F18D10320691C625D89B28DF8AC
:103940000420625C002A61D04A1C615C92B28DF84E
:103950000510A15C00297BD0511C8DB2A15C8DF8B3
:1039600006108DF807A023E01E21B1EBD00F23D164
:103970000420691C625D89B28DF80420625C002A13
:1039800066D04A1C615C92B28DF80510A15C0029DA
:103990005ED0511CA25C89B28DF80620625C002AC0
:1039A00056D04A1C615C95B28DF807108DF808A0BE
:1039B000012804D0002716E06D1CADB244E008EBEE
:1039C00006009DF8042000B24B460499FFF7D8FE8C
:1039D00006EB090086B237E0584601A9FCF7B9FCAE
:1039E00068B17F1CBFB207EB870000EB47111A4894
:1039F0000844834619A1FCF7ACFC0028ECD1B9F1CE
:103A0000080F04D0B9F1060F1ED113E020E007EB38
:103A1000870000EB4711104810230844401D009018
:103A200008EB060000B21A460499FFF7D7FE1036DD
:103A3000B6B209E008EB060000B206233F22049963
:103A4000FFF79EFEB61DB6B2605D00287FF44EAF54
:103A500007B0BDE8F08F0000AEB80208000000001B
:103A600070B50024074D00212046FFF777FE05EBD7
:103A7000C410802100F014F8641CE4B2082CF2D3C6
:103A800070BD000088A6002008B5002100918DF8C7
:103A9000010002226946782003F008F808BD000002
:103AA0002DE9F04707468846504D4FF40034214633
:103AB0002846FFF77CFB0128F9D001212846FFF7B3
:103AC0005EFB4B4C28462146FFF771FB0028F9D0DE
:103AD000484E28463146FFF743FB78212846FFF73A
:103AE000E8FB434C641C21462846FFF760FB012895
:103AF0000CD031462846FFF75AFB0128F3D10121AB
:103B00002846FFF748FB0320BDE8F087142128462C
:103B1000FFF7C4FB18212846FFF7C0FBDFF8D09061
:103B200009F17F0931462846FFF741FB012806D0FD
:103B300049462846FFF73BFB0128F3D111E001215C
:103B40002846FFF728FB0220DEE701212846FFF781
:103B500022FB0220D8E749462846FFF728FB012828
:103B600006D031462846FFF722FB0128F3D1ECE7C7
:103B700040212846FFF79DFB002411E00121284643
:103B8000FFF709FB0220BFE749462846FFF70FFB76
:103B9000012807D1395D2846FFF78BFB641CE4B28E
:103BA000444506D231462846FFF701FB0128EBD1F8
:103BB000E4E70F4CE41C0BE001212846FFF7EBFA89
:103BC0000120A1E721462846FFF7F1FA012806D097
:103BD00031462846FFF7EBFA0128F3D1ECE7012143
:103BE0002846FFF7D8FA00208EE700000054004076
:103BF000010000100004001070B504460A4D85F85D
:103C000020400126AE80E98006F0D4F8E861012C5E
:103C100004D0022C04D00420287070BD2E7070BD1A
:103C20000320287070BD000010020020002903D07E
:103C3000884203D3642070470020704764225043B9
:103C4000B0FBF1F0642800D96420C0B270470000D6
:103C500070B54FF0FF320024094D0DE0035D5A406E
:103C60000023D60702D085EA520200E052085B1C0E
:103C7000DBB2082BF5D3641C8C42EFD3D04370BD6C
:103C80002083B8ED70B54FF0FF320024094D0DE0F0
:103C9000035D5A400023D60702D085EA520200E0B5
:103CA00052085B1CDBB2082BF5D3641C8C42EFD3AB
:103CB000D04370BD2083B8ED05480078012803D0BB
:103CC000042803D00220704701207047032070476A
:103CD0001002002010B5074C63895B1E9BB298420E
:103CE00005D18818A169884201D1012010BD0020AA
:103CF00010BD00001002002010B50C4B1868596868
:103D000021F00102A0F10054B4F5003F01D8800772
:103D100001D0002010BDC80704D00548824201D35D
:103D20009A4201D3002010BD012010BD00000408FC
:103D30000000020810B5FEF7F5FDF320FEF724FDA4
:103D400002213020FEF73EFD0446FEF7A9FD00F0FB
:103D500010F8092C01D0002010BD012010BD10B5B5
:103D60000146042000F036FABDE81040002000F0C3
:103D7000CDB910B50020FEF77BFD0020FEF70AFD4F
:103D8000FEF786FDFEF716FD0120FEF771FDBDE88A
:103D900010400120FEF7FEBC10B590B00D4A6B46F6
:103DA00040F20930002152F8214043F82140491CDB
:103DB0001029F8D3084A0099914208D101990129A4
:103DC00005D1079A511C02D0824200D9104610B08A
:103DD00010BD000000000108315754422DE9F047A2
:103DE0003B4800F083F980463948801C00F083F995
:103DF00007463748801D00F079F90646DFF8D09075
:103E000009F10809A9F12905A819293000F073F969
:103E10008246BC1931464846FFF71AFF504509D083
:103E2000424605210220AB6900F088F9BDE8F04761
:103E300000F04CB9324639464046FFF74BFF48B1D7
:103E4000424600210220AB6900F078F9BDE8F04756
:103E500000F03CB96A89424508D003210220AB69D1
:103E600000F06CF9BDE8F04700F030B9AB69BB4237
:103E700002D1E868A04207D20421022000F05EF9D6
:103E8000BDE8F04700F022B932464946384600F016
:103E90005BFB88B1AC616889401C6881002101200E
:103EA00000F098F900F012F94246AB69BDE8F0471E
:103EB0000021022000F042B9424606210220AB69EF
:103EC00000F03CF9BDE8F0470620FFF748BF0000CE
:103ED0003102002070B5364800F00DF9054634482F
:103EE000001D00F008F9324C213CE168A94205D1DF
:103EF0002269824202D1A06988420AD000220221AE
:103F00000320A36900F01AF9BDE870400220FFF712
:103F100026BF0021022000F05DF9FFF72AFF2548A7
:103F2000E168FFF7AFFE216988420AD0002207212D
:103F30000320A36900F002F9BDE870400720FFF7F5
:103F40000EBFFFF7D9FEE8B100F0B6FA28B30021A2
:103F5000032000F03FF9002211460320E36800F03F
:103F6000EDF84FF4FA7004F0C7FFBFF34F8F12481B
:103F70000168124A01F4E06111430160BFF34F8F01
:103F800000BFFDE7002202210320A36900F0D6F85C
:103F9000BDE870400220FFF7E2BE002206210320A8
:103FA000A36900F0CBF8BDE870400620FFF7D7BE4C
:103FB00031020020000004080CED00E00400FA05C6
:103FC0002DE9F041404800F096F805463E48001DB6
:103FD00000F091F880463C48083000F08CF8074625
:103FE00039480C3000F082F80446374E253E96F8EA
:103FF00021004F280BD196F82200542807D196F8BB
:104000002300412803D196F8240031280AD0002348
:1040100001211A46084600F091F8BDE8F041012060
:10402000FFF79DBEF560C6F8108077614FF000087D
:10403000C6F8188035B1B5F5003F03D814B1B4F512
:10404000F07F0AD900231A460221012000F076F8F9
:10405000BDE8F0410220FFF782BEFFF79DFEB842A7
:104060000AD93B4600220821012000F067F8BDE88C
:10407000F0410820FFF773BE0021012000F0AAF8EC
:10408000FFF758FEA0B1012070703481A6F80A80B5
:10409000022030700021012000F09CF800F0A4F90B
:1040A000BDE8F041002203461146012000F046B869
:1040B00000231A460621012000F040F8BDE8F04137
:1040C0000620FFF74CBE0000350200200649487864
:1040D000002801D0022000E0002008700020888025
:1040E000C880C86170470000100200200178407845
:1040F00041EA002070470178427841EA0221827843
:10410000C078120442EA0060084370470A4900225E
:104110000A704A708A708A80CA800A814A81CA609D
:104120000A614A618A61CA61002803D000210846F9
:1041300000F050B8704700001002002070B586B043
:104140001E4679248DF804408DF805008DF8061080
:1041500001AD1146E81C00F01DFA3146681D00F063
:104160001DFA44208DF80D00174C20788DF80E00B4
:10417000A1880DF10F0000F00DFAE1880DF111009A
:1041800000F008FA61890DF1130000F003FA0F48FE
:10419000406881B20DF1150000F0FCF9A5208DF802
:1041A000170000240A4E295D304601F001F9641C15
:1041B000E4B2142CF7D34021304600F0B3FF0028BE
:1041C000F9D006B070BD0000100200209C00002055
:1041D000004400402DE9F04105460F46124C257081
:1041E000A4F50476F1686160B069A0607269E2606C
:1041F000FFF71CFD2074677405F0DCFD0B49C860F7
:10420000032D03D1F068A060642020740DB101205B
:1042100000E0002008700969002903D0BDE8F041E2
:1042200001480847BDE8F081200400209C000020E0
:1042300004480168044A9160016841F0807101609E
:1042400070470000743802409C000020014800784C
:10425000704700009C00002070B505460E46002403
:10426000002D06D170BD285D00F008F818B1641C5F
:10427000A4B2B442F7D3204670BD000070B5044626
:1042800000F0D6F8574D287860B1022818D005F014
:1042900091FD0146A888B0F5F67F35D900F008F900
:1042A000012070BD012C03D0552C07D0002070BD1B
:1042B00013212046FFF7A0FC012070BD012070BD36
:1042C000022C0DD0032C11D0012C15D0552C19D057
:1042D0006A8903212046AB69FFF730FF012070BDDA
:1042E00009212046FFF788FC012070BD09212046E6
:1042F000FFF782FC012070BD13212046FFF77CFCF4
:10430000012070BD012070BD0246401CA8805019DC
:1043100080F82040E9612978012928D1A88802285D
:1043200007D195F821204F2A03D000F0C1F80020D2
:1043300070BD032807D195F82220542A03D000F03D
:10434000B7F8012070BD042807D195F82320412A31
:1043500003D000F0ADF8012070BD052807D195F815
:104360002400312803D000F0A3F8012070BD0329F8
:104370001DD1A88809281AD11A482730FFF7B6FEA0
:1043800028B12989814202D3B0F5F07F0DD91548B3
:104390002130FFF7ABFE024602210846AB69FFF76A
:1043A000CDFEFFF793FE012070BD0D30E880A88898
:1043B000E988884201D2012070BD2878012807D001
:1043C000032808D0042809D000F072F8012070BD3D
:1043D000FFF7F6FDFAE7FFF701FDF7E7FFF77AFDD4
:1043E000F4E70000100200200148806870470000D8
:1043F0009C000020002803D014220249FBF779BF5B
:10440000704700002004002004480178002902D1F0
:104410004078002800D001207047000010020020E2
:1044200002484168491C4160704700009C00002020
:1044300070B505F0BFFC04461748007804280AD17F
:10444000164840F6B831C068201A884203D90021C6
:104450000846FFF7BFFE124D287800281BD002281F
:1044600019D0A888002816D0E869201AB0F57A7FFC
:1044700011D9687840B1FFF71FFC022809D000224B
:104480000921AB69FFF75AFEBDE870400920FFF72C
:1044900066BC6A89F4E770BD200400209C000020FF
:1044A0001002002001490861704700009C000020B4
:1044B0000120FFF72BBE0000F0B591B001AEFFF771
:1044C0006BFC1D490191012102911C4903911C497A
:1044D000CA6804920A690592496906910021079108
:1044E00001AB4A1E03EB8104E261491C0929F9D39F
:1044F0000890FEF717FAF320FEF746F90221202074
:10450000FEF760F90546092D0DD100240D4F56F830
:10451000241007EB8400FEF7E7F90546092D02D1C8
:10452000641C102CF3D3FEF7BBF9092D02D0002038
:1045300011B0F0BD0120FBE73157544201005AA5EC
:1045400010020020000001082DE9F04706460F4642
:1045500090460925FEF7E6F9F320FEF715F9002449
:10456000DFF82C9008E03019395D4844FEF7A0F9D7
:104570000546092D02D1641C4445F4D3FEF790F999
:10458000092D02D00020BDE8F0870120FBE70000E4
:10459000000004080170090A4170704701700A0A9E
:1045A00042700A0C8270090EC170704702490A6895
:1045B00042EA8000086070470070004005480168CA
:1045C00041F0020101600448016841F0040101600A
:1045D00030BF70470070004010ED00E00146002041
:1045E000024A52680A4200D0012070470070004021
:1045F0000149086070470000A0000E42054A0029EA
:1046000003D0116801431160704711688143116044
:104610007047000030380240054A002903D0116875
:1046200001431160704711688143116070470000B9
:1046300040380240054A002903D011680143116047
:104640007047116881431160704700004438024090
:1046500070B5244B196801F00C01234C00291ED0C1
:10466000661004291DD008291DD00460196801F0C6
:10467000F00109091D4A545C0168E14041601C6871
:1046800004F4E054A40A145D21FA04F484601B6865
:1046900003F460435B0BD25CD140C16070BD046029
:1046A000E4E70660E2E70F4A121F1168C1F3805584
:1046B000116801F03F0135B1B6FBF1F11468C4F3A4
:1046C0008814614305E0B4FBF1F11468C4F3881465
:1046D00061431268C2F30142521C5200B1FBF2F175
:1046E0000160C3E7083802400024F4000000002005
:1046F00010B58A07120F0F23934021F003040649D7
:10470000214401F608010C689C430C600B68904042
:1047100003430B6010BD00000030014018480168E1
:1047200041F0805101601748016841F44041016047
:10473000134838380168016001680160016841F47C
:1047400080510160021F10491160111F0A6842F078
:1047500080720A600A689201FCD50C4A40F203712B
:104760001160016821F003010160016841F002015C
:1047700001600168C1F381010229FAD1704700008C
:10478000403802400070004010640107003C0240C5
:1047900086B0DFF8ACB301274FF00509DFF8A4833A
:1047A0000024ABF1180ABFE1002205A9184604F065
:1047B000EFFF0128F7D19DF814000228F3D1E24859
:1047C0000090002301224FF49671E0A005F02CFD2B
:1047D000054628000ED005F0EDFA04906421306CF7
:1047E00005F058F8F0B36421F06C05F053F8012897
:1047F00004D02CE0D8A000F0E7FD95E101A8FDF77A
:1048000091FC01A8FDF7C6FCBDF80A10DA48A1F535
:10481000FA6101809DF8081041809DF807108180A1
:104820009DF80610C1809DF8051001819DF80410C7
:1048300041819DF80C108181FCF798FA08B1FEF7D0
:10484000F7FE00231A461946F06C04F087FEB47197
:10485000F770777134718DF8149000231A46194659
:10486000306C00E001E004F079FE05F0A3FA0246A6
:10487000002301212846009405F024FD012802D0E0
:10488000BEA000F0A1FD012004F05EF928E0642242
:1048900005A9F06D04F07CFF01280BD105F08AFA20
:1048A00004909DF81410042941D0052948D0BBA0DC
:1048B00000F08AFD05F07EFA0499401A40450FD9B0
:1048C0006421306C04F0E6FF50B1F4707471002381
:1048D0001A461946306C04F041FEB8A000F074FD91
:1048E000F0780028D3D103F02FFC6DB100231A46D5
:1048F00003212846009405F0E5FC00231A46052113
:104900002846009405F0DEFC6421306C04F0C2FF00
:10491000D8B1F470747100231A461946306C04F053
:104920001DFE7279F178ADA000F04EFD12E09DF809
:10493000150004A902F0E0FA012004F005F9B9E736
:104940009DF8150004F000F9B4E7B1A000F03CFDBB
:10495000F4707471FCF70AFA002801D0FEF768FEC3
:10496000E2E0B36D9842FBD1002205A9184604F09D
:104970000FFF0128F4D19DF814000328F0D1B148AD
:104980000090002301224FF49671AFA005F04CFC7B
:10499000054628000BD005F00DFA04906421306C18
:1049A00004F078FFE8B39BF8000020B12EE0AAA045
:1049B00000F00AFDB8E09BF8010038BB9BF802004C
:1049C00020BB6421F06C04F065FF01281ED101A812
:1049D000FDF7A8FB01A8FDF7DDFB9DF806008BF8AD
:1049E00000009DF805008BF801008BF802409DF84F
:1049F00007008BF80300FCF7B9F908B1FEF718FEC1
:104A000000231A461946F06C04F0A8FDF471F77003
:104A1000377174718DF8149000231A461946306C62
:104A200000E001E004F09AFD05F0C4F9024600231D
:104A300001212846009405F045FC012802D08FA0F2
:104A400000F0C2FC012003F0FBFF33E0642205A963
:104A5000B06D04F09DFE01280BD105F0ABF9049078
:104A60009DF81410042947D005294ED04BA000F022
:104A7000ABFC05F09FF90499401A40451AD964210E
:104A8000306C04F007FFA8B1F4703471F4718DF844
:104A900014708DF815700023642205A9706D04F060
:104AA0005DFD00231A461946306C04F057FD43A003
:104AB00000F08AFCF0780028C8D103F0E5FA6DB167
:104AC00000231A4603212846009405F0FBFB00232F
:104AD0001A4605212846009405F0F4FB6421306C49
:104AE00004F0D8FEB0B1F470347100231A461946B0
:104AF000306C04F033FD0FE09DF8150004A902F0BE
:104B000057F8012003F09CFFB3E79DF8150003F070
:104B100097FFAEE7F4703471FCF728F908B1FEF79F
:104B200087FD5FA000F050FC4FF0FF315646DAF8E9
:104B30006C0004F0A5FEF36D98427FF412AF33E6EB
:104B400028000020C0D40100998C0208426C696ED4
:104B50006B54696D657200004661696C6564207410
:104B60006F2063726561746520626C696E6B20747E
:104B7000696D65720A000000D00100204661696C11
:104B8000656420746F20737461727420626C696E46
:104B90006B2074696D65720A00000000556E6B6EC3
:104BA0006F776E206D65737361676520636F6D6DE0
:104BB000616E643A2025640A000000004175746F3C
:104BC0002D736176696E672064756520746F206946
:104BD0006E61637469766974790A0000476C6F626C
:104BE000616C207661726961626C657320757064B6
:104BF000617465643A207365745F72756E3D2564F7
:104C00002C207365745F74696D653D25640A00002E
:104C10005761726E696E673A204661696C656420FF
:104C2000746F2074616B65206D7574657820666F94
:104C300072207661726961626C652075706461745E
:104C4000650A0000698C0208416C61726D426C69F2
:104C50006E6B54696D6572004661696C65642074A1
:104C60006F2063726561746520616C61726D206292
:104C70006C696E6B2074696D65720A004661696CBF
:104C8000656420746F20737461727420616C61724A
:104C90006D20626C696E6B2074696D65720A00002C
:104CA000416C61726D20736574206D6F6465206561
:104CB0007869746564207375636365737366756C76
:104CC0006C792E0A0000000010B5502080F3118886
:104CD000BFF34F8FBFF36F8F05F078F818B1044919
:104CE0004FF080500860002080F3118810BD000054
:104CF00004ED00E010B51148016841F47001016055
:104D00000F48016841F0010101600D4A002108329D
:104D1000116002680B4B1A400260031D0A4A1A60B8
:104D2000026822F48022026005480C300160FFF71F
:104D3000F5FC024905488039086010BD88ED00E0A7
:104D400000380240FFFFF6FE103000240000020889
:104D500038B501218C07204600F09FF8002814D0B8
:104D60000020009009486946006D04F0D3FC012141
:104D7000204600F083F80098002806D00449A010CF
:104D80000860BFF34F8FBFF36F8F38BD1000002056
:104D900004ED00E07FB501210846FFF73DFC40F23D
:104DA000F310029042F2CF00ADF804000024ADF8F9
:104DB0000C40ADF806404FF0804501A9284600F0B0
:104DC000BFF801221146284600F073F81C218DF827
:104DD000001007218DF801108DF8024001218DF897
:104DE00003106846FEF7D0FB0121284600F049F881
:104DF0007FBD000010B50A4C0121204600F04DF89F
:104E000000280BD00748012181700189491C0181CC
:104E10002046BDE81040012100F030B810BD000070
:104E200000040040BC0100201FB501210220FFF753
:104E3000F3FB1049642088716320029042F2CF0096
:104E4000ADF804000024ADF80C40ADF8064001A90F
:104E5000094800F075F81D208DF800000D208DF830
:104E600001008DF8024001208DF803006846FEF72E
:104E70008BFB1FBDBC01002000040040C943018220
:104E80007047002904D0018841F00101018070477A
:104E9000018821F001010180704702460020138A39
:104EA0000B4092890A40002B02D0002A00D001203A
:104EB0007047002A03D082890A4382817047828921
:104EC0008A4382817047000070B5028C22F48052C0
:104ED0000284058C8288838B23F4E04323F440769C
:104EE0000C884FF6FF7303EA0424344325F400557D
:104EF0008E8903EA06362E434D8803EA053535438D
:104F0000084EB04202D0084EB04205D122F480468D
:104F10000A8A03EA821232438280848389680164A8
:104F2000058470BD000001400004014000210180A3
:104F30004180818081608181C1810182418270478D
:104F400030B50288164C174DA0420DD0A8420BD0A8
:104F5000B0F1804F08D0144B984205D0134B9842C3
:104F600002D0134B984203D122F070034A881A43AF
:104F7000104B984206D0104B984203D022F4407355
:104F80000A891A4302804A68C2620A880285A042DE
:104F900001D0A84201D1897A01860121818230BDE8
:104FA00000000140000401400004004000080040EF
:104FB000000C0040001000400014004038B50020F4
:104FC0000090194C0821204600F0ACF8251D48B986
:104FD0000221204600F0A6F820B90421204600F066
:104FE000A1F818B120882888FFF71AFA40F2244166
:104FF000204600F09EF850B1208828880B49486F61
:1050000028B1C97A19B16A46002103F0E5FF00987A
:10501000002807D006494FF080500860BFF34F8F3B
:10502000BFF36F8F38BD0000004400401000002027
:1050300004ED00E0002904D0818941F40051818110
:105040007047818921F400518181704770B586B025
:1050500001210846FFF7D2FA01214804FFF7DCFAE4
:105060000420049002258DF814508DF8155000246A
:105070008DF8164001208DF81700234E04A9304604
:10508000FDF764FD082104918DF814508DF8174048
:1050900004A93046FDF75AFD072202213046FDF7EC
:1050A00093FD072203213046FDF78EFD4FF4E130DA
:1050B0000090ADF80440ADF80640ADF80840ADF8FA
:1050C0000C400C20ADF80A00104C6946204600F058
:1050D0006BF800F0C7F8012240F22441204600F0AE
:1050E00048F801226021204600F043F801224021C7
:1050F000204600F00DF801212046FFF79BFFFEF748
:1051000022FA06B070BD00000000024000440040DA
:10511000002A03D0828A0A4382827047828A8A43A5
:10512000828270470246002012880A4200D0012085
:10513000704770B5002440F66A12C1F3421301F0C3
:105140001F05012606FA05F2012B0CD0022B0DD00B
:10515000838A1340090A8E40008830400BB100B1A9
:105160000124204670BD83891340F3E7038A13406E
:10517000F0E710B540F66A13C1F3421301F01F04C3
:105180000121A140012B07D0022B07D014303AB1E6
:1051900002680A43026010BD0C30F8E71030F6E7F1
:1051A00002688A43026010BD7FB504460D46208A1E
:1051B00020F44051E88808432082A08941F20C6124
:1051C0008843A9882A8911436A8902431143A1812E
:1051D000A08A20F44071A8890843A0826846FFF79E
:1051E00037FA1E48844202D01D48844201D10398F8
:1051F00000E00298A189090408D500EBC00101EB89
:10520000001029684900B0FBF1F007E000EBC00195
:1052100001EB001029688900B0FBF1F06422B0FBBB
:10522000F2F109010B096FF018056B4300EB8300E5
:10523000A3891D044FF0320307D503EBC000B0FB78
:10524000F2F000F00700084306E003EB0010B0FBAB
:10525000F2F000F00F00084320817FBD00100140F4
:105260000014014010B590B001214805FFF7C6F9C0
:10527000254C00212046FCF7CFFC2046FCF787FD9B
:105280000028FAD12046FCF7D3FC01A8FCF7FEFD6C
:105290004FF0006001901D4802901D4803900021CE
:1052A00004914FF40060059006914010079008911A
:1052B000099180100A9040020B900C910D910E9173
:1052C0000F9101A92046FCF7B7FD12492046FCF7D3
:1052D00077FC012208212046FCF794FD01221021D1
:1052E0002046FCF78FFD012204212046FCF78AFDB1
:1052F000012202212046FCF785FD01212046FCF712
:105300008BFC10B010BD00008860024004440040D7
:1053100088AA0020400F0020C1F308018180704757
:10532000FEE7000010B50548FCF738FDC0F5006049
:1053300080B2B0F5006F00D3002010BD886002403D
:105340002DE9F04106460F4690460024002E10D06D
:105350007FB1B8F1000F0CD0FFF7E4FF33884FF4B2
:10536000006C634500D30023984205D3C01A85B270
:1053700006E00020BDE8F081C3F50061084485B275
:10538000454500D9454609480AE019465B1C425C80
:105390002146641C9BB2A4B27A54634500D3002317
:1053A000AC42F2D333802046E4E7000088AA002014
:1053B00010B504462046FFF7AFFF80212046FFF7D7
:1053C000B1FE0028F9D010BD0FB4054B10B503A9EC
:1053D000044A029800F058FA10BC5DF814FB000073
:1053E0003D680208C80100200FB4084B10B504A99D
:1053F00002AA039800F048FA044602A9002000F02F
:10540000DAFD204610BC5DF814FB0000B75F02080F
:105410004100080218BF04200A0E18BF40F0010026
:105420004FF07F4232EA010108BF40F0020001283C
:1054300008BF05207047000010EE100A10B510EEEE
:10544000901A4FF0684202EB40032DED028BB3F14E
:10545000654F3CBF02EB4102B2F1654F7CD200BF09
:10546000C0F3C753C1F3C7529A1A1B2A09DD10F0C3
:10547000004F14BF9FED6E0A9FED6E0ABDEC028BCC
:1054800010BD12F11A0F1BDA11F0004F09D010F005
:10549000004F0CBF9FED680A9FED680ABDEC028BC0
:1054A00010BD80EE208A18EE100AFFF7B1FF042825
:1054B00008BF00F009F9B0EE480ABDEC028B10BD40
:1054C0004200B2EB410F37D910F0004F19BFDFEDAA
:1054D0005C1A9FED5C1ADFED5C1A9FED5C1AB0EE72
:1054E000602A0A46F1EE400A80F00041B0EE420A1E
:1054F00010460A1A5200B2F1807F34D2484010F0B0
:10550000004FDFED532A9FED533A1DBFBEEE002A38
:1055100071EEE21A31EE431AB6EE002A04BF71EEC4
:10552000A21A31EE031AF0EE402A42EE602A40EE53
:10553000020A82EEA02A18E011F0004F04BF9FED8E
:10554000461AF0EE411AD4D010F0004F1CBFDFED28
:10555000431A9FED431A00E026E004BFDFED411A35
:105560009FED411AC5E780EE202A22EE020ADFED08
:105570003F0ADFED3F2ABDEC028B40EE202ADFED33
:105580003D0A40EE220ADFED3C2A40EE202ADFED04
:105590003B0A40EE220A22EE000A00EE201A31EE0B
:1055A000020A30EE210A10BD4FF07F42B2EB400FED
:1055B00028BFB2EB410F05D2BDEC028BBDE8104015
:1055C00000F07FB840EA01035B0008BF41F0FF41F3
:1055D0000BD0B2EB400F08BFB2EB410F08D120F067
:1055E000804000EE100A21F0804100EE901A37E76B
:1055F000B2EB400F12BF5FEA410240F0FF4001F002
:1056000000413FF42DAF4A0092EA40033FF528AF36
:10561000002AACBF9FED1A1A9FED1A1A20EE010A5C
:1056200060EE810A10EE100A10EE901A18E70000E2
:10563000DB0FC9BFDB0FC93FDB0F4940DB0F49C0A0
:105640000000C9BF22AAFDB90000C93F22AAFD3946
:105650000060ED3EC30ACE3700000000000049C0E4
:1056600022AA7DBA0000494022AA7D3A2DAD65BD2F
:105670008FB8D53D0FB511BE61C84C3EA8AAAABED1
:105680000000804F0000802F10B52DED028BB1EE91
:10569000C08A18EE100A20F00040C0F1FF40C00F91
:1056A0000AD010EE100A20F00040C0F1FF40C00FF9
:1056B00004BF012000F020F8B0EE480ABDEC028BD8
:1056C00010BD30EE200A70479FED020A20EE000A5E
:1056D000704700000000001002E008C8121F08C157
:1056E000002AFAD170477047002001E001C1121F63
:1056F000002AFBD170470000014908607047000094
:10570000CC0100202DE9FF5F82B00021DDE90430EB
:10571000020DDDF840B0034318D044F61050A2F259
:10572000FF3242431514119801281FD0A5EB0B003E
:10573000401C5FEA000A4FF000064E4FDFF8389138
:10574000B046504615D5CAF1000413E01198012463
:105750004AA3012801D16FEA0B010298119AC0E90E
:105760000031C0E9024206B0BDE8F09FCBF1000075
:10577000DFE704460021404A491842EB0450CDE9D6
:10578000001012E0E00707D032463B46404649464B
:10579000FAF794FE8046894632463B461046194643
:1057A000FAF78CFE06460F466410002CEAD1DDE9BC
:1057B0000401DDE90023BAF1000F06DAFAF77EFEF4
:1057C00042464B46FAF77AFE05E0FAF7E9FE424612
:1057D0004B46FAF7E5FE04460E460022284BFAF740
:1057E000A3FF03D84FF0FF30014607E00022254B0E
:1057F00020463146FAF7BBFDFBF7A5F8102409E077
:10580000002C0ADB0A220023FAF742FD039B303208
:105810001A55641E50EA0102F2D1641C039AC4F1C5
:1058200011031444119A012A03D0012208430DD117
:105830000AE0084304D000204FF0110B119072E7EA
:10584000A3EB0B056D1E0DE05B4504DD4FF0000280
:1058500005F1010504E003DA4FF00002A5F10105AE
:10586000002AECD002981199C0E90231C0E9004544
:1058700079E70000000014400000F03F3000000015
:105880000000F0430000E03F2DE9FF4F95B09B463C
:105890008946064600250FE2252877D100242746B1
:1058A000F84A0121059400E0044316F8013F203B2B
:1058B00001FA03F01042F7D130782A2811D06FF0A6
:1058C0002F033078A0F13002092A16D8059A44F047
:1058D000020402EB820203EB42021044761C0590A4
:1058E000EFE759F8042B0592002A03DA504244F4FA
:1058F0000054059044F00204761C30782E2816D10E
:1059000016F8010F44F004042A280DD06FF02F027E
:105910003078A0F13003092B09D807EB870302EB9D
:105920004303C718761CF3E759F8047B761C3078DC
:105930006C280FD006DC4C2817D068280DD06A28B8
:1059400014D104E0742810D07A280FD10DE044F46B
:1059500000140AE044F4801401E044F44014727826
:10596000824202D104F58014761C761C30786628B9
:105970000BD013DC582877D009DC002875D04528D7
:10598000F6D04628F4D047281AD19DE118E06328C4
:1059900035D0642879D0652812D195E1702873D06C
:1059A00008DC6728F1D069286FD06E280DD06F28E9
:1059B00006D1B5E073282CD0752875D0782874D01E
:1059C0005A46179990476D1C75E1C4F3025002289E
:1059D00009D003280DD0D9F8001004280DD00D608F
:1059E00009F1040967E1D9F80010EA17C1E900528A
:1059F000F6E7D9F800100D80F2E70D70F0E719F81E
:105A0000041B8DF8001000208DF80100EA460120EB
:105A100003E059F804AB4FF0FF3061074FF000018D
:105A200002D40DE008F101018846B9420FDA804541
:105A3000F8DB1AF808100029F4D108E008F1010198
:105A400088468142FADB1AF808100029F6D1059839
:105A50005B46A0EB080721463846179A00F094FAF7
:105A6000284400EB080507E04DE029E10DE01AF8B5
:105A7000010B5A4617999047B8F10108F7D25B46D7
:105A800021463846179A13E142E00A220092C4F3F5
:105A900002524FF0000A022A08D059F804CB032A18
:105AA0004FEAEC710AD00DE029E02AE009F1070184
:105AB00021F00702F2E802C1914609E00FFA8CFCDE
:105AC0004FEAEC71042A03D14FFA8CFC4FEAEC71D7
:105AD000002907DA0A460021DCF1000C61EB020123
:105AE0002D2202E0220504D52B228DF8042001226C
:105AF00003E0E20701D02022F7E7904659E00A21AF
:105B000002E010220DE010214FF0000A00910BE09E
:105B100010224FF0000A44F004040827009203E02A
:105B200008224FF0000A0092C4F30252022A05D064
:105B300059F804CB0021032A08D009E009F1070134
:105B400021F00702F2E802C1914605E01FFA8CFC41
:105B5000042A01D10CF0FF0C4FF00008220728D5D1
:105B6000702806D0009B83F0100353EA0A0305D087
:105B70000EE040228DF80420012208E05CEA0102D8
:105B800006D030228DF804208DF8050002229046C0
:105B9000009B83F0080353EA0A030AD15CEA01027E
:105BA00001D1620705D530228DF804204FF001089D
:105BB0007F1E582804D034A003900EA802900DE058
:105BC00036A0F9E753466046009AFAF761FB84462F
:105BD0000398825C0298401E029002705CEA010009
:105BE000F0D1029806A9081A00F1200A600702D530
:105BF00024F4803400E00127574502DDA7EB0A00BA
:105C000000E0002000EB0A01009005984144401A92
:105C10000590E00306D45B462146179A059800F0EC
:105C2000B3F90544002706E001A85A46C05D17995C
:105C300090476D1C7F1C4745F6DBE0030CD55B46A7
:105C40002146179A059800F09FF9054404E030209A
:105C50005A46179990476D1C0099481E00900029DC
:105C6000F5DC08E0029802995A460078491C029136
:105C7000179990476D1CBAF10001AAF1010AF1DCF5
:105C800065E1000009280100303132333435363700
:105C90003839616263646566000000003031323378
:105CA0003435363738394142434445460000000018
:105CB00000F058F90544761C307800287FF4ECADEC
:105CC00019B02846BDE8F08F620700D4062709F115
:105CD000070222F0070CFCE80223E14603F000482B
:105CE0005FEA080C02D00FF2702C0DE05FEA045C52
:105CF00002D50FF2682C07E05FEAC47C02D00FF2F5
:105D0000602C01E0AFF2700C4FF0FF3823F000433D
:105D1000CDF850C065280CD006DC452809D04628AF
:105D20001DD047283DD13DE0662818D067287ED198
:105D300038E00021112F01DB112000E0781CCDE9B3
:105D4000000106A90EA8FFF7DDFCDDE90F010E9AA0
:105D500003910021009207F1010A04914DE04FF0F8
:105D600000400097CDE9011006A90EA8FFF7CAFC74
:105D7000DDE90F0203920E9B11990022DDF80CA0C1
:105D80000093049211B9791C00EB010AB7EB0A00E9
:105D900004D4C0F1FF3007F1010A0490AAEB070018
:105DA000019044E0012F00DA01270021112F01DDCD
:105DB000112000E03846CDE9000106A90EA8FFF742
:105DC000A1FCDDE90F010E9A0391002104910092DC
:105DD000BA4621070CD40399514500DA8A46BAF134
:105DE000010F05DD009AAAF10101515C302908D0AC
:105DF000B84202DA10F1040F06DA0121CDE90110F0
:105E000015E0AAF10101E9E7002805DC0499014445
:105E10000491AAEB000102E0411C514500DD8A46D5
:105E20000499401A401C01904FF000400290200756
:105E300004D40198504501DBCDF8048000208DF892
:105E40004F0002980DF14F07B0F1004F25D02B20E5
:105E50000E9002984FF0020800280CDA404202909F
:105E60002D200E9007E00A210298FAF791FC3031BC
:105E7000029007F8011DB8F10001A8F10108F2DC59
:105E800002980028EFD1791E0E980870307800F043
:105E9000200040F0450007F8020D12A8C01B00F1D9
:105EA00007081498007800B1012000EB0A0101985E
:105EB00001EBE07105984144401A401E0590E00353
:105EC00006D45B462146179A059800F05DF8054414
:105ED0001498007818B15A46179990476D1CE00342
:105EE00024D55B462146179A059800F04DF80544E5
:105EF0001CE00498002807DBDDE90301884203DD8C
:105F00000098405C179901E0179930205A46904755
:105F1000049805F10105401C04900198401E019071
:105F200004D12E205A46179990476D1CBAF10001F2
:105F3000AAF1010ADDDC05E017F8010B5A461799B2
:105F400090476D1CB8F10001A8F10108F4DC5B4634
:105F50002146179A0598ABE62D0000002B000000A3
:105F6000200000002DE9F041044600251E4617469A
:105F7000880404D405E039462020B0476D1C641E17
:105F8000F9D52846BDE8F0812DE9F0410446002509
:105F90001E469046C80301D5302700E0202788041C
:105FA00004D505E041463846B0476D1C641EF9D55E
:105FB0002846BDE8F0810A68531C0B6010707047DA
:105FC00010B588B001210420FEF726FB0020ADF8B3
:105FD00016008DF81E004CF24F310691C721ADF826
:105FE0001410ADF81C000B4C05A92046FEF7A8FFC5
:105FF0006846FEF79BFF6021ADF8001040F6C41123
:1060000002910121ADF8021069462046FEF75CFFBF
:1060100008B010BD0008004038B5FDF75DFA002457
:10602000084D0094234622460321E86904F04AF90A
:10603000002300941A460521E86904F043F9EC6155
:1060400038BD00001000002030B5174B0125197D28
:10605000002907D0996B0024884207D1D863DC74EB
:10606000084630BD9863D8631D7530BD02D9A0EBDA
:10607000010201E0A1EB0002022A03D39863D86376
:10608000DC7430BDDA6B904203D0D863DD7408460F
:1060900030BDD97C491CC9B2D974022901D3986397
:1060A000DC74986B30BD00001000002038B5044649
:1060B000062000900323224604215420FDF7E8FB2C
:1060C0000623252204216620FDF75AFB2148642C73
:1060D00021D0A4F10A015A2925D2102300901A4692
:1060E00000216E20FDF77AFB0A20B4FBF0F1B4FB2F
:1060F000F0F0C1F10A01CAB2703000B206230521E6
:10610000FDF7AAFA01B00823BDE8304006220421B9
:106110005520FDF7A1BA102300901A4600216E20E9
:10612000FDF75CFB38BD102300901A4600216E205D
:10613000FDF754FB06230A2205217020FDF78CFA97
:1061400001B00823BDE830400C2204215520FDF7A2
:1061500083BA000045BA020870B500211E480368E2
:106160001E480288002A35D0002004E033F8104091
:106170002144401C80B29042F8D3B1FBF2F0184C9D
:1061800060630020616BB1F5006F08D9606B64211A
:10619000A0F5006048434FF4F071B0FBF1F06428C3
:1061A00000D96420FFF750FF0546FAF7DFFD00280D
:1061B00010D06421E06C03F06DFB01280AD1A8B275
:1061C000FFF774FFE06CBDE8704000231A461946E3
:1061D00003F0C4B970BD000060010020640100201C
:1061E000100000207FB5FAF7C1FD00285FD0304DC8
:1061F0006421E86C03F04EFB012858D1A87CD8B389
:1062000080F00100A874FDF767F901A8FBF78AFF89
:1062100001A8FBF7BFFF05F11806F47830789DF868
:106220000610884205D311D170789DF80510884278
:106230000CD29DF80700401CC4B29DF80810BDF8B0
:106240000A0000F011FB844200D9012419481023F0
:1062500000901A462D216420FDF7C0FA0120FBF7BB
:1062600026FE32787178B0782346FBF77AFE01215A
:106270000846FBF740FE11E0FFE70120A874FDF798
:106280002BF910231A462D216420FDF7E5F9002192
:106290000120FBF730FE0120FBF709FEE86C04B09B
:1062A0000023BDE870401A46194603F057B97FBD78
:1062B000100000205FBB020814481449C07918314F
:1062C00000280BD0012810D0022815D0032804D1B3
:1062D000C878012817D0401EC8707047887810B160
:1062E000401E887070473B20FBE7487810B1401E85
:1062F000487070473B20FBE7087810B1401E0870DB
:1063000070471720FBE71F20E6E700001000002081
:1063100010B52048204C827920886188072A09D24C
:10632000DFE802F0040B1219232A3000608910B153
:10633000401E608110BD3B20FBE7208910B1401E4C
:10634000208110BD3B20FBE7E08810B1401EE080BB
:1063500010BD1720FBE700F5FA6000F085FAA18870
:10636000012900D0481EA08010BD012902D0491E7D
:10637000618010BD0C21FBE710B1401E208010BDD4
:106380006320FBE7A089012802D0401EA08110BD38
:106390000720FBE710000020D001002010B50146C7
:1063A000084600F008FF20B114A0FFF70DF8002008
:1063B00010BD91F9000001EB80004368012008E066
:1063C00001EB80025468421E01EB82025460401CC3
:1063D000C0B28A788242F3D88878401E40B2887072
:1063E00000240C7038B1421E52B24A7001EB80009A
:1063F0004460184610BD4FF0FF32F6E751756575E1
:106400006520656D7074792C20646571756575659E
:10641000206661696C65642E0A00000038B503F0DF
:10642000C9FC04461C4DD5ED040A95ED051A30EE65
:10643000C10AF4EEC10AF1EE10FA11DD687828B94C
:1064400001206870DFED150AC5ED060AD5ED060AD4
:10645000B4EEE00AF1EE10FA01DD85ED060A38BD72
:1064600068780028FBD00E49A869884211DDE869E8
:10647000201AB0F5967F0CD9A888401CA880ADF8EA
:1064800000000848022300226946006803F066F80D
:10649000EC610020687038BD700100200000000031
:1064A000B81E053E7800002010B5264CA0780028C4
:1064B00046D103F07FFC244AE16A914201DD0122CA
:1064C00000E0002294ED100AB0EEC00A10EE103A7F
:1064D0001E498B4209DA94ED110AB0EEC00A10EEA3
:1064E000103A8B4201DA012100E00021BAB1B1B1CA
:1064F000216A01B92062216A401AFA2820D9E0787D
:1065000000281DD10120E0708D20FDF7BDFA142078
:10651000FDF7BAFABDE81040AF20FDF7B5BA00208C
:106520002062E17801290BD1E0708D20FDF7ACFAF3
:106530001020FDF7A9FABDE81040AE20FDF7A4BA7F
:1065400010BD000070010020CDCCCC3E00000C42FC
:1065500000210148FEF795BC00040040F8B505464F
:10656000002917D00A24B5FBF4F2062601233721AF
:106570003E200096FDF78CF9B5FBF4F004FB1052B9
:106580000123372144200096FDF782F9BDE8F84049
:10659000FDF766BA0823062237213E20FDF75CF896
:1065A00001B00823BDE8F040062237214420FDF762
:1065B00053B8F8B50546002917D00A24B5FBF4F204
:1065C0000C260123142110200096FDF761F9B5FB7C
:1065D000F4F004FB1052012314211C200096FDF757
:1065E00057F9BDE8F840FDF73BBA18230C221421F7
:1065F0001020FDF731F801B01823BDE8F0400C225F
:1066000014211C20FDF728B8F8B50546002917D03D
:106610000A24B5FBF4F20C26012314213420009641
:10662000FDF736F9B5FBF4F004FB105201231421F9
:1066300040200096FDF72CF9BDE8F840FDF710BAB0
:1066400018230C2214213420FDF706F801B018237A
:10665000BDE8F0400C2214214020FCF7FDBFF8B546
:106660000546002917D00A24B5FBF4F206260123BB
:10667000372128200096FDF70BF9B5FBF4F004FB59
:106680001052012337212E200096FDF701F9BDE8B5
:10669000F840FDF7E5B90823062237212820FCF74A
:1066A000DBFF01B00823BDE8F040062237212E2091
:1066B000FCF7D2BFF8B50546002917D00A24B5FB70
:1066C000F4F20C260123142158200096FDF7E0F87F
:1066D000B5FBF4F004FB1052012314216420009652
:1066E000FDF7D6F8BDE8F840FDF7BAB918230C223B
:1066F00014215820FCF7B0FF01B01823BDE8F0408A
:106700000C2214216420FCF7A7BF08B500290BD088
:10671000062102460091012337215520FDF7B8F8E4
:10672000BDE80840FDF79CB901B0082306223721D7
:1067300055205DF804EBFCF78FBF08B500290BD09E
:10674000062102460091042337210620FDF7A0F818
:10675000BDE80840FDF784B906220823372110461A
:10676000FCF77AFF0823062237210C20FCF774FF80
:106770000823062237211220FCF76EFF01B0082300
:106780000622372118205DF804EBFCF765BF0000F6
:1067900001200D490968002901D0002070470B49EC
:1067A000096809B10020704708491C398A690AB193
:1067B00000207047044A896828321268491E8A42BC
:1067C000F7D102207047000024A50020FC00002023
:1067D00010B5064C012211462046FEF76AFB204602
:1067E000BDE810400121FEF74CBB00000004004052
:1067F00010B50246104600F0E5FC20B1BDE810409F
:1068000006A0FEF7E1BD907802EB800359600021FD
:10681000117050709078401C907010BD5175657566
:10682000652066756C6C2C20656E717565756520CC
:106830006661696C65642E0A0000000070B504464C
:10684000FDF7E2FD08B1204670BD064DA1B2284615
:10685000FEF762FD80212846FEF764FC0028F9D08F
:10686000204670BD004400401EB50B4609A2D2E987
:1068700000149268CDE901420091022B04D100F08E
:1068800087FC08B11D201EBD0DEB030010F8010CA4
:106890001EBD00001F1C1F1E1F1E1F1F1E1F1E1FB0
:1068A0002DE9FF5F814615461E46DFF8F4814FF45F
:1068B000003421464046FCF77AFC0128F9D001213A
:1068C0004046FCF75CFC774C40462146FCF76FFCE9
:1068D0000028F9D0DFF8D0A140465146FCF740FC33
:1068E0004FEA4960010E4046FCF7E3FC6D4F7F1C08
:1068F00039464046FCF75BFC01280DD05146404626
:10690000FCF755FC0128F3D101214046FCF743FC7C
:10691000012004B0BDE8F09FC34614215846FCF79F
:10692000BDFC18215846FCF7B9FCDFF8788108F166
:106930007F0841465846FCF73AFC0028F9D05846F3
:106940000199FCF7B6FC41465846FCF730FC00289C
:10695000F9D001215846FCF712FC21465846FCF7B5
:1069600026FC0028F9D051465846FCF7F9FB0120D7
:1069700000EB4900C1B25846FCF79BFC394658462B
:10698000FCF715FC01280BD051465846FCF70FFCCC
:106990000128F3D101215846FCF7FDFB0220B8E79E
:1069A000DFF80081012E08F13F0810D0022E29D017
:1069B00014215846FCF772FC18215846FCF76EFC6F
:1069C00001215846FCF7C0FB0024771E4FE014213C
:1069D0005846FCF763FC18215846FCF75FFC002181
:1069E0005846FCF7B1FB01215846FCF7D4FB414661
:1069F0005846FCF7DCFB0028F9D05846FCF756FC5B
:106A000028704AE014215846FCF748FC18215846E3
:106A1000FCF744FC01215846FCF796FB41465846DA
:106A2000FCF7C5FB0028F9D05846FCF73FFC28705E
:106A300000215846FCF788FB01215846FCF7ABFBC8
:106A400041465846FCF7B3FB0028F9D05846FCF7FE
:106A50002DFC687021E041465846FCF7A8FB002851
:106A6000F9D05846FCF722FC2855641CA4B2BC425D
:106A7000F1DB00215846FCF767FB01215846FCF783
:106A80008AFB41465846FCF792FB0028F9D058464D
:106A9000FCF70CFCA91901F8010C002039E70000F3
:106AA0000054004001000010000400102DE9F047E0
:106AB00004460F4690463B4D4FF40036314628467B
:106AC000FCF775FB0128F9D001212846FCF757FB9C
:106AD000354E28463146FCF76AFB0028F9D0334E84
:106AE00028463146FCF73CFB21462846FCF7E1FBF3
:106AF0002D4C641C21462846FCF759FB01280CD07C
:106B000031462846FCF753FB0128F3D101212846E2
:106B1000FCF741FB0320BDE8F08714212846FCF771
:106B2000BDFB18212846FCF7B9FB0024DFF878905C
:106B300009F17F0911E001212846FCF72CFB022016
:106B4000E9E749462846FCF732FB012807D1395DC1
:106B50002846FCF7AEFB641CA4B2444506D231467D
:106B60002846FCF724FB0128EBD1E4E70E4CE41C9B
:106B70000BE001212846FCF70EFB0120CBE7214664
:106B80002846FCF714FB012806D031462846FCF7BE
:106B90000EFB0128F3D1ECE701212846FCF7FBFAB4
:106BA0000020B8E70054004001000010000400106D
:106BB00038B504460D4603F0FDF828601C4D6421ED
:106BC000286C02F067FE002811D0012C10D0022C96
:106BD00014D0032C25D0042C26D0214615A0FEF776
:106BE000F3FB00231A461946286C02F0B7FC38BDA7
:106BF000E879401C00F00300E871F2E715A0FEF709
:106C0000E3FB0020E8702871E87101208DF8000096
:106C10008DF80100002364226946686D02F09EFC35
:106C2000DFE700F01BFADCE7FFF746FBD9E70000DF
:106C300010000020556E6B6E6F776E20616C617274
:106C40006D2073657474696E67206B65793A2025D1
:106C5000640A0000536176696E6720616C61726D31
:106C60002073657474696E677320616E6420657843
:106C70006974696E670A00002DE9FC4704469D4D62
:106C80006421286C02F006FE012820D0EE786F798E
:106C900095F8048095F8019036B3012E6FD16421E8
:106CA000286C02F0F7FD002869D00420002F7CD06A
:106CB0008DF804008DF805400021E86D02F004FC19
:106CC00000230A2201A9E86D02F048FC0BE1EE78EE
:106CD0006F7995F8048095F8019000231A461946BB
:106CE000286C02F03BFCD7E7002701264FF0020892
:106CF000B9F1030F36D1092C34D103F05BF8A97B2D
:106D000011B101290DD02DE0E862AE738DF800605D
:106D10008DF8017000230A226946286E02F01EFCDD
:106D200020E0E96A411AAF73B1F5FA7F0AD28DF813
:106D300000808DF8017000231A466946286E02F023
:106D40000DFC0FE0E862E87BD8B10020E873AE7379
:106D50008DF800608DF8010000231A466946286E00
:106D600002F0FCFB012C6ED0022C6ED0042C0AD059
:106D7000092C04D1E878002801D1FFF733FABDE8E7
:106D8000FC870120E2E76421286C02F083FD0028E3
:106D9000F5D0EF70687800F00300401C6870F9F7D8
:106DA000E5FF88B36421E86C00E08BE002F072FD3F
:106DB000012829D1FCF73CFC6878012804D003287D
:106DC00008D004281AD108E0FBF710FB0020FBF7DD
:106DD000E7FA13E0FAF7FAFD10E0FBF735FB10B91C
:106DE000FBF71BFB30B30020FBF7DAFA0022114659
:106DF0001046FCF733F90A2002F07EF800231A4609
:106E00001946E86C02F0AAFB8DF8046068788DF8EA
:106E100005000021686D02F057FB00230A2201A93A
:106E2000686D02F09BFB00231A461946286C02F09D
:106E300095FBA4E70120FBF7B3FA002211461046A8
:106E4000FCF70CF9D7E71FE0FFE76421286C02F09C
:106E500021FD002893D0EE702E716F7103208DF804
:106E600004008DF805600021A86D02F02DFB0023C1
:106E70000A2201A9A86D02F071FB00231A461946E7
:106E8000286C02F06BFB7AE76421286C02F002FDAB
:106E90000028CED0EE702F716E718DF804808DF8C1
:106EA00005600021E86D02F00FFB00230A2201A912
:106EB000E86D02F053FB00231A461946286C02F0D5
:106EC0004DFB5CE7B8F1000F0DD08DF804008DF894
:106ED00005400021A86D02F0F7FA00230A2201A95B
:106EE000A86D02F03BFB00231A461946286C02F0FD
:106EF00035FB44E71000002038B504460D4602F08B
:106F000059FF28601D4D6421286C02F0C3FC002845
:106F100032D0012C06D0022C17D0032C21D0042C07
:106F200024D121E016A0FEF74FFA0020E870687126
:106F3000A87101208DF800008DF8010000231A4689
:106F40006946686D02F00AFB10E0A879401C072131
:106F5000B0FBF1F201FB1201A97116A0FEF734FAA1
:106F600004E000F0B1F801E0FFF7D2F900231A467F
:106F70001946286C02F0F2FA38BD0000100000201B
:106F8000536176696E6720616E6420657869746903
:106F90006E672074696D6520736574206D6F64651C
:106FA000202D204B657920312070726573736564E4
:106FB0000A00000053657420736869667420636872
:106FC000616E67656420746F3A2025640A000000D2
:106FD00010B586B001210220FDF710FB0121480504
:106FE000FDF71AFBC020049002208DF81400012147
:106FF0008DF816108DF817108DF81500144C04A993
:107000002046FBF7A3FD042206212046FBF7DCFD0A
:10701000042207212046FBF7D7FD0020ADF804002D
:107020002015ADF80A000001ADF80C0009480090E9
:107030004BF6FF70ADF80600074C69462046FCF79A
:10704000CFF801212046FCF78EF806B010BD0000F5
:1070500000040240801A0600005400401948194AF2
:107060003C21C0791832002812D0012818D00228FB
:107070001ED003280BD1D0781F21B0FBF1F301FB08
:107080001300401CD070002801D10120D07070473F
:107090009078401CB0FBF1F301FB13009070704737
:1070A0005078401CB0FBF1F301FB130050707047A7
:1070B0001078401C1821B0FBF1F301FB1300107095
:1070C000704700001000002030B52848284C3C22B2
:1070D000837920886188072B0CD2DFE803F0040C49
:1070E000141D29353D006089401CB0FBF2F102FB04
:1070F0001100608130BD2089401CB0FBF2F102FB21
:107100001100208130BDE088401C1821B0FBF1F255
:1071100001FB1200E08030BD00F5FA60FFF7A4FB30
:10712000A18891FBF0F200FB1210401CA08030BD42
:107130000C20B1FBF0F200FB1210401C6080002814
:10714000F5D10120608030BD401C6421B0FBF1F21C
:1071500001FB1200208030BDA0890721B0FBF1F2B5
:1071600001FB1200401CA08130BD00001000002077
:10717000D001002000220270FF21417082700021A6
:1071800000EB81035A60491CC9B20729F8D3704744
:10719000810705D1642190FBF1F201FB120141B995
:1071A0004FF4C87190FBF1F201FB120008B100200E
:1071B0007047012070478078002801D00020704778
:1071C000012070478078072801D0002070470120F7
:1071D00070473038092801D80120704700207047D7
:1071E00010B5FDF725F8FDF731FFFBF7BFFB00F009
:1071F000CBF9FBF7C3FB002010BD10B580216B203D
:1072000000F09CF80A2001F077FE00216B2000F0CE
:1072100095F818211B2000F091F80021BDE81040DE
:107220001C2000F08BB800002DE9FF410E226946BA
:107230003B2000F07DF89DF801009DF8001040EA29
:10724000012000B29DF803109DF8022041EA0221BE
:1072500009B29DF805209DF8043042EA032212B2DB
:107260009DF807309DF8064043EA04231BB29DF8C1
:1072700009409DF8085044EA052424B29DF80B50BB
:107280009DF80A6045EA06252DB29DF80D609DF82F
:107290000C7046EA072636B200EE100A2148F8EED6
:1072A000C00A90ED020A80EE801A80ED091A00EE05
:1072B000901AF8EEE00A80EE801A80ED0A1A00EECD
:1072C000902AF8EEE00A80EE801A80ED0B1A00EEAC
:1072D000104AF8EEC00A90ED030A80EE801A80EDA5
:1072E0000C1A00EE905AF8EEE00A80EE801A80ED5B
:1072F0000D1A00EE906AF8EEE00A80EE801A80ED3A
:107300000E1A00EE103A9FED081AF8EEC00A80EE51
:10731000810ADFED060A30EE200A80ED0F0ABDE893
:10732000FF810000700100200000AA43B81E124235
:1073300013460A4601466920FFF7B2BA08B58DF830
:1073400000008DF8011002226946D220FFF7AEFB43
:1073500008BD30B50346032903D005291DD0002000
:1073600030BD58783A2801D0002030BD197817294F
:1073700002D898783B2837D90846FFF72AFF50B142
:107380009878FFF726FF30B118783038C1B2987876
:107390003038C0B228E0002030BD1878FFF719FF60
:1073A00040B35878FFF715FF20B398783A2821D1D9
:1073B000D878FFF70EFFE8B11879FFF70AFFC8B1D8
:1073C00018785978303800EB80006FF02F0404EB08
:1073D00040000844C1B2D8781D79303800EB8000F5
:1073E00004EB40002844C0B2172901D83B2803D938
:1073F000002030BD002030BD11705070012030BD24
:10740000F0B502461078FFF7E4FE002871D05078FE
:10741000FFF7DFFE00286CD090782F2869D1D07854
:10742000FFF7D7FE002864D01079FFF7D2FE0028BE
:107430005FD050792F285CD19079FFF7CAFE0028E1
:107440007FD0D079FFF7C5FE00287AD0107AFFF7F9
:10745000C0FE002875D0507AFFF7BBFE002870D020
:10746000907A20286DD1D07AFFF7B3FE002868D03B
:10747000107BFFF7AEFEE0B3507B3A2861D1907BE2
:10748000FFF7A7FEA8B3D07BFFF7A3FE88B3107C5D
:107490003A2856D1507CFFF79CFE50B3907CFFF702
:1074A00098FE30B310785478303800EB80006FF0DD
:1074B0002F0303EB40002044C4B2D0781579303854
:1074C00000EB800003EB40002844C5B29079567A67
:1074D000303800EB4007C7EBC01006EBC006D07990
:1074E0003038642710FB07F7107A303800EB800043
:1074F00000E026E007EB40003044303880B2D67A16
:10750000177B303E06EB860603EB46063E44F6B29A
:10751000977B92F80FC0303F07EB870703EB4707D5
:107520006744FFB292F812C0527C303A02EB8202FA
:1075300003EB42026244D2B2631E0C2B03D3002041
:10754000F0BD0020F0BD6B1E1F2B01D30020F0BD4D
:10755000172E03D83B2F01D83B2A01D90020F0BDBC
:10756000A0F5FA63642B01D30020F0BD6423B0FBC7
:10757000F3FC03FB1C0008704C708D70CE700F7113
:107580004A710120F0BD00002DE9FC4101210220DB
:10759000FDF734F84FF40055009500248DF80540B0
:1075A0008DF8064001268DF804600E4F6946384676
:1075B000FBF7CCFA012229463846FBF721FB6D1078
:1075C00000958DF805408DF806408DF804606946F9
:1075D0003846FBF7BBFA002229463846FBF710FB7A
:1075E000BDE8FC810004024010B5184C94ED090A76
:1075F000D4ED0A0A20EE000A00EEA00AD4ED0B0A30
:1076000000EEA00AFEF740F8207828B984ED040ABD
:1076100084ED050A01202070D4ED040A9FED0C1AB8
:1076200060EE810A9FED0B1A40EE010AC4ED040AD8
:10763000D4ED050A9FED081A60EE810A9FED071A46
:1076400040EE010AC4ED050A10BD000070010020E3
:10765000CDCC4C3FCDCC4C3E52B87E3F0AD7A33B5D
:107660002DE9F04704468946204DEE686F6BD5F84A
:1076700038802868001D01F0DFFA38B9286890F8D2
:107680002C1001208840296981432961601C17D191
:10769000B9F1000F14D0164948682A6890608268D2
:1076A0002B68DA602A688368121D5A602A68121DE6
:1076B0008260286841610868401C0860BDE8F08766
:1076C000344428684460B44206D229684046BDE884
:1076D000F047091D01F006BB29683846091D01F075
:1076E00001FBA86A8442E9D2AC62E7E7E00000202F
:1076F0004CA5002070B5044601F018FB254DA86884
:10770000401CA860286810B1686938B10CE02C6092
:10771000A868012808D100F029FA05E02868E16A84
:10772000C06A884200D82C60686A401C6862606445
:10773000E06A01212A69814011432961164A00EB60
:10774000800002EB80004068A0608168E16083688F
:10775000211D59608160E06A00EB800002EB80012E
:10776000616152F82010491C42F8201001F0ECFA37
:10777000686900280CD02868E16AC06A884207D28C
:1077800006494FF080500860BFF34F8FBFF36F8FF3
:1077900070BD0000E000002034A4002004ED00E0F3
:1077A00010B501F0C3FA0C4C206880B90B4801F009
:1077B0008BFA0A48143001F087FA0848E060143068
:1077C000206100220C210A2001F05DFE2060BDE84E
:1077D000104001F0B9BA00002001002060A500208F
:1077E00070B50C4D0C4E11E001F0A0FAF068C468C1
:1077F000201D01F021FAA868401EA8606868401E9C
:10780000686001F0A1FA204600F0ACF86868002832
:10781000EAD170BDE000002038A5002030B40B464E
:10782000026C002A0CD0C1681144C1608468A14276
:1078300001D30168C160C16830BC1846F8F759BD72
:1078400030BC70472DE9F041044617460026A56B71
:10785000226C002A10D0C7B1E068F8F74AFDE16851
:10786000206C091AE1602268914202D2A168081ACC
:10787000E060022F16D017E02068A8B9A06802F0D7
:1078800035FB06460020A0600EE06068F8F731FD89
:10789000216C606808446060A168884204D3206855
:1078A000606001E005B16D1E6D1CA5633046BDE84A
:1078B000F0810000F0B587B0002003AA0EA1095C9A
:1078C000115411B1401C1028F8DB00240C4E002587
:1078D0004FF480770B4806EB8401CDE9005100237B
:1078E0003A4603A902F094F8002802D0641C012C47
:1078F000F0DB07B0F0BD000049444C45000000003B
:107900001C010020317A02082DE9FF5F8146DDE984
:107910000E788A4616469B46B00000F041FB0546AD
:1079200028000ED0602000F03BFB04462CB1602103
:107930002046F8F7F7FC256304E0284601F010FA2A
:1079400000E0002454B10020CDE90240CDE90078E8
:107950005B4632465146484600F0ABF804B020463C
:10796000BDE8F09F10B50446206B01F0F9F9204600
:10797000BDE8104001F0F4B9416A002904D0006B61
:107980000068C0F10A0070470020704700200B49D2
:107990000A69012A00D901200A68D26A0AB10020C6
:1079A0007047074A1268012A01D90020704708B1C0
:1079B00000207047886AC968401A7047E0000020BC
:1079C00034A400200749CA681168002904D00021A6
:1079D000016019B1002070470121F9E7D068006803
:1079E00070470000200100204FF420410E4842075C
:1079F00006D0C01D20F007000B49411AC1F52041F7
:107A00000A4A1060002353600144083921F007013D
:107A1000143A11604B600B600B1A436001604068C0
:107A2000906050607047000034040020D8000020AF
:107A30000E4C4FF080550E4EFFF7D2FE2068012805
:107A400004D93560BFF34F8FBFF36F8FFFF79EFFF1
:107A50000228F1D301F04EFCFFF798FF022801D372
:107A600001F0BAF902F04AFBE6E7000034A4002076
:107A700004ED00E0002808D0002181600160C160B1
:107A800000231A46194601F069BD704770B51D46BE
:107A9000049C00290BD02260E06321640121204670
:107AA00001F012FD84F850500020A06470BD2460E5
:107AB000F2E72DE9F0478146DDE908570A9C0E46BA
:107AC00090469A464FEA8801A522206BF8F723FCDE
:107AD000206BA8F1010800EB880020F0070866B1D0
:107AE00000202218315C82F83410315C11B1401C46
:107AF0001028F6D3002084F843000A2D00D309256E
:107B0000E562E564201D01F0EAF804F1180001F0D7
:107B1000E6F82461C5F10A00A06164625246494654
:107B2000404600F09FFA2060002F00D03C60BDE886
:107B3000F0872DE9F0470546DDE908940E469046AA
:107B40001F46FFF72DFE2560A661E761C4F820906F
:107B5000201D01F0C4F8B8F1000F04D014F8280F6C
:107B600040F004002070BDE8F087000070B50024EC
:107B7000114D04EB840005EB800001F0A5F8641CB6
:107B80000A2CF6D30C48C83001F09EF80A48DC30C5
:107B900001F09AF80848F03001F096F8074801F033
:107BA00093F80648143001F08FF8044904483C3932
:107BB00041631431816370BD34A4002038A50020D6
:107BC000E000002030B5134900E011460A68824207
:107BD000FBD34B685C18844203D14068184448606A
:107BE00008460D6844682318AB420DD1094B143B7D
:107BF0001B689A4206D05268224442600A681268A2
:107C0000026002E0036000E00260814200D0086090
:107C100030BD0000D800002070B500244160006134
:107C20000C4D91420AD8D11A8269914201D30124A4
:107C30000EE0011D286901F055F809E09A4203D2CF
:107C4000994201D3012403E0011DE86801F04AF8DC
:107C5000204670BD2001002010B5044601F066F8F2
:107C6000A06B20B1002401F06FF8204610BD012464
:107C7000F9E710B5044601F059F8A06BE16B8842B2
:107C800001D1012400E0002401F05EF8204610BD7F
:107C9000F1B50098846C0026A06BE16B884210D28D
:107CA00094F94550002269462046FFF7CBFD064671
:107CB000681C08D000F0D2FF854202D26D1C84F807
:107CC00045503046F8BD606A0028FAD004F124001F
:107CD00002F0ACF90028F4D00126F2E770B50546B1
:107CE0000E460D48C068C068C468201D00F0A4FF9F
:107CF00094F82800410705D532462946204600F071
:107D0000AFF803E000F0FE0084F828002046216A66
:107D1000BDE8704008470000200100207FB500202A
:107D2000019002900390324E5AE00198002857DBF0
:107D3000039C606910B1201D00F07EFF684600F0D2
:107D4000B3F8054601980A284AD2DFE800F0490551
:107D500005282E3D0505282E94F8280040F0010046
:107D600084F828000298A169034601442A46204667
:107D7000FFF752FF38B394F82800410707D502985F
:107D8000A1692A460144204600F06AF803E000F0A9
:107D9000FE0084F82800216A2046884720E014F875
:107DA000280F00F0FE0020701AE094F8280040F040
:107DB000010084F828000298A06141192B462A4648
:107DC0002046FFF729FF0BE094F82800810703D431
:107DD000204600F0C5FF03E000F0FE0084F8280014
:107DE000002201A9306801F0D3FC00289DD17FBD9D
:107DF00020010020F8B506460D4601F07BFA6846E2
:107E000000F052F80446009810B102F077F9F8BD7E
:107E100045B9A64206D802F071F921463046FFF76F
:107E20005DFFF8BD0C481DB10169096891B10025DD
:107E3000311B2A46006801F03BF802F05FF9002888
:107E4000EFD106494FF080500860BFF34F8FBFF36A
:107E50006F8FF8BD0125EBE72001002004ED00E065
:107E600070B505460C46164604E0A8690444296A24
:107E700028468847A8692346011932462846FFF755
:107E8000CBFE0028F1D170BD0648416B096800297E
:107E900004D0416BC9680968816270474FF0FF31B7
:107EA00081627047E000002070B5054601F082FF56
:107EB0000446074EB068844204D200F00BF801205B
:107EC000286001E000202860B460204670BD0000FA
:107ED0002001002070B5094C4FF0FF3504E0C06868
:107EE00000682946FFF7FAFEE0680268002AF6D12A
:107EF000E0682169E160206170BD00002001002080
:107F0000502080F31188BFF34F8FBFF36F8FFEE7D0
:107F100008B56846FFF756FD0099FFF76BFFFFF7BE
:107F2000FDFEF6E72DE9F041044600F0FFFE94F96E
:107F3000455004F1240612E0A06C30B12046FFF752
:107F4000A7FE50B101F0C6F807E0606A48B13046BC
:107F500002F06CF808B101F0BDF86D1E6DB2002D95
:107F6000EADC4FF0FF3684F8456000F0EDFE00F0EB
:107F7000DDFE94F9445004F1100709E0206948B18E
:107F8000384602F053F808B101F0A4F86D1E6DB246
:107F9000002DF3DC84F84460BDE8F04100F0D4BE6D
:107FA0002DE9F04104460025002C11D014F1090FF1
:107FB0000DD8083460070BD004F00700C0F10800AA
:107FC000C1438C4201D8044402E0002400E00024B4
:107FD00001F090F91D4E306808B9FFF705FD002C3F
:107FE0002FDD73689C422CD818491431084600686C
:107FF00001E0014610464268A24202D20268002A0D
:10800000F7D1326890421CD00D68083502680A60CA
:108010004268171B102F05D90219576044600C687D
:1080200014600A604268991A7160B368994200D27C
:10803000B16042F00041416000210160F068401CE5
:10804000F06002F05BF82846BDE8F081C400002033
:1080500003480068002802D0016D491C0165704783
:10806000E000002024384FF08073036221F001010A
:10807000C1610449816142606FF0020140F820193A
:1080800070470000017F020838B5124D6421E86C8A
:1080900001F000FCC0B105F11804E37822786178A2
:1080A000A078F9F75EFFA078009063782278E178F5
:1080B00009A0FDF789F9E86C01B00023BDE8304064
:1080C0001A46194601F04ABABDE838400FA0FDF73C
:1080D0007BB9000010000020416C61726D20746952
:1080E0006D6520736176656420746F20445333326C
:1080F00033313A204461792025642C2025303264C4
:108100003A253032643A253032640A004572726F83
:10811000723A204661696C656420746F2074616BEB
:108120006520493243206D7574657820746F207323
:1081300061766520616C61726D2073657474696E1F
:1081400067732E0A000000007FB5184D6421E86CAB
:1081500001F0A0FB002822D0154CA089618922895A
:10816000E388CDE90210CDE90032A3886288218836
:1081700010A0FDF729F9A27A217AA079FAF7B6F8CA
:10818000237B2279A1782078FAF72EF8E86C04B0E6
:108190000023BDE870401A46194601F0DFB904B06B
:1081A00014A0BDE87040FDF70FB9000010000020DA
:1081B000D0010020536176696E672074696D652077
:1081C00073657474696E67733A20253032642D25A7
:1081D0003032642D2530326420253032643A253027
:1081E00032643A25303264205765656B3A25640A5B
:1081F000000000006661696C6420746F2073617612
:10820000652074696D652073657474696E6700001C
:108210003EB5F8F7ABFD002841D0214C4FF0FF31BF
:10822000E06C01F037FB012839D16A4601A902A8A8
:10823000F9F772F8DDED020ABDEEE00A9FED192AAA
:10824000B8EEC01A70EEC10A60EE820AFDEEE01AC6
:108250009DED011AFDEEC10AF8EEE02A31EE621A38
:1082600021EE021ABDEEC11A0F48C0ED020A80EDE0
:10827000031ADDED000AFCEEE00AC0ED040A80ED11
:10828000000AC0ED011AF8F771FD10B1064800F0C0
:108290000DF800231A461946E06C01F05FF93EBD67
:1082A000100000200000C842E801002038B5044654
:1082B0000625009502231E2142202268FBF7E8FADA
:1082C00006232E221E214E20FBF75AFA0095022388
:1082D0001E2153206268FBF7DBFA17480C2300903D
:1082E0001A461C215F20FBF779FA144800903023CE
:1082F00026220C211420FBF771FA009502230F218E
:108300004220A268FBF7C4FA06232E220F214E203A
:10831000FBF736FA009502230F215320E268FBF7A2
:10832000B7FA062325220F215F20FBF729FABDE8C3
:108330003840FBF795BB000049BB020865BA02084C
:1083400038B504460021062322A20846FBF7C4FAEA
:10835000611E0620082907D2009001232246002131
:108360002020FBF795FA38BDA4F10B01592907D25B
:1083700000900223224600212020FBF789FA38BD15
:10838000A4F1650140F28332914207D200900323A9
:10839000224600212020FBF77BFA38BDA4F2E93108
:1083A00042F22732914207D2009004232246002154
:1083B0002020FBF76DFA38BDA4F51C51074A11398E
:1083C0009142F8D200900523224600212020FBF79D
:1083D0005FFA38BD737465703A0000008F5F01006A
:1083E00038B504460C250095A278022314211020EC
:1083F000FBF74EFA0C233A2214212820FBF7C0F990
:1084000000956278022314213420FBF741FA0C23F3
:108410003A2214214C20FBF7B3F90095227802236D
:1084200014215820FBF734FA06250095E28804232E
:1084300037212846FBF72CFA06232D22372120204E
:10844000FBF79EF900952279022337212820FBF7BC
:108450001FFA06232D2237213620FBF791F90095CC
:10846000E278022337213E20FBF712FA0095227AA8
:10847000012337215520FBF70BFABDE83840FBF705
:10848000EFBA000038B5194CE0780C25642807D9FC
:108490000095E278022314210820FBF7F9F906E0A1
:1084A0000095E278022314211020FBF7F1F90C2348
:1084B0003A2214212820FBF763F900952279022340
:1084C00014213420FBF7E4F90C233A2214214C2028
:1084D000FBF756F900956279022314215820FBF727
:1084E000D7F9BDE83840FBF7BBBA0000BC0100205B
:1084F00010B501210848FAF777FB08498978002967
:1085000008D1012806D1AE20FBF7BEFABDE8104025
:10851000FAF728B910BD00000000024068010020F1
:1085200008B50F4800226946006E01F031F90128B4
:1085300009D19DF80000012806D0022803D1FEF7DA
:1085400007F801F0E1FE08BD9DF8010020B1012807
:10855000F9D1FDF7FDFF08BDFEF73AF908BD0000AF
:108560001000002010B5FEF733FD1E2000F0C4FC03
:10857000FCF710FCFCF758FCFEF73FFEF8F7B1FEE5
:10858000FBF798F81E2000F0B7FCFBF751F81E200F
:1085900000F0B2FC144C01202073F8F741FCFAF70C
:1085A0009BFEFAF777FFF8F70BFBF8F715FAFAF7E7
:1085B000F5FE0120FAF7EAFE00231A461946606C20
:1085C00000F0CCFF142000F097FC207810B1F8F7F1
:1085D000CDFB08B9F8F7CAFBF8F75EFB2070BDE8E1
:1085E0001040002000F0A2BC1000002008B5124886
:1085F00000900023012240F6B83110A001F014FED3
:108600001149C8610120C872F8F7CEFBFBF710FFD3
:10861000FAF7FEFA044644B1142000F06DFCF8F7B6
:10862000FBFB10B92046FEF727FB14220121002096
:1086300000F0B8F9E8E700001960020852696E67B7
:1086400053746F7000000000100000209AB04FF0CB
:108650000008CDF82080002500244FF0FF09CDF858
:108660001C90CDF81880002608A909A8F8F74CFD41
:108670002E4F64220121002000F094F91020F8F719
:1086800085FB01F097FB8246F8F76FFD20B101A84A
:10869000FBF7B0FE75B116E0002DEAD008A909A8D5
:1086A000F8F732FDCDF81880CDF81C900024002595
:1086B0000026DEE708A909A8F8F726FDCDF81880FE
:1086C000CDF81C90012507A8009006AB01AA08A9C7
:1086D00009A8F8F7D5FB00B1012434B92EB1AAEBF3
:1086E0000600B0F5487F00D301240CB1387B38B1C7
:1086F000BCB11421F86C01F0CDF8012804D010E0D1
:10870000322000F0F9FBB4E709A8F8F70EFD0023CA
:108710001A461946F86C00F021FF01F04BFB0646A3
:108720000024322000F0E8FBA3E700001000002046
:108730001CB500200190441E0021224601AB0846D2
:10874000009401F0CBFA0028F6D0F8F70BFB0028D4
:10875000F2D10198C10702D0FDF7FEFCECE78007DB
:10876000002804DAFAF7C0FEFAF7AEFEE4E7E3D039
:10877000FDF7F2FCFAF7B8FEDEE700001CB501F0E9
:1087800019FB0090224CF8F7EDFA30B1642000F0AC
:10879000B3FB01F00FFB0090F5E71421684601F0F0
:1087A00047F90A21206C01F075F80128EBD1E57832
:1087B00000231A461946206C00F0D0FE6DB90A213C
:1087C000E06C01F067F8012807D1FAF701FE0023F9
:1087D0001A461946E06C00F0C1FE002201A9A06E05
:1087E00000F0D6FF0128CED1BDF804000128CAD977
:1087F000216B8842C7D0F8F7B9FA0028C3D0BDF87A
:108800000400FFF79DFDBDF804002063BBE70000F6
:108810001000002008B50124474DA11E686C01F02E
:1088200039F8464EF8F7A2FA38B164226946686D05
:1088300000F0AEFF012804D009E0322000F05CFB1C
:10884000F0E79DF80000012801D19DF80140E8788B
:1088500000286CD1F8F78AFA40B1012C0AD0022C1A
:1088600026D0032C32D0042C61D150E0142000F02B
:1088700043FBD7E76421E86C01F00CF8012856D1DE
:108880002E48F9F74FFC2D48F9F784FC3078A97889
:10889000884206D0A870F8F769FA10B12748FFF7A8
:1088A0009FFD00231A461946E86C00F057FE3EE093
:1088B0000A21286C00F0EEFF40B3FFF7A9FC00236B
:1088C0001A461946286C00F049FE30E00A21286C4F
:1088D00000F0E0FFD0B1FFF723FE0A21E86C00F0C2
:1088E000D9FF01280AD1F8F741FA08B1FFF7CAFD0C
:1088F00000231A461946E86C00F030FE00F020F81C
:1089000000231A461946286C00F028FE0FE00A21C1
:10891000286C00F0BFFF50B1F8F728FA08B1FAF759
:108920007DFA00231A461946286C00F017FE142021
:1089300000F0E2FA76E7000010000020DE010020DF
:1089400030B517498878002829D000238B70088912
:108950004A79104480B28A7990420BD3B0FBF2F48A
:108960000D792C440C71B0FBF2F402FB1400487139
:108970000B8104E048790A89104448710B81087919
:108980003C280CD30A793C20B2FBF0F2CB781A4495
:10899000CA700A79B2FBF0F300FB1320087130BDF6
:1089A000BC0100202DE9F04104460F469046002509
:1089B00000F0A0FC00F0BAF91F4E306800EB840014
:1089C000406D40B931680120214481F85C00B8F164
:1089D000000F00D0012500F0B7F9012D03D10121CE
:1089E0004046FEF73DFE01F089FB012D07D130B96D
:1089F000124928070860BFF34F8FBFF36F8F00F055
:108A000095F9306800EB8400456D002055B127B121
:108A1000316801EB8401486504E03268691E02EBAD
:108A2000840251653168214481F85C0000F08CF9C2
:108A30002846BDE8F0810000E000002004ED00E0E1
:108A40007FB50446F8F792F9002859D02D4D4FF024
:108A5000FF31E86C00F01EFF00284BD008232AA24B
:108A600000212820FAF738FFE87902281ED00121DA
:108A7000244E18363078FDF79CFDE879012817D090
:108A800001217078FDF7C0FDE87998B10121B07837
:108A9000FDF710FEE879032800D001242146F07884
:108AA000FDF75CFDE879032806D00BE02146DFE7FF
:108AB0002146E6E72146EAE7102308220021182094
:108AC000FAF7CAFD134890E80E00C0688DE80E0062
:108AD0000390E97908235DF8212000210846FAF780
:108AE000FBFEE86C04B00023BDE870401A4619464E
:108AF00000F034BD04B008A0BDE87040FCF764BCD1
:108B00007FBD000010000020414C41524D205345D4
:108B10005400000018A302084661696C6564207463
:108B20006F2074616B65206D7574657820666F7257
:108B300020616C61726D20646973706C617920755D
:108B400070646174650A000070B50446F8F70EF9A8
:108B5000002855D02B4D0021E86C00F09BFEE8B3B7
:108B6000A879D0B30121284EB07AFDF7A3FDA879EA
:108B7000012836D00121307AFDF746FDA879022878
:108B800031D00121B079FDF714FDA87903282CD04C
:108B900001213079FDF7E2FCA879042827D00121D2
:108BA000B078FDF75CFDA879052822D00121308836
:108BB00000F5FA6080B2FDF7C0FDA879062800D064
:108BC00001242146307BFDF7A0FDE86CBDE8704034
:108BD00000231A46194600F0C1BC00E00BE0214614
:108BE000C1E72146C7E72146CCE72146D1E7214628
:108BF000D6E72146DBE7BDE8704004A0FCF7E4BB04
:108C000070BD000010000020D00100204661696C9A
:108C1000656420746F2074616B65206D7574657870
:108C200020666F7220646973706C6179207570645E
:108C30006174650A000000000169D0E901329A60A0
:108C4000D0E901235A604A68824201D182684A60B1
:108C5000002202610868401E086070470148806871
:108C600070470000E000002038B50A4C607C002806
:108C70000DD00020607405218DF800108DF80100E2
:108C800000231A466946A06D00F068FC38BD01203B
:108C9000F0E700001000002038B50A4C207C0028C6
:108CA0000DD00020207405218DF800108DF80100F2
:108CB00000231A466946E06D00F050FC38BD0120E3
:108CC000F0E700001000002000F1080141604FF0C3
:108CD000FF328260C16001610021016070470021A4
:108CE0000161704730B50C68621C02D000F10802C7
:108CF00002E0026904E01A4653681D68A542FAD9E9
:108D000053684B6099608A60516008610168491C32
:108D1000016030BD42684A6093688B609368596017
:108D2000916008610168491C01607047502080F320
:108D30001188BFF34F8FBFF36F8F02480168491C42
:108D400001607047B400002004490868401E0860B4
:108D5000002801D180F3118870470000B400002082
:108D600070B500281BD0083804466068002816DA61
:108D70002168002913D120F00040606000F0BAFAA9
:108D8000074D60686968084468602046FEF71AFF6E
:108D90002869401C2861BDE8704001F0AFB970BD82
:108DA000C40000200B480A4941606FF07F42B2FBCB
:108DB000F1F181605E21C1604FF0E020002101618E
:108DC00081610349491E416107210161704700002B
:108DD000A0860100B40000202DE9F0410446324D88
:108DE000A868844200D9044672B6BFF34F8FBFF320
:108DF0006F8FFDF7CDFC30B14FF0E02306271F61E8
:108E0000986918B103E062B6BDE8F08168686A68E5
:108E1000611E02FB010125480668760103D54FF06B
:108E200000760660891AE868814200D9091A5961FA
:108E300000269E61186940F00100186124B1BFF35B
:108E40004F8F30BFBFF36F8F62B6BFF34F8FBFF34B
:108E50006F8F72B6BFF34F8FBFF36F8F1F611869AB
:108E6000C0030DD59869081A6968081A401EEA6897
:108E7000904201D9884200D9481E5861601E09E01D
:108E800098696A685443211AB1FBF2F0441C5443B8
:108E9000611A59619E61072119616968491E59610A
:108EA00000F012FA62B6AFE7B400002004ED00E073
:108EB00070B504460D461646FFF738FF94F9443066
:108EC0004FF000005B1C01D184F8440094F9451078
:108ED000491C01D184F84500FFF736FFA06B28B983
:108EE0003246294604F1240000F00AF92046BDE884
:108EF0007040FFF717B8000010B502460020002AA6
:108F000007D000F0F7F900211046FEF7A9FB01F0A9
:108F1000F5F8002807D104494FF080500860BFF3EE
:108F20004F8FBFF36F8F10BD04ED00E070B50446A6
:108F30000025FFF7FBFE244E04B93468201DFFF71F
:108F40007BFE58B9E06A214A00EB800152F82110FB
:108F500021B901218140306988433061A06A18B18C
:108F600004F11800FFF768FE706A401C70623068F8
:108F7000844201D1012000E00020716949B140B173
:108F8000211D1348FFF7C6FE7068401C7060012564
:108F900004E0B068401EB060FEF776FFFFF7D4FE35
:108FA000012D02D02046FEF7DDFC706900280AD0B2
:108FB0003068844207D107494FF080500860BFF302
:108FC0004F8FBFF36F8F70BDE000002034A40020EE
:108FD00038A5002004ED00E0F0B55023EFF3118434
:108FE00083F31188BFF34F8FBFF36F8F431813F8CC
:108FF0005C5F02261E7000EB81014B6D5B1C4B65B4
:10900000012D1DD12D4D296B0126E1B12C4F796821
:10901000C1618B680362D1F808C000F11803CCF875
:1090200004308B6087623968491C3960C06A2968DE
:10903000C96A884204D902B1166020481C30066013
:1090400084F31188F0BD4169D0E90273BB60D0E9B7
:1090500002377B604F68031D9F4201D1C7684F6094
:10906000002747610F687F1E0F60C16AD5F810C0E6
:1090700006FA01F747EA0C072F61114F01EB810156
:10908000F03F07EB810149688160D1F808C0C0F862
:109090000CC0D1F808C0CCF804308B60C16A01EB79
:1090A000810107EB81014161C16A01EB810157F840
:1090B00021305B1C47F82130B8E70000E0000020B9
:1090C00024A5002002490A6A0260C968416070470D
:1090D000E00000200149012008607047FC000020EA
:1090E00010B50C46054909681831FFF7FBFD20460D
:1090F000BDE810400121FEF7B3BA0000E0000020F7
:10910000F0B403460C4658680D490D68E86185685F
:109110000E6835620D688668183575600D681835FB
:109120008560086883621868401C1860002A01D0B6
:109130004FF0FF342046F0BC1146FEF791BA000014
:10914000E000002070B50446002844D0E06C88425E
:1091500000D30146E06A88423DD0226D012A3AD10F
:10916000E162A269002A02DBC1F10A01A1611A4D84
:1091700000EB8000616905EB800081422BD1201D4E
:10918000FFF75AFD1549012230B994F82C000B69FC
:1091900002FA00F083430B61E06A0B6982401A43D4
:1091A0000A6100EB800005EB80004068A0608168E8
:1091B000E1608268211D51608160E06A00EB8000FF
:1091C00005EB80006061E06A00EB800055F820103C
:1091D000491C45F8201070BD34A40020E000002098
:1091E00070B541F000410160C4680169D0E9013205
:1091F0009A60D0E901235A604A68824201D18268AC
:109200004A60002505610868401E0860FEF73CFEC4
:109210006069D4E902219160D4E902125160426888
:10922000211D8A4201D1E268426065610268521ED6
:109230000260144BE06A01261A6906FA00F515432C
:109240001D61114A00EB800002EB80004068A060C5
:109250008568E560856869608160E06A00EB800090
:1092600002EB8001616152F82010491C42F8201085
:10927000E06A1968C96A884202D903F11C000660D5
:1092800070BD0000E000002034A4002010B5FEF7FF
:1092900011FB012801D100F0E1FF0A4C01280FD198
:1092A000502080F31188BFF34F8FBFF36F8F4FF0C3
:1092B000FF30A062012060610020E06000F0A0F8B3
:1092C000E06A10BDE000002070B50446084DE86873
:1092D0002044A96A884207D1FFF728FDA869401CED
:1092E000A861FFF731FD641EE8682044E86070BDA6
:1092F000E00000200248016B491C01637047000038
:10930000E0000020114A116B02F11C00002902D07C
:10931000012101607047002101601069B0FA80F0FE
:10932000C0F11F000A4900EB800001EB800041689A
:109330004968416000F10803994201D1C168416068
:109340004068C0681060106870470000E0000020AE
:1093500034A4002070B504460E46FFF7E7FC2568EC
:1093600025EA06002060FFF7EFFC284670BD10B527
:109370001C20FEF715FE044624B100202060201DAD
:10938000FFF7A2FC204610BD2DE9F04104468846B7
:109390000025261D06F10807FFF7ACFFF0682168DD
:1093A00041EA0801216020E046680168002201F0DE
:1093B0007F4321F07F415FEA431C06D4D4F800C00C
:1093C0001CEA010F07D0012205E0D4F800C031EA01
:1093D0000C0C00D101223AB1DA0100D50D4321680D
:1093E00041F00071FFF7FCFE3046B842DCD1206846
:1093F000A843206000F082FE2068BDE8F0810000F4
:1094000010B50C48016841F47F010160016841F02A
:109410007F410160FFF7C6FC074900200860F6F7AE
:10942000E9FE0648016841F040410160F6F7CEFED2
:10943000002010BD20ED00E0B400002034EF00E07B
:1094400070B504460D46FFF771FCA06C08B100240E
:1094500005E0A06B08B1002401E0A5640124FFF73A
:1094600073FC204670BD10B502460021012000F0BB
:109470000AF804462046FEF7FDFA204610BD0022F9
:109480000421AFF30080F8B505460E4617460024C8
:10949000002D16D0601EB0FBF5F0B04211D305FBD5
:1094A00006F010F1550F0CD85430FEF779FD044644
:1094B0003CB1224654323B46314628460094FEF7E2
:1094C000E5FA2046F8BD00002DE9F04104460F46BC
:1094D0000125002C3BD0E26BC2B3AE1EB6FBF2F10D
:1094E000206C814233D3FFF721FCD4E90F2021689F
:1094F00002FB0011A1600021A16321686160E06BA3
:109500002268216C401E00FB0121E16084F8446068
:1095100084F8456004F1100047B1FFF7D5FB04F172
:109520002400FFF7D1FBFFF70FFC11E021690029B0
:10953000F9D000F07BFD0028F5D007494FF08050AE
:109540000860BFF34F8FBFF36F8FECE7FFE7002595
:109550002846BDE8F081000004ED00E02DE9FF475A
:1095600082B004468A4698460025A9464FF08056A8
:10957000414FFFF7DBFBA06BE16B884206D3B8F1EC
:10958000020F03D0049880B385B338E0A56B424640
:1095900051462046FEF756F9A16C69B1B8F1020FA9
:1095A00000D1E5B92046FEF773FBC0B13E60BFF3C2
:1095B0004F8FBFF36F8F12E0616A51B104F1240045
:1095C00000F034FD58B13E60BFF34F8FBFF36F8F93
:1095D00005E020B13E60BFF34F8FBFF36F8FFFF701
:1095E000B3FB012006B0BDE8F08700E003E0FFF721
:1095F000ABFB0020F6E76846FFF764FD0125FFF7A7
:10960000A3FBFFF777FEFFF791FB94F94400401CA2
:1096100001D184F8449094F94500401C01D184F8AC
:109620004590FFF791FB04A9684600F0C5F930B1F9
:109630002046FEF777FC00F061FD0020D2E72046CF
:10964000FEF717FB88B104F110000499FFF748FDFD
:109650002046FEF767FC00F051FD002889D13E60EE
:10966000BFF34F8FBFF36F8F83E72046FEF75AFC9F
:1096700000F044FD7DE7000004ED00E02DE9F04737
:109680000446164698465020EFF3118780F3118860
:10969000BFF34F8FBFF36F8FA06BE26B904207D386
:1096A000B8F1020F04D0002087F31188BDE8F087DD
:1096B00094F94550D4F8389042462046FEF7C2F857
:1096C000681C08D0FFF7CAFA854202D26D1C84F8E4
:1096D00045500120E8E7A06C012570B1B8F1020FF8
:1096E00002D1B9F1000FF4D12046FEF7D1FA0028DB
:1096F000EFD0002EEDD03560EBE7606A0028E8D0AF
:1097000004F1240000F092FC0028E2D0002EE0D00A
:109710003560DEE72DE9F04104460E465020EFF3B8
:10972000118780F31188BFF34F8FBFF36F8FA16B49
:10973000E06B884227D994F94550491CA163681C05
:1097400008D0FFF78BFA854202D26D1C84F8455091
:10975000012019E0A06C012540B12046FEF798FADF
:109760000028F5D0002EF3D03560F1E7606A0028BC
:10977000EED004F1240000F059FC0028E8D0002EBF
:10978000E6D03560E4E7002087F31188BDE8F0817A
:109790002DE9F74783B004468A46002600274FF09C
:1097A0008058DFF8D890FFF7C1FAA56BC5B15146D4
:1097B0002046FEF733F86D1EA563206950B104F111
:1097C000100000F033FC28B1C9F80080BFF34F8FC0
:1097D000BFF36F8FFFF7B8FA012006B0BDE8F0873E
:1097E000059808B126B107E0FFF7AEFA0020F4E7CC
:1097F00001A8FFF767FC0126FFF7A6FAFFF77AFD3D
:10980000FFF794FA94F94400401C01D184F84470A5
:1098100094F94500401C01D184F84570FFF794FA93
:1098200005A901A800F0C8F858B12046FEF77AFB58
:1098300000F064FC2046FEF70FFA0028B3D00020A9
:10984000CBE72046FEF708FA90B104F12400059911
:10985000FFF746FC2046FEF765FB00F04FFC0028B2
:10986000A1D1C9F80080BFF34F8FBFF36F8F9AE784
:109870002046FEF757FB00F041FC94E704ED00E0C2
:1098800008B5002300930A466946FFF781FF009858
:1098900008BD00002DE9F34383B004460025A94626
:1098A00000264FF08057DFF80C81FFF73FFAA06BDE
:1098B000C8B1401EA063206810B9FEF7C9FBA060C4
:1098C000206950B104F1100000F0B0FB28B1C8F8D5
:1098D0000070BFF34F8FBFF36F8FFFF735FA012092
:1098E00005B0BDE8F083049808B125B107E0FFF7A3
:1098F0002BFA0020F4E701A8FFF7E4FB0125FFF7AE
:1099000023FAFFF7F7FCFFF711FA94F94400401C23
:1099100001D184F8446094F94500401C01D184F8D9
:109920004560FFF711FA04A901A800F045F8C8B195
:109930002046FEF7F7FA00F0E1FB2046FEF78CF92F
:109940000028B2D0B9F1000F0AD0FFF7EFF9204696
:10995000FEF712F80146A068FFF7F4FBFFF7F4F9F1
:109960000020BDE72046FEF777F9E0B1206838B95E
:10997000FFF7DCF9A06800F0FFFA8146FFF7E4F991
:1099800004F124000499FFF7ABFB2046FEF7CAFA66
:1099900000F0B4FB002888D1C8F80070BFF34F8FE7
:1099A000BFF36F8F81E72046FEF7BCFA00F0A6FBFD
:1099B0007BE7000004ED00E02DE9F04106460D468E
:1099C000FFF7B4F91148C36874681A1B29684F1C63
:1099D0000AD03768D0F820C00020674506D09C42E6
:1099E00004D8012428600CE000240AE0914206D942
:1099F000881A28603046FFF765FB002401E02860E4
:109A00000124FFF7A1F92046BDE8F081E000002025
:109A10007CB5DDE90654CDE90054FDF775FF18B1BA
:109A2000FDF768FE01207CBD4FF0FF307CBD0000DB
:109A300070B503460D460024FFF75CFC1148C26870
:109A400018684119904205D9884208D9914206D92F
:109A5000012404E0884201D8914200D90124196010
:109A60001CB1881A0021FDF7FBFD00F047FB38B957
:109A700005494FF080500860BFF34F8FBFF36F8FE1
:109A8000204670BDE000002004ED00E02DE9F04725
:109A90000446DDF82090884615461F460126FFF74C
:109AA00045F904EB8800B9F1000F02D0416DC9F807
:109AB000001004EB080212F85C1F02231370052F3C
:109AC00013D2DFE807F01203070B0D00426D2A43A3
:109AD00042650AE0426D521C426506E0456504E0BD
:109AE000022901D0456500E00026012941D16069C5
:109AF000D4E902219160D4E9021251604268211D2B
:109B00008A4201D1E2684260002262610268521E0C
:109B100002601A4DE06A01222B6982401A432A61D1
:109B2000174A00EB800002EB80004068A060836869
:109B3000E360836859608160E06A00EB800002EBBB
:109B400080006061E06A00EB800052F82010491C40
:109B500042F82010FEF798F92868E16AC06A884246
:109B600007D208494FF080500860BFF34F8FBFF312
:109B70006F8FFFF7E9F83046BDE8F087E00000207E
:109B800034A4002004ED00E02DE9F041DDE906C732
:109B900001255024EFF3118684F31188BFF34F8F12
:109BA000BFF36F8F00EB8104BCF1000F03D0D4F83A
:109BB0005480CCF8008000EB010C9CF85C104FF056
:109BC00002088CF85C80052B13D2DFE803F0120347
:109BD000070B0D00636D134363650AE0626D521C51
:109BE000626506E0626504E0022901D0626500E07A
:109BF0000025012922D1374B196B012419B3DFF855
:109C0000D8C0DCF80410C1618A680262D1F808800B
:109C100000F11802C8F804208A60C0F828C0DCF8F7
:109C20000010491CCCF80010C06A1968C96A884243
:109C300004D907B13C6027481C30046086F31188C2
:109C40002846BDE8F0814169D0E902C2CCF808207D
:109C5000D0E9022CCCF80420D1F804C0021D9445B0
:109C600003D1D0F80CC0C1F804C04FF0000CC0F80C
:109C700014C0D1F800C0ACF1010CC1F800C0C16A39
:109C8000D3F8108004FA01FC4CEA080CC3F810C0A9
:109C9000DFF844C001EB8101ACF1F00C0CEB810169
:109CA00049688160D1F80880C0F80C80D1F808803C
:109CB000C8F804208A60C16A01EB81010CEB8101C4
:109CC0004161C16A01EB81015CF82120521C4CF812
:109CD0002120A9E7E000002024A500202DE9F0477D
:109CE0000446DDF820A0894690461F460025FFF770
:109CF00001FBFFF71BF8264E3068204490F85C000B
:109D000002280FD0306800EB8400416D21EA090180
:109D1000416531680120214481F85C00BAF1000FEF
:109D200000D00125FFF710F8012D03D10121504685
:109D3000FDF796FC00F0E2F9012D07D130B9154985
:109D400028070860BFF34F8FBFF36F8FFEF7EEFF5A
:109D500027B1306800EB8400406D386030682044E3
:109D600090F85C00022801D0002507E0306800EB85
:109D70008400416D21EA0801416501253168002018
:109D8000214481F85C00FEF7DFFF2846BDE8F0873C
:109D9000E000002004ED00E005484169002903D0FF
:109DA000006B18B1002070470120704702207047F7
:109DB000E00000200148C06870470000E00000207B
:109DC0000148C06870470000E00000202DE9F04124
:109DD0000025444E306B002805D0B069401CB061AE
:109DE0002846BDE8F081F468641CF46044B9706BE7
:109DF000B16B7163B063306A401C3062FEF744F8A7
:109E0000B06A394F84420FD34FF0000C706B00687A
:109E100038B1706BC068C1684868844214D2B062BF
:109E200002E04FF0FF30B0623068C06A00EB8000A3
:109E300057F82000012800D901252A481C30006865
:109E40000028CDD00125CBE74A69D1E902309860DE
:109E5000D1E90203586050680B1D984201D1C868CF
:109E60005060C1F814C01068401E10608A6A9AB130
:109E7000D1E90780C8F80800D1E90708C8F804004C
:109E8000506801F11808404501D1086A5060C1F8D6
:109E900028C01068401E1060C86A0122D6F81080E1
:109EA000824042EA0802326100EB800007EB80004A
:109EB00042688A609068C860906843609360C86A2E
:109EC00000EB800007EB80024A6157F82020521C0B
:109ED00047F82020C86A3168C96A884296D90125A6
:109EE00094E70000E000002034A4002010B50446F0
:109EF0000020002C3BD0216D491E2165E36CE26AF5
:109F00009A4234D0002932D1201DFEF795FE18491F
:109F1000012230B994F82C000B6902FA00F0834357
:109F20000B61E06CE062C0F10A00A061E06A0B69BD
:109F300082401A430A610F4A00EB800002EB800066
:109F40004068A0608168E1608368211D596081607C
:109F5000E06A00EB800002EB80006061E06A00EBE9
:109F6000800052F82010491C42F82010012010BD3A
:109F7000E000002034A4002070B504460020002C2E
:109F800048D0284DE16A2A68D26A914243D2A0693A
:109F9000002804DB2868C06AC0F10A00A061E06AFA
:109FA000214E00EB8000616906EB800081422DD1DB
:109FB000201DFEF741FE012130B994F82C002A69DA
:109FC00001FA00F082432A612868C06AE0622A69C7
:109FD00081401143296100EB800006EB800040685E
:109FE000A0608168E1608268211D51608160E06A43
:109FF00000EB800006EB80006061E06A00EB80000F
:10A0000056F82010491C46F8201002E02868C06A63
:10A01000E062012070BDE16C2A68D26A9142F9D2F7
:10A02000012070BDE000002034A4002070B5C0689D
:10A03000C468A06AD4E907219160D4E9071251608D
:10A04000426804F118018A4201D1226A426000226A
:10A05000A26203685B1E0360264D286B0126A8B12F
:10A06000254A5068E0618368236283685960816093
:10A07000A2621068401C1060E06A2968C96A8842C0
:10A0800036D901201B491C310E6070BD6069D4E9CE
:10A0900002319960D4E9021359604368211D8B4253
:10A0A00001D1E368436062610268521E0260E06AA7
:10A0B0002B6906FA00F21A432A610F4A00EB80006E
:10A0C000F03A02EB80004068A0608368E360836838
:10A0D00059608160E06A00EB800002EB8001616101
:10A0E00052F82010491C42F82010FDF7CDFEC3E7BE
:10A0F000002070BDE000002024A500202DE9F047DD
:10A100000024A246FEF712FE0025444F386B401E85
:10A110003863386B00287BD1B868002878D0A14616
:10A120003F4A4FF0010807F11C0651E0D068C468AF
:10A13000A16AD4E907309860D4E9070358604B68F6
:10A1400004F11800834201D1206A4860C4F82890C5
:10A150000868401E08606069D4E902319960D4E95A
:10A16000021359604368211D8B4201D1E3684360AB
:10A17000C4F8149003685B1E0360E06AD7F810C04F
:10A1800008FA00F343EA0C033B61254B00EB800027
:10A19000F03B03EB80004068A060D0F808C0C4F832
:10A1A0000CC0D0F808C0CCF804108160E06A00EB65
:10A1B000800003EB8001616153F82010491C43F8D3
:10A1C0002010E06A3968C96A884201D946F82580BA
:10A1D00010680028AAD10CB1FDF756FEBC694CB13D
:10A1E000FFF7F4FD08B146F82580641E002CF7D176
:10A1F000C7F8189056F8250050B14FF0010A38689A
:10A2000008494FF080500860BFF34F8FBFF36F8F46
:10A21000FEF79AFD5046BDE8F0870000E000002000
:10A2200024A5002004ED00E02DE9FC4706460A9D28
:10A230000F46904699462C20FDF7B2FE044654B1D5
:10A24000002084F82800CDE900544B4642463946A8
:10A250003046FDF76EFC2046BDE8FC871CB50024A7
:10A26000FDF79EFA0848006860B107480921001D03
:10A27000CDE9001000234FF4807204A10548FFF7D8
:10A28000C7FB044620461CBD20010020546D7220EF
:10A2900053766300117F0208FEB505461E46002076
:10A2A000074C2468002C0AD00091019202950629DF
:10A2B00005DB0023324669462046FFF7DFF9FEBD85
:10A2C00020010020FEB50346089D00200D4C2668A5
:10A2D000002E0ED0009101920293062909DAFFF7B1
:10A2E0005BFD022806D000231A4669462068FFF766
:10A2F00035F9FEBD00232A4669462068FFF72EF98E
:10A30000FEBD00002001002002480021C170017143
:10A3100041717047BC01002080BB020884BB020869
:10A3200088BB020890BB020800000000000000008B
:10A330000000000000000000000000F80000000025
:10A34000000000333000000000160E00160E000062
:10A35000000000000000000040C07840C0784000CD
:10A36000043F04043F040400007088FC083000002F
:10A37000001820FF211E0000F008F000E018000087
:10A3800000211C031E211E0000F008887000000040
:10A390001E21232419272110000000160E000000A2
:10A3A0000000000000000000000000E018040200AF
:10A3B000000000071820400000020418E000000020
:10A3C0000040201807000000404080F0804040001E
:10A3D0000202010F01020200000000F00000000074
:10A3E0000101011F01010100000000000000000048
:10A3F00000B070000000000000000000000000003D
:10A400000001010101010101000000000000000045
:10A4100000303000000000000000000080601804E0
:10A42000006018060100000000E010080810E000BD
:10A43000000F102020100F00001010F80000000086
:10A440000020203F202000000070080808887000CD
:10A45000003028242221300000300888884830004D
:10A460000018202020110E000000C02010F800006D
:10A4700000070424243F240000F808888808080006
:10A480000019212020110E0000E01088881800001B
:10A49000000F112020110E0000380808C8380800ED
:10A4A0000000003F0000000000708808088870006D
:10A4B000001C222121221C0000E010080810E000EE
:10A4C0000000312222110F00000000C0C000000077
:10A4D0000000003030000000000000C0C00000009C
:10A4E000000080B0700000000000804020100800D4
:10A4F000000102040810200040404040404040005D
:10A500000404040404040400000810204080000037
:10A510000020100804020100007048080808F0003C
:10A520000000003036010000C030C828E810E0000C
:10A530000718272423140B000000C038E000000097
:10A54000203C23020227382008F888888870000001
:10A55000203F202020110E00C030080808083800D5
:10A56000071820202010080008F808080810E0004C
:10A57000203F202020100F0008F88888E8081000ED
:10A58000203F20202320180008F88888E8081000C1
:10A59000203F200003000000C030080808380000F9
:10A5A00007182020221E020008F808000008F808FA
:10A5B000203F210101213F20000808F80808000081
:10A5C0000020203F2020000000000808F8080800B4
:10A5D000C08080807F00000008F888C0281808002C
:10A5E000203F20012638200008F808000000000065
:10A5F000203F20202020300008F8F800F8F808005C
:10A60000203F003F003F200008F830C00008F80855
:10A61000203F200007183F00E01008080810E00065
:10A620000F10202020100F0008F808080808F0007C
:10A63000203F210101010000E01008080810E0009F
:10A640000F18242438504F0008F888888888700034
:10A65000203F2000030C30200070880808083800D4
:10A660000038202121221C00180808F808081800CA
:10A670000000203F2000000008F808000008F8084B
:10A68000001F202020201F000878880000C83808FC
:10A69000000007380E010000F80800F80008F80074
:10A6A000033C0700073C030008186880806818080E
:10A6B00020302C03032C30200838C800C83808008C
:10A6C0000000203F2000000010080808C8380800DB
:10A6D0002038262120201800000000FE020202007F
:10A6E0000000007F40404000000C30C0000000002F
:10A6F000000000010638C00000020202FE00000057
:10A70000004040407F000000002010080408102096
:10A710000000000000000000000000000000000039
:10A72000808080808080808000020408000000001B
:10A730000000000000000000000080808080000019
:10A740000019242222223F2008F800808000000007
:10A75000003F112020110E000000008080800000CA
:10A76000000E112020201100000000808088F800D9
:10A77000000E112020103F2000008080808000000B
:10A78000001F222222221300008080F0888888186F
:10A790000020203F2020000000008080808080007A
:10A7A000006B94949493600008F80080808000000F
:10A7B000203F210000203F200080989800000000EA
:10A7C0000020203F2020000000000080989800001A
:10A7D00000C08080807F000008F80000808080003A
:10A7E000203F24022D302000000808F8000000005F
:10A7F0000020203F2020000080808080808080001A
:10A80000203F20003F20003F00808000808000002B
:10A8100000203F2100203F20000080808080000039
:10A82000001F202020201F0080800080800000006A
:10A8300080FFA12020110E00000000808080800099
:10A84000000E112020A0FF8080808000808080008A
:10A8500020203F21200001000000808080808000B7
:10A860000033242424241900008080E0808000002C
:10A870000000001F20200000808000000080800079
:10A88000001F202020103F208080800000808080DA
:10A8900000010E300806010080800080008080806A
:10A8A0000F300C030C300F0000808000808080008F
:10A8B0000020312E0E3120008080800000808080BA
:10A8C00080818E701806010000808080808080006A
:10A8D0000021302C2221300000000000807C020288
:10A8E00000000000003F404000000000FF000000AA
:10A8F00000000000FF0000000002027C8000000059
:10A900000040403F00000000008040408000008088
:10A910000000000000010100000000000000000035
:10A920000000000000000000000000000000000027
:10A930000000000000000000000000000000000017
:10A9400000F0F0F0000000000000000000017F01B6
:10A950000000000000000000001C1C1C00000000A3
:10A9600000008060301C8C60301C0C000000000077
:10A9700000000000000000000000000000000000D7
:10A9800000000000000000E00000000000E0000007
:10A990000086E69F86868686E69F860000011F0168
:10A9A000010101011F010100000080C06020F820AA
:10A9B000E0C00000000003070C18FF70E1810000F8
:10A9C0000000070F10107F100F070000806020604C
:10A9D00080000000E02000000F3020309F70DC3746
:10A9E0001030C0000000100E0300071810180700F8
:10A9F0000000C02020E0C0000000000080E01F3800
:10AA0000E88703C43C040000070F1810100B070D63
:10AA10001010080000808C4C38000000000000007E
:10AA20000000000000000000000000000000000026
:10AA3000000000000000000000000000000080E0B6
:10AA4000300804000000000000FEFF0100000000CC
:10AA5000000000000000030F182040000004083030
:10AA6000E0800000000000000000000001FFFE0088
:10AA700000000000004020180F030000000000004C
:10AA8000000000000000C0000000000000426666F8
:10AA90003C18FF183C6666420000000000000300FE
:10AAA0000000000000000000000080000000000026
:10AAB000001010101010FF101010101000000000F7
:10AAC0000000030000000000000000000000000083
:10AAD0000000000000000000000000000000000076
:10AAE00000808C4C380000000000000000000000D6
:10AAF00000000000000000000010101010101010E6
:10AB00001010100000000000000000000000000015
:10AB10000000000000000000000000000000000035
:10AB2000000000000000000000001C1C1C000000D1
:10AB3000000000000000000000000000E0380C00F1
:10AB40000000000080701C03000000000060380E50
:10AB50000100000000000000000080C060202060B4
:10AB6000C080000000FEFF010000000001FFFE00A9
:10AB70000001070E181010180E0701000000808059
:10AB800080C0E000000000000000000000FFFF00A7
:10AB90000000000000001010101F1F101010000017
:10ABA0000080402020202060C080000000030300BF
:10ABB000804020381F070000001C1A1918181818A8
:10ABC000181F00000080C020202060C0800000000E
:10ABD000000303001010182FE780000000070F107B
:10ABE000101010180F070000000000000000C0E067
:10ABF000F000000000C0B088868180FFFF808000E8
:10AC0000000000000010101F1F1010000000E06086
:10AC1000606060606060000000003F100808081875
:10AC2000F0E0000000070B101010101C0F030000D4
:10AC3000000080C040202020E0C0000000FCFF2178
:10AC40001008080818F0E0000001070C1810101098
:10AC5000080F03000000C0E06060606060E060001A
:10AC6000000003000000E0180700000000000000E2
:10AC7000001F1F00000000000080C0602020202076
:10AC800060C080000087EF2C1818303068CF830038
:10AC900000070F0810101010180F07000000C0C0A8
:10ACA00020202020C0800000001F3F604040402046
:10ACB00010FFFE0000000C1C101010080F03000015
:10ACC0000000000000000000000000000000000084
:10ACD000000E0E0E0000000000000000001C1C1CF6
:10ACE0000000000000000000000000000000000064
:10ACF00000000000000C0C0000000000000000003C
:10AD00000058380000000000000000000000008033
:10AD100040201000000010284482010000000000C4
:10AD20000000000000000102040810000000000004
:10AD30000000000000000000008484848484848477
:10AD40008484840000000000000000000000000077
:10AD50000000102040800000000000000000000003
:10AD600000000182442810000000100804020100C5
:10AD70000000000000C020201010101030E0C000C3
:10AD80000003030000F010080C070300000000009F
:10AD90001C1C1C0000000000000000C040602020BF
:10ADA0002040C00000FCFF01F00E03C1FE03807FC5
:10ADB0000001070E08111110110904020000000023
:10ADC00080E0E000000000000000807C4340477FFE
:10ADD000F880000010181F1000000000131F1C1046
:10ADE00020E0E02020202060C080000000FFFF1055
:10ADF000101010182FE78000101F1F1010101010D7
:10AE0000180F0700000080C0402020202060E000D4
:10AE100000FCFF0100000000000001000001070E1F
:10AE2000181010100804030020E0E020202020402B
:10AE3000C080000000FFFF000000000001FFFE00D6
:10AE4000101F1F10101018080E07010020E0E0204E
:10AE5000202020202060800000FFFF101010107CB8
:10AE600000000000101F1F10101010101018060016
:10AE700020E0E020202020206060800000FFFF1004
:10AE80001010107C00000100101F1F1000000000B7
:10AE900000000000000080C06020202040E0000092
:10AEA00000FCFF0100004040C0C140400001070E0F
:10AEB000181010100F0F000020E0E020000000002C
:10AEC00020E0E02000FFFF101010101010FFFF0026
:10AED000101F1F1000000000101F1F100000202076
:10AEE00020E0E020202000000000000000FFFF0024
:10AEF0000000000000001010101F1F1010100000B4
:10AF000000000000202020E0E020202000000000C1
:10AF1000000000FFFF0000000060E0808080C07F34
:10AF20003F00000020E0E020000020A06020200082
:10AF300000FFFF30187CE3C000000000101F1F104E
:10AF4000000001131F1C181020E0E020000000008A
:10AF50000000000000FFFF000000000000000000F3
:10AF6000101F1F10101010101018060020E0E0E055
:10AF700000000000E0E0E02000FF013FFEC0E01E16
:10AF800001FFFF00101F1000031F0300101F1F1000
:10AF900020E0E0C0000000000020E02000FF0003EF
:10AFA000071C78E08000FF00101F10000000000068
:10AFB000030F1F00000080C060202060C0800000E0
:10AFC00000FEFF010000000000FFFE000001070E70
:10AFD000181010180C07010020E0E020202020208D
:10AFE00060C0800000FFFF2020202020301F0F00C5
:10AFF000101F1F100000000000000000000080C0B3
:10B0000060202060C080000000FEFF010000000002
:10B0100000FFFE000001070E1111133C7C672100A8
:10B0200020E0E0202020202060C0800000FFFF10F2
:10B030001030F0D0080F0700101F1F100000000391
:10B040000F1C10100080C060202020204040E00035
:10B0500000070F0C1818303060E08100001F0C084A
:10B0600010101010180F07008060202020E0E02052
:10B07000202060800100000000FFFF0000000001B0
:10B0800000000000101F1F100000000020E0E02062
:10B09000000000000020E02000FFFF000000000092
:10B0A0000000FF0000070F18101010101008070014
:10B0B0002060E0E02000000020E060200000077F2A
:10B0C000F88000807C03000000000000071F1C07C0
:10B0D0000000000020E0E02000E0E0200020E02070
:10B0E0000007FFF8E01FFFFCE01F00000000031F47
:10B0F0000300011F03000000002060E0A00000200A
:10B10000E0602000000000038F7CF8C60100000012
:10B110000010181E130001171F1810002060E0E037
:10B120002000000020E06020000001073EF8E01849
:10B130000700000000000010101F1F10100000008A
:10B1400000806020202020A0E0E02000000000001F
:10B15000C0F03E0F0300000000101C1F171010105D
:10B16000101806000000000000FC040404040400A1
:10B170000000000000FF00000000000000000000D0
:10B18000007F404040404000000010E00000000010
:10B190000000000000000000031C608000000000B0
:10B1A00000000000000000030C7080000000040498
:10B1B000040404FC0000000000000000000000FF88
:10B1C00000000000000040404040407F00000000C0
:10B1D00000000010080C040C081000000000000023
:10B1E000000000000000000000000000000000005F
:10B1F000000000000000000000000000000000004F
:10B20000000000000000000000000000808080803E
:10B210008080808080808080000000040408080016
:10B22000000000000000000000000000000000001E
:10B23000000000000000000000000000000000000E
:10B240000000000000000000000098D8446424249E
:10B25000FCF80000000F1F18101010081F1F101816
:10B260000020E0F000000000000000000000FFFFF0
:10B27000180804040CF8F00000001F0F181010103C
:10B28000180F030000000000000000000000000094
:10B2900000E0F8180404043C3800000000030F0C20
:10B2A0001010101008060000000000000000002030
:10B2B000E0F0000000E0F81C04040408FFFF0000B8
:10B2C00000030F18101010081F0F080000000000E6
:10B2D00000000000000000000000E0F84844444482
:10B2E0004C7870000000030F0C18101010080400B8
:10B2F0000000000080C0602020E0C00000040404C2
:10B30000FFFF040404040000000010101F1F1010B1
:10B31000100000000000000000000000000000001D
:10B32000000070F88C04048CF874040C007076CF64
:10B330008D8D8D89C87870000020E0F0000000003D
:10B34000000000000000FFFF08040404FCF80000F7
:10B3500000101F1F100000101F1F10000000000031
:10B3600000606000000000000000040404FCFC0019
:10B370000000000000001010101F1F10101000002F
:10B3800000000000000000606000000000000000FD
:10B39000040404FCFC0000000000C0C08080C07FEA
:10B3A0003F0000000020E0F000000000000000006E
:10B3B0000000FFFF80C0F41C0404000000101F1FE9
:10B3C0001100031F1C1010000000202020E0F000DE
:10B3D000000000000000000000FFFF00000000006F
:10B3E00000001010101F1F101010000000000000BF
:10B3F000000000000000000004FCFC0804FCFC0845
:10B4000004FCFC00101F1F10001F1F10001F1F1046
:10B410000000000000000000000000000004FCFC30
:10B4200008080404FCF8000000101F1F10000010A2
:10B430001F1F1000000000000000000000000000BE
:10B4400000E0F0180C04040C18F0E00000030F0CEE
:10B45000101010100C0F030000000000000000008E
:10B46000000000000004FCFC080404040CF8F000D8
:10B470000080FFFF889010101C0F030000000000E8
:10B48000000000000000000000E0F81C04040408B4
:10B49000F8FC000000030F1810109088FFFF8000D8
:10B4A000000000000000000000000000040404FC94
:10B4B000FC100804040C0C001010101F1F101010BA
:10B4C000000000000000000000000000000000007C
:10B4D00000003078CCC48484840C1C0000001E184A
:10B4E00010101011190F06000000000000C000002D
:10B4F0000000000000040404FFFF04040400000036
:10B50000000000000F1F1010100C000000000000D1
:10B5100000000000000000000004FCFE0000000429
:10B52000FCFE000000000F1F181010081F0F08007D
:10B5300000000000000000000000000000040C3CBF
:10B54000FCC40000C43C0C0400000000010F1E0EEF
:10B5500001000000000000000000000000000000EA
:10B56000043CFCC400E47CFC84807C040000071FD5
:10B57000070000071F070000000000000000000097
:10B58000000000000004041C7CE4C0341C0404001F
:10B590000010101C1601131F1C18100000000000E2
:10B5A000000000000000000000040C3CFCC400C4CB
:10B5B0003C0404000000C080C1370E010000000000
:10B5C00000000000000000000000000000001C045B
:10B5D00004C4F47C1C0400000000101C1F17111090
:10B5E00010180E0000000000000000F80C0400001D
:10B5F00000000000001028EF000000000000000024
:10B600000000003F60400000000000000000FF005C
:10B6100000000000000000000000FF00000000002B
:10B62000000000000000FF00000000000000040C0B
:10B63000F80000000000000000000000EF281000EB
:10B6400000000000000040603F000000000000001B
:10B650000018060202040810202030080000000034
:10B6600000000000000000000000000000000000DA
:10B67000000000000000000000000000002F00009B
:10B6800000000700070000147F147F1400242A7FA5
:10B690002A12002313086462003649552250000024
:10B6A0000007000000001C224100000041221C0095
:10B6B0000014083E08140008083E0808000000A016
:10B6C0006000000808080808000060600000002012
:10B6D00010080402003E5149453E0000427F4000F0
:10B6E000004261514946002141454B310018141276
:10B6F0007F10002745454539003C4A494930000143
:10B700007109050300364949493600064949291E91
:10B7100000003636000000005636000000081422F3
:10B7200041000014141414140000412214080002F3
:10B7300001510906003E4955592E007C1211127C18
:10B74000007F49494936003E41414122007F414145
:10B75000221C007F49494941007F09090901003E37
:10B760004149497A007F0808087F0000417F410075
:10B77000002040413F01007F08142241007F4040EB
:10B780004040007F020C027F007F0408107F003ED3
:10B790004141413E007F09090906003E4151215EB9
:10B7A000007F091929460046494949310001017FB6
:10B7B0000101003F4040403F001F2040201F003F4C
:10B7C0004038403F006314081463000708700807FE
:10B7D00000615149454300007F41410000020408D7
:10B7E0001020000041417F000004020102040040DB
:10B7F00040404040000001020400002054545478AE
:10B80000007F4844443800384444442000384444CD
:10B81000487F00385454541800087E09010200186B
:10B82000A4A4A47C007F080404780000447D4000A8
:10B83000004080847D00007F102844000000417F8C
:10B840004000007C04180478007C08040478003868
:10B850004444443800FC242424180018242418FCF0
:10B86000007C0804040800485454542000043F4459
:10B870004020003C4040207C001C2040201C003C1C
:10B880004030403C004428102844001CA0A0A07C6C
:10B89000004464544C440000087F41000000007FD5
:10B8A00000000000417F0800000804081008EFBCF9
:10B8B0008C000000000000000000000000000000FC
:10B8C00000000000005838000000000000000000E8
:10B8D000000000E380820000000000000000000083
:10B8E00000000000000000000000182424180000E0
:10B8F0000000000000000000E4BDA0000000806027
:10B90000F8074020180F08C8080828180001000090
:10B91000FF00100C0340807F0001061800E5A5BD64
:10B9200000001010F01F10F000808282E2928A86E0
:10B930008000402215081661000040807F00000052
:10B940000000E4B8960000202020FE2020FF2020E8
:10B9500020FF20202020000000007F40404744447A
:10B9600044474040400000E7958C0000000000FE86
:10B97000929292FE929292FE0000000008080484C7
:10B98000621E010001FE020404080800E5BF8300F6
:10B99000000000800000E002041800000040800069
:10B9A00000100C0300003F40404040407800010E72
:10B9B00000E78E8700000014A4442434AD6624946C
:10B9C0000444A414000008090808090909FD09092C
:10B9D0000B0808090800E8A18000000000F808082A
:10B9E000F80C0B08F80808F800000040407F4040C1
:10B9F0007F4040407F40407F404000E6B0A70000CD
:10BA00000824236AAA2AAA6A2A2A2AEA0202000029
:10BA10001011151515FF15151511100F3040F800F0
:10BA20000000000000FF01010131090909098971C5
:10BA300001010101FFFF80808080808096818080ED
:10BA400080808080FFF808E8E8E8E8E8E8E8E8E8CF
:10BA5000E808F820E01F1017171717171717171700
:10BA600017101F04070000000000000000C0E08065
:10BA70000000000080E03018181808181830E0C0E6
:10BA800000000000000000000000000000000000B6
:10BA900000000103030300000000FFFF0000C0F0EE
:10BAA000F0E00000FFFF00000000000000000000C8
:10BAB000000080E0F8F8F0C0000000000000000086
:10BAC000FFFF0000FFFFFFFF0000FFFF000000007E
:10BAD0000000000000000000000303030301000059
:10BAE0000080E030180C0F078080FFFFFFFF808090
:10BAF000070F0C1830E0C00000000000000000003C
:10BB00000000000000000C7FE0800000001E3F7F6E
:10BB10007F7F7F7F7F3F1E00000080C07F0F00007F
:10BB20000000000000000000000000000000000312
:10BB300006060C0C08181818181818180C0C06070C
:10BB4000030100000000000000000E0A0E00F804CF
:10BB50000202020400000000000000010202021CB8
:10BB6000FEF77B1FEECE86C6EE7E3F7BF7FE1C0007
:10BB7000C7EF7E38707163617070387EEFC7000068
:10BB8000534543004D494E00484F555200000000B8
:10BB900044415900B4BB020800000020D00100005D
:10BBA0009C090208E0BB0208D0010020B8B40000E4
:10BBB000E8560208510F11010203040102030406B2
:10BBC00007080900010292010555AAAAAAAA02546F
:10BBD000090616E8A500201E07518046333383412D
:020000040801F1
:10000000315754420100000001005AA5E0BB000036
:10001000A63C6CE60903000000000000FFFFFFFFA4
:10002000FFFFFFFFFFFFFFFFFFFFFFFFFFFFFFFFE0
:10003000FFFFFFFFFFFFFFFFFFFFFFFFFFFFFFFFD0
:00000001FF
